Customer_ID,Frequency,Monetary,Recency,R_Score,F_Score,M_Score,RFM_Score,Segment
CUST-000001,1,12.97996083264189,117,4,1,1,2.0,Other
CUST-000002,3,446.43182902459824,111,4,5,5,4.666666666666667,Champions
CUST-000003,2,305.1153514056084,245,3,4,5,4.0,Potential Loyalists
CUST-000004,1,238.69778875971383,474,2,1,5,2.6666666666666665,At-Risk
CUST-000005,2,75.43498914021497,216,4,4,3,3.6666666666666665,Potential Loyalists
CUST-000006,2,23.205708518927295,235,3,4,2,3.0,Other
CUST-000007,2,38.07974435345544,188,4,4,2,3.3333333333333335,Other
CUST-000008,2,207.08708843442236,157,4,4,5,4.333333333333333,Champions
CUST-000010,4,528.5664348742182,512,2,5,5,4.0,Other
CUST-000011,1,38.93236519426154,185,4,1,2,2.3333333333333335,Other
CUST-000012,3,249.67572075333254,57,5,5,5,5.0,Champions
CUST-000013,1,32.15855334114375,280,3,1,2,2.0,Other
CUST-000014,2,48.069378009854255,140,4,4,3,3.6666666666666665,Potential Loyalists
CUST-000015,1,11.515400320583293,391,2,1,1,1.3333333333333333,At-Risk
CUST-000016,1,7.099933313875045,482,2,1,1,1.3333333333333333,At-Risk
CUST-000017,3,645.6856056376974,246,3,5,5,4.333333333333333,Potential Loyalists
CUST-000018,1,6.811933131992777,686,1,1,1,1.0,Lost
CUST-000019,3,206.60723992456116,212,4,5,5,4.666666666666667,Champions
CUST-000020,1,33.924860670117916,302,3,1,2,2.0,Other
CUST-000021,1,14.578193405516766,336,3,1,1,1.6666666666666667,Other
CUST-000022,2,101.1560465936455,25,5,4,4,4.333333333333333,Champions
CUST-000023,2,204.26568545749228,570,1,4,5,3.3333333333333335,Other
CUST-000024,1,445.89792791210215,251,3,1,5,3.0,Other
CUST-000025,2,266.8731926679808,116,4,4,5,4.333333333333333,Champions
CUST-000026,2,138.50317133354432,465,2,4,4,3.3333333333333335,Other
CUST-000027,1,20.018121322288053,511,2,1,2,1.6666666666666667,At-Risk
CUST-000028,1,98.40882722138336,593,1,1,4,2.0,At-Risk
CUST-000029,1,40.798959610701544,212,4,1,2,2.3333333333333335,Other
CUST-000030,1,38.96364987599154,390,2,1,2,1.6666666666666667,At-Risk
CUST-000031,1,12.755180365072874,405,2,1,1,1.3333333333333333,At-Risk
CUST-000032,1,20.359011215123488,273,3,1,2,2.0,Other
CUST-000033,1,9.995364998623694,667,1,1,1,1.0,Lost
CUST-000034,1,62.71139284023193,273,3,1,3,2.3333333333333335,Other
CUST-000035,1,236.82101816356885,170,4,1,5,3.3333333333333335,Other
CUST-000036,1,93.40907794099982,363,2,1,4,2.3333333333333335,At-Risk
CUST-000037,1,57.162893679064375,589,1,1,3,1.6666666666666667,At-Risk
CUST-000039,3,156.08193477005256,2,5,5,4,4.666666666666667,Champions
CUST-000040,1,38.142564496964205,507,2,1,2,1.6666666666666667,At-Risk
CUST-000041,2,197.32431632690322,7,5,4,5,4.666666666666667,Champions
CUST-000042,1,98.03467286210594,608,1,1,4,2.0,At-Risk
CUST-000043,1,47.57347110429687,698,1,1,3,1.6666666666666667,At-Risk
CUST-000044,1,112.77177469030968,159,4,1,4,3.0,Other
CUST-000045,2,107.31254257780643,235,3,4,4,3.6666666666666665,Potential Loyalists
CUST-000046,1,334.27267896711186,139,4,1,5,3.3333333333333335,Other
CUST-000047,1,7.872778858150962,139,4,1,1,2.0,Other
CUST-000049,1,11.739438376396343,171,4,1,1,2.0,Other
CUST-000050,2,31.73483921001497,604,1,4,2,2.3333333333333335,Other
CUST-000051,1,3.6979796914887766,571,1,1,1,1.0,Lost
CUST-000052,1,12.70461398584962,582,1,1,1,1.0,Lost
CUST-000053,2,56.4588696481862,193,4,4,3,3.6666666666666665,Potential Loyalists
CUST-000054,2,683.2086834225107,413,2,4,5,3.6666666666666665,Other
CUST-000055,2,87.16171159325731,202,4,4,4,4.0,Champions
CUST-000056,2,98.38551572982176,331,3,4,4,3.6666666666666665,Potential Loyalists
CUST-000057,1,80.83326140636446,431,2,1,4,2.3333333333333335,At-Risk
CUST-000058,1,109.5438871623136,12,5,1,4,3.3333333333333335,Other
CUST-000059,1,4.860564208704249,240,3,1,1,1.6666666666666667,Other
CUST-000060,1,88.3488333055054,480,2,1,4,2.3333333333333335,At-Risk
CUST-000061,3,63.78686995275852,67,5,5,3,4.333333333333333,Potential Loyalists
CUST-000062,1,5.206453189150208,297,3,1,1,1.6666666666666667,Other
CUST-000063,2,82.3054897514745,366,2,4,4,3.3333333333333335,Other
CUST-000064,1,184.64677474115865,151,4,1,5,3.3333333333333335,Other
CUST-000065,1,131.94127103955603,720,1,1,4,2.0,At-Risk
CUST-000066,1,11.142752817398826,415,2,1,1,1.3333333333333333,At-Risk
CUST-000067,1,33.7249107477343,197,4,1,2,2.3333333333333335,Other
CUST-000068,2,14720.672728962347,181,4,4,5,4.333333333333333,Champions
CUST-000069,1,5141.90256495795,660,1,1,5,2.3333333333333335,At-Risk
CUST-000070,1,187.01486816957615,672,1,1,5,2.3333333333333335,At-Risk
CUST-000071,1,30.97096200390349,230,3,1,2,2.0,Other
CUST-000072,2,116.35279423505409,146,4,4,4,4.0,Champions
CUST-000073,2,183.26229928047695,115,4,4,5,4.333333333333333,Champions
CUST-000074,1,10.431330697144924,521,1,1,1,1.0,Lost
CUST-000075,2,489.55263979795745,172,4,4,5,4.333333333333333,Champions
CUST-000076,2,65.6836385604691,478,2,4,3,3.0,Other
CUST-000077,1,115.374831367864,51,5,1,4,3.3333333333333335,Other
CUST-000078,2,13.514163912727213,548,1,4,1,2.0,Other
CUST-000079,2,119.36105169941438,77,5,4,4,4.333333333333333,Champions
CUST-000080,1,24.08539018501051,610,1,1,2,1.3333333333333333,At-Risk
CUST-000081,1,180.6461187301883,455,2,1,5,2.6666666666666665,At-Risk
CUST-000082,1,47.238824250789015,69,5,1,3,3.0,Other
CUST-000083,2,22.11758163229015,687,1,4,2,2.3333333333333335,Other
CUST-000084,1,35.944802417129914,284,3,1,2,2.0,Other
CUST-000085,1,10.670156054804592,362,2,1,1,1.3333333333333333,At-Risk
CUST-000087,2,38.72399867508941,555,1,4,2,2.3333333333333335,Other
CUST-000088,1,32.184420321575146,260,3,1,2,2.0,Other
CUST-000090,3,51.48336084245906,192,4,5,3,4.0,Potential Loyalists
CUST-000091,2,6567.154640887675,630,1,4,5,3.3333333333333335,Other
CUST-000092,1,33.80887801642183,647,1,1,2,1.3333333333333333,At-Risk
CUST-000093,1,356.07940205353174,289,3,1,5,3.0,Other
CUST-000095,2,92.05023881355726,488,2,4,4,3.3333333333333335,Other
CUST-000096,1,13.8591497958166,486,2,1,1,1.3333333333333333,At-Risk
CUST-000097,1,254.08987411475113,641,1,1,5,2.3333333333333335,At-Risk
CUST-000098,2,46.81112513343799,73,5,4,3,4.0,Potential Loyalists
CUST-000099,2,36.74024814802992,188,4,4,2,3.3333333333333335,Other
CUST-000100,1,75.93043921785869,309,3,1,3,2.3333333333333335,Other
CUST-000101,1,6.618596262587785,39,5,1,1,2.3333333333333335,Other
CUST-000102,1,39.56917209928898,428,2,1,2,1.6666666666666667,At-Risk
CUST-000103,1,13313.483728419078,485,2,1,5,2.6666666666666665,At-Risk
CUST-000104,1,77.04086080372562,412,2,1,3,2.0,At-Risk
CUST-000105,1,33.641785443373955,331,3,1,2,2.0,Other
CUST-000106,3,197.01153240157677,380,2,5,5,4.0,Other
CUST-000107,1,22.275936715175483,724,1,1,2,1.3333333333333333,At-Risk
CUST-000108,1,11.96551951199319,408,2,1,1,1.3333333333333333,At-Risk
CUST-000109,1,17.035656464530913,567,1,1,1,1.0,Lost
CUST-000110,1,42.77568321051693,96,5,1,3,3.0,Other
CUST-000111,1,62.49892515070519,542,1,1,3,1.6666666666666667,At-Risk
CUST-000112,1,131.90902015571965,71,5,1,4,3.3333333333333335,Other
CUST-000113,2,60.410830668481275,385,2,4,3,3.0,Other
CUST-000114,1,49.65141024438149,458,2,1,3,2.0,At-Risk
CUST-000115,1,39.905201158137096,310,3,1,2,2.0,Other
CUST-000116,2,162.71491119747196,50,5,4,5,4.666666666666667,Champions
CUST-000117,2,528.1059091324644,60,5,4,5,4.666666666666667,Champions
CUST-000118,2,251.89307410919633,142,4,4,5,4.333333333333333,Champions
CUST-000119,1,7.968049658072833,463,2,1,1,1.3333333333333333,At-Risk
CUST-000120,1,6.239844679182299,398,2,1,1,1.3333333333333333,At-Risk
CUST-000121,1,58.47403762720917,461,2,1,3,2.0,At-Risk
CUST-000122,1,502.43885136549613,313,3,1,5,3.0,Other
CUST-000123,1,9.441898315517967,723,1,1,1,1.0,Lost
CUST-000124,1,111.71915790272368,40,5,1,4,3.3333333333333335,Other
CUST-000125,2,153.17388696606196,294,3,4,4,3.6666666666666665,Potential Loyalists
CUST-000126,3,156.93658324207442,163,4,5,4,4.333333333333333,Champions
CUST-000127,2,35.442360046649995,192,4,4,2,3.3333333333333335,Other
CUST-000128,1,132.11068561638515,480,2,1,4,2.3333333333333335,At-Risk
CUST-000129,2,40.35380949916075,148,4,4,2,3.3333333333333335,Other
CUST-000130,2,365.411858366995,548,1,4,5,3.3333333333333335,Other
CUST-000131,1,88.15589162765839,612,1,1,4,2.0,At-Risk
CUST-000133,1,19.368960507711034,637,1,1,2,1.3333333333333333,At-Risk
CUST-000134,2,74.20329144759059,303,3,4,3,3.3333333333333335,Potential Loyalists
CUST-000135,1,397.80543363292554,459,2,1,5,2.6666666666666665,At-Risk
CUST-000136,1,173.8638723349653,310,3,1,5,3.0,Other
CUST-000137,2,40.487010644951276,167,4,4,2,3.3333333333333335,Other
CUST-000138,2,10113.23290021333,24,5,4,5,4.666666666666667,Champions
CUST-000139,2,109.72248506371372,639,1,4,4,3.0,Other
CUST-000140,2,105.44652930505816,220,4,4,4,4.0,Champions
CUST-000141,3,119.89572810787152,140,4,5,4,4.333333333333333,Champions
CUST-000142,1,31.467386298861957,644,1,1,2,1.3333333333333333,At-Risk
CUST-000143,2,609.0473837689964,8,5,4,5,4.666666666666667,Champions
CUST-000144,2,86.75731640725897,87,5,4,4,4.333333333333333,Champions
CUST-000145,1,44.46187563941737,218,4,1,3,2.6666666666666665,Other
CUST-000146,3,44.343527709257394,180,4,5,3,4.0,Potential Loyalists
CUST-000147,2,53.66259951032622,362,2,4,3,3.0,Other
CUST-000148,2,32.98589315031856,160,4,4,2,3.3333333333333335,Other
CUST-000149,2,10939.496504277735,143,4,4,5,4.333333333333333,Champions
CUST-000150,1,10.57203420414803,596,1,1,1,1.0,Lost
CUST-000151,1,37.46338073054339,538,1,1,2,1.3333333333333333,At-Risk
CUST-000152,1,5.281933196659051,498,2,1,1,1.3333333333333333,At-Risk
CUST-000153,2,36.209055027406976,167,4,4,2,3.3333333333333335,Other
CUST-000154,2,168.29012059381787,416,2,4,5,3.6666666666666665,Other
CUST-000155,2,9.359616688877146,507,2,4,1,2.3333333333333335,Other
CUST-000156,2,82.35444655965128,414,2,4,4,3.3333333333333335,Other
CUST-000157,1,220.87074344683597,146,4,1,5,3.3333333333333335,Other
CUST-000158,1,54.559881711576,619,1,1,3,1.6666666666666667,At-Risk
CUST-000159,2,217.33451279669333,260,3,4,5,4.0,Potential Loyalists
CUST-000160,2,19.329851096350765,17,5,4,2,3.6666666666666665,Other
CUST-000161,2,57.740954789054726,262,3,4,3,3.3333333333333335,Potential Loyalists
CUST-000162,3,233.67178400573346,221,3,5,5,4.333333333333333,Potential Loyalists
CUST-000163,2,54.855655334127526,53,5,4,3,4.0,Potential Loyalists
CUST-000164,2,65.0206984936626,216,4,4,3,3.6666666666666665,Potential Loyalists
CUST-000165,1,39.89226200342488,111,4,1,2,2.3333333333333335,Other
CUST-000166,3,118.89227269882838,155,4,5,4,4.333333333333333,Champions
CUST-000167,2,54.33878095311226,119,4,4,3,3.6666666666666665,Potential Loyalists
CUST-000168,1,291.89895578629745,612,1,1,5,2.3333333333333335,At-Risk
CUST-000169,1,5.331298568628343,436,2,1,1,1.3333333333333333,At-Risk
CUST-000170,1,30.119513855685017,379,2,1,2,1.6666666666666667,At-Risk
CUST-000171,1,535.1198392907152,426,2,1,5,2.6666666666666665,At-Risk
CUST-000172,2,47.48872182212981,117,4,4,3,3.6666666666666665,Potential Loyalists
CUST-000173,1,18.3924501477267,275,3,1,1,1.6666666666666667,Other
CUST-000174,1,40.28541874300393,689,1,1,2,1.3333333333333333,At-Risk
CUST-000175,2,30.881689506966577,5,5,4,2,3.6666666666666665,Other
CUST-000176,1,44.009426182150456,272,3,1,3,2.3333333333333335,Other
CUST-000178,1,82.84748251573032,452,2,1,4,2.3333333333333335,At-Risk
CUST-000179,1,5.97628469609273,391,2,1,1,1.3333333333333333,At-Risk
CUST-000180,1,82.85675182904083,74,5,1,4,3.3333333333333335,Other
CUST-000181,1,27.189065143352774,96,5,1,2,2.6666666666666665,Other
CUST-000182,1,268.43346524572354,376,2,1,5,2.6666666666666665,At-Risk
CUST-000183,3,262.7690906930257,248,3,5,5,4.333333333333333,Potential Loyalists
CUST-000184,2,105.38984447435357,429,2,4,4,3.3333333333333335,Other
CUST-000185,1,26.58760030399044,490,2,1,2,1.6666666666666667,At-Risk
CUST-000186,1,5.755863005605783,175,4,1,1,2.0,Other
CUST-000187,2,175.34243653839312,52,5,4,5,4.666666666666667,Champions
CUST-000188,2,165.489544709094,248,3,4,5,4.0,Potential Loyalists
CUST-000189,1,1664.279228750471,74,5,1,5,3.6666666666666665,Other
CUST-000190,2,129.1427765057204,313,3,4,4,3.6666666666666665,Potential Loyalists
CUST-000191,2,104.07603524011306,145,4,4,4,4.0,Champions
CUST-000192,3,216.64366694045557,30,5,5,5,5.0,Champions
CUST-000193,2,71.36035899215909,159,4,4,3,3.6666666666666665,Potential Loyalists
CUST-000194,2,95.12572132825255,371,2,4,4,3.3333333333333335,Other
CUST-000195,2,50.78480065016762,57,5,4,3,4.0,Potential Loyalists
CUST-000196,2,123.55482348622303,102,5,4,4,4.333333333333333,Champions
CUST-000197,1,39.25149307944483,564,1,1,2,1.3333333333333333,At-Risk
CUST-000198,2,184.00342878720045,14,5,4,5,4.666666666666667,Champions
CUST-000199,1,52.669147481716585,448,2,1,3,2.0,At-Risk
CUST-000200,1,120.26402091865852,30,5,1,4,3.3333333333333335,Other
CUST-000201,1,279.09250421461553,311,3,1,5,3.0,Other
CUST-000202,3,64.16663007838424,198,4,5,3,4.0,Potential Loyalists
CUST-000203,2,110.54995926567737,531,1,4,4,3.0,Other
CUST-000204,2,11963.193490753887,550,1,4,5,3.3333333333333335,Other
CUST-000205,3,8577.458709100069,222,3,5,5,4.333333333333333,Potential Loyalists
CUST-000206,2,386.6353192474615,291,3,4,5,4.0,Potential Loyalists
CUST-000207,3,158.36280552470944,48,5,5,4,4.666666666666667,Champions
CUST-000208,2,398.0766601485757,511,2,4,5,3.6666666666666665,Other
CUST-000209,1,146.55126991090933,332,3,1,4,2.6666666666666665,Other
CUST-000210,1,59.01225537610321,109,4,1,3,2.6666666666666665,Other
CUST-000211,1,21.464438360460463,609,1,1,2,1.3333333333333333,At-Risk
CUST-000212,1,198.65468963642124,137,4,1,5,3.3333333333333335,Other
CUST-000213,1,13236.899099967472,701,1,1,5,2.3333333333333335,At-Risk
CUST-000214,2,515.9099037449399,51,5,4,5,4.666666666666667,Champions
CUST-000215,1,4.1004015091991155,670,1,1,1,1.0,Lost
CUST-000216,2,53.53027328064603,452,2,4,3,3.0,Other
CUST-000217,1,23.817196049039776,399,2,1,2,1.6666666666666667,At-Risk
CUST-000218,1,11.052982681471631,380,2,1,1,1.3333333333333333,At-Risk
CUST-000219,1,27.001695890702777,337,3,1,2,2.0,Other
CUST-000220,1,76.5792244308196,642,1,1,3,1.6666666666666667,At-Risk
CUST-000221,1,9.33046152458823,612,1,1,1,1.0,Lost
CUST-000222,1,33.21984308878908,473,2,1,2,1.6666666666666667,At-Risk
CUST-000223,1,8.480225575935325,600,1,1,1,1.0,Lost
CUST-000224,1,8.475562599848745,623,1,1,1,1.0,Lost
CUST-000225,3,195.845650828194,9,5,5,5,5.0,Champions
CUST-000226,2,275.74442024934393,271,3,4,5,4.0,Potential Loyalists
CUST-000227,4,251.01278144770657,275,3,5,5,4.333333333333333,Potential Loyalists
CUST-000229,1,5.592870096452576,716,1,1,1,1.0,Lost
CUST-000231,1,17.58072651850019,203,4,1,1,2.0,Other
CUST-000232,1,7.582289649176619,329,3,1,1,1.6666666666666667,Other
CUST-000233,3,92.42653446831905,73,5,5,4,4.666666666666667,Champions
CUST-000234,1,108.41504520176412,208,4,1,4,3.0,Other
CUST-000235,3,98.86464851057556,119,4,5,4,4.333333333333333,Champions
CUST-000236,2,96.13855316686586,411,2,4,4,3.3333333333333335,Other
CUST-000237,2,59.56443166368133,413,2,4,3,3.0,Other
CUST-000238,1,24.729199122835436,384,2,1,2,1.6666666666666667,At-Risk
CUST-000239,2,57.10979154432554,105,5,4,3,4.0,Potential Loyalists
CUST-000240,1,4.339675806949797,486,2,1,1,1.3333333333333333,At-Risk
CUST-000241,1,20.811748770893097,493,2,1,2,1.6666666666666667,At-Risk
CUST-000242,1,44.5439877703684,25,5,1,3,3.0,Other
CUST-000243,2,116.88337450962442,98,5,4,4,4.333333333333333,Champions
CUST-000244,1,32.24122310747307,274,3,1,2,2.0,Other
CUST-000245,2,162.72627162289075,222,3,4,5,4.0,Potential Loyalists
CUST-000246,1,11.821677936652833,506,2,1,1,1.3333333333333333,At-Risk
CUST-000247,1,71.0629167193868,140,4,1,3,2.6666666666666665,Other
CUST-000248,1,21.99193436798703,549,1,1,2,1.3333333333333333,At-Risk
CUST-000249,1,111.5460103517682,614,1,1,4,2.0,At-Risk
CUST-000250,4,668.6027360376952,51,5,5,5,5.0,Champions
CUST-000251,1,56.92351829601191,408,2,1,3,2.0,At-Risk
CUST-000252,1,216.50557753696333,184,4,1,5,3.3333333333333335,Other
CUST-000253,1,8.666009952916307,593,1,1,1,1.0,Lost
CUST-000254,1,160.79795154832496,261,3,1,5,3.0,Other
CUST-000255,1,9.634944659373655,667,1,1,1,1.0,Lost
CUST-000256,1,96.29925623744096,265,3,1,4,2.6666666666666665,Other
CUST-000257,1,40.021508172169426,518,2,1,2,1.6666666666666667,At-Risk
CUST-000258,1,4.799704279724167,189,4,1,1,2.0,Other
CUST-000259,2,57.44356358292242,186,4,4,3,3.6666666666666665,Potential Loyalists
CUST-000261,2,316.9898619625421,327,3,4,5,4.0,Potential Loyalists
CUST-000262,1,54.84664521578218,57,5,1,3,3.0,Other
CUST-000263,3,130.96746191587857,44,5,5,4,4.666666666666667,Champions
CUST-000264,1,90.69232869563956,699,1,1,4,2.0,At-Risk
CUST-000265,3,333.103581818003,159,4,5,5,4.666666666666667,Champions
CUST-000266,1,95.54806979035914,495,2,1,4,2.3333333333333335,At-Risk
CUST-000267,1,48.01742366835184,30,5,1,3,3.0,Other
CUST-000268,1,6.438383766183687,376,2,1,1,1.3333333333333333,At-Risk
CUST-000269,2,57.137726606703794,147,4,4,3,3.6666666666666665,Potential Loyalists
CUST-000270,3,208.65631078797185,163,4,5,5,4.666666666666667,Champions
CUST-000271,3,168.76711990039067,195,4,5,5,4.666666666666667,Champions
CUST-000272,2,63.68612923484645,100,5,4,3,4.0,Potential Loyalists
CUST-000273,2,108.9664597428081,398,2,4,4,3.3333333333333335,Other
CUST-000274,1,55.20390088817023,611,1,1,3,1.6666666666666667,At-Risk
CUST-000275,1,112.0310516337976,142,4,1,4,3.0,Other
CUST-000276,1,4.083239968374003,724,1,1,1,1.0,Lost
CUST-000277,2,163.1742069264709,425,2,4,5,3.6666666666666665,Other
CUST-000278,4,11929.409835488324,227,3,5,5,4.333333333333333,Potential Loyalists
CUST-000279,2,77.00064310952637,322,3,4,3,3.3333333333333335,Potential Loyalists
CUST-000280,2,36.107591836274224,595,1,4,2,2.3333333333333335,Other
CUST-000281,1,9253.414118168215,387,2,1,5,2.6666666666666665,At-Risk
CUST-000282,2,92.71014089715152,290,3,4,4,3.6666666666666665,Potential Loyalists
CUST-000283,2,49.015335586716986,214,4,4,3,3.6666666666666665,Potential Loyalists
CUST-000284,1,41.649798220643405,330,3,1,3,2.3333333333333335,Other
CUST-000285,1,50.84616411551138,458,2,1,3,2.0,At-Risk
CUST-000286,3,357.5512922191693,294,3,5,5,4.333333333333333,Potential Loyalists
CUST-000287,1,9.87308439516262,88,5,1,1,2.3333333333333335,Other
CUST-000288,2,172.26331463849073,459,2,4,5,3.6666666666666665,Other
CUST-000289,1,313.18354660642706,390,2,1,5,2.6666666666666665,At-Risk
CUST-000290,2,114.40352546477075,68,5,4,4,4.333333333333333,Champions
CUST-000291,1,7.548722823384542,387,2,1,1,1.3333333333333333,At-Risk
CUST-000292,1,75.64117067564861,3,5,1,3,3.0,Other
CUST-000293,1,36.275281658451654,423,2,1,2,1.6666666666666667,At-Risk
CUST-000294,1,104.12526252913996,213,4,1,4,3.0,Other
CUST-000295,3,157.19896700534713,102,5,5,4,4.666666666666667,Champions
CUST-000296,1,89.5129324302804,435,2,1,4,2.3333333333333335,At-Risk
CUST-000297,1,441.71446019006805,164,4,1,5,3.3333333333333335,Other
CUST-000298,2,54.51235526484891,276,3,4,3,3.3333333333333335,Potential Loyalists
CUST-000299,2,23.691775497914,116,4,4,2,3.3333333333333335,Other
CUST-000300,1,5.427495303150366,127,4,1,1,2.0,Other
CUST-000301,1,76.06714701867014,47,5,1,3,3.0,Other
CUST-000302,3,227.63478115639703,155,4,5,5,4.666666666666667,Champions
CUST-000303,3,192.376948085827,242,3,5,5,4.333333333333333,Potential Loyalists
CUST-000304,1,2.437859334650055,715,1,1,1,1.0,Lost
CUST-000305,1,42.88335396627211,59,5,1,3,3.0,Other
CUST-000306,1,90.27126024088012,310,3,1,4,2.6666666666666665,Other
CUST-000307,2,21.53160125185216,262,3,4,2,3.0,Other
CUST-000308,3,28.76932973805582,249,3,5,2,3.3333333333333335,Other
CUST-000309,1,40.21519842849262,103,5,1,2,2.6666666666666665,Other
CUST-000310,1,56.94858861975052,483,2,1,3,2.0,At-Risk
CUST-000311,2,142.6168339029718,135,4,4,4,4.0,Champions
CUST-000312,1,11.853016220682411,651,1,1,1,1.0,Lost
CUST-000313,1,58.116148050128984,350,3,1,3,2.3333333333333335,Other
CUST-000314,1,72.33011927785296,65,5,1,3,3.0,Other
CUST-000315,1,11.632043621599095,4,5,1,1,2.3333333333333335,Other
CUST-000316,1,142.01328796055526,304,3,1,4,2.6666666666666665,Other
CUST-000317,1,5759.841580655252,74,5,1,5,3.6666666666666665,Other
CUST-000318,2,38.07853496339963,507,2,4,2,2.6666666666666665,Other
CUST-000319,1,92.4961698055333,680,1,1,4,2.0,At-Risk
CUST-000320,1,7.055267972563758,698,1,1,1,1.0,Lost
CUST-000321,2,14.159021197203657,165,4,4,1,3.0,Other
CUST-000322,1,14.778845921755646,530,1,1,1,1.0,Lost
CUST-000323,1,73.48137144215052,258,3,1,3,2.3333333333333335,Other
CUST-000324,1,11.85289183466303,532,1,1,1,1.0,Lost
CUST-000325,1,182.75162166013473,251,3,1,5,3.0,Other
CUST-000326,2,72.28956193937866,188,4,4,3,3.6666666666666665,Potential Loyalists
CUST-000327,1,6.553653363501668,107,4,1,1,2.0,Other
CUST-000328,1,128.63747641206575,533,1,1,4,2.0,At-Risk
CUST-000329,1,8214.898795792307,608,1,1,5,2.3333333333333335,At-Risk
CUST-000330,2,68.32356933442212,295,3,4,3,3.3333333333333335,Potential Loyalists
CUST-000331,1,340.15612718485005,703,1,1,5,2.3333333333333335,At-Risk
CUST-000332,2,291.4968113601143,427,2,4,5,3.6666666666666665,Other
CUST-000333,1,76.32960161294578,669,1,1,3,1.6666666666666667,At-Risk
CUST-000334,1,160.2636719524202,436,2,1,4,2.3333333333333335,At-Risk
CUST-000335,1,26.38615488772603,265,3,1,2,2.0,Other
CUST-000336,1,22.390241648335483,674,1,1,2,1.3333333333333333,At-Risk
CUST-000337,2,129.9321398584306,60,5,4,4,4.333333333333333,Champions
CUST-000338,1,23.247702278814984,0,5,1,2,2.6666666666666665,Other
CUST-000339,2,8972.252106369631,411,2,4,5,3.6666666666666665,Other
CUST-000340,1,79.89626720473613,692,1,1,3,1.6666666666666667,At-Risk
CUST-000341,4,92.9774354173797,97,5,5,4,4.666666666666667,Champions
CUST-000342,2,70.52097925760403,333,3,4,3,3.3333333333333335,Potential Loyalists
CUST-000343,2,146.55801574927662,627,1,4,4,3.0,Other
CUST-000344,1,232.8532378301067,183,4,1,5,3.3333333333333335,Other
CUST-000345,1,52.77716638043108,716,1,1,3,1.6666666666666667,At-Risk
CUST-000346,2,67.82660058812394,231,3,4,3,3.3333333333333335,Potential Loyalists
CUST-000349,2,195.2772999813821,397,2,4,5,3.6666666666666665,Other
CUST-000350,1,80.58382915790342,697,1,1,4,2.0,At-Risk
CUST-000351,1,21.80758174826757,251,3,1,2,2.0,Other
CUST-000352,1,2.739106502185194,305,3,1,1,1.6666666666666667,Other
CUST-000353,2,16.826682325473477,244,3,4,1,2.6666666666666665,Other
CUST-000354,1,39.83694054479793,160,4,1,2,2.3333333333333335,Other
CUST-000355,1,5.038938813862561,485,2,1,1,1.3333333333333333,At-Risk
CUST-000356,1,11.04538128335494,574,1,1,1,1.0,Lost
CUST-000357,1,10.465845369622144,22,5,1,1,2.3333333333333335,Other
CUST-000358,1,34.81686116191459,265,3,1,2,2.0,Other
CUST-000359,2,155.9779210721588,309,3,4,4,3.6666666666666665,Potential Loyalists
CUST-000360,2,45.26889623401407,110,4,4,3,3.6666666666666665,Potential Loyalists
CUST-000361,1,32.278083134641584,540,1,1,2,1.3333333333333333,At-Risk
CUST-000362,1,48.00438615004615,323,3,1,3,2.3333333333333335,Other
CUST-000363,2,177.91827531537987,243,3,4,5,4.0,Potential Loyalists
CUST-000364,1,24.001057799450756,653,1,1,2,1.3333333333333333,At-Risk
CUST-000365,3,99.89455953842496,66,5,5,4,4.666666666666667,Champions
CUST-000366,3,108.51365871771722,458,2,5,4,3.6666666666666665,Other
CUST-000367,1,61.486698378065334,345,3,1,3,2.3333333333333335,Other
CUST-000368,1,52.34282874459495,592,1,1,3,1.6666666666666667,At-Risk
CUST-000369,1,73.54610972454236,599,1,1,3,1.6666666666666667,At-Risk
CUST-000370,2,124.82502834964563,300,3,4,4,3.6666666666666665,Potential Loyalists
CUST-000371,2,393.0443740634385,249,3,4,5,4.0,Potential Loyalists
CUST-000372,2,219.98730195343208,277,3,4,5,4.0,Potential Loyalists
CUST-000373,1,14.858896796695037,603,1,1,1,1.0,Lost
CUST-000374,1,42.19384086303289,165,4,1,3,2.6666666666666665,Other
CUST-000375,2,127.86466818233433,228,3,4,4,3.6666666666666665,Potential Loyalists
CUST-000376,2,20.392157083514068,348,3,4,2,3.0,Other
CUST-000377,1,2.23063381859803,390,2,1,1,1.3333333333333333,At-Risk
CUST-000378,1,10.105124017624464,11,5,1,1,2.3333333333333335,Other
CUST-000379,1,24.22606308129956,162,4,1,2,2.3333333333333335,Other
CUST-000380,1,74.07842479698745,337,3,1,3,2.3333333333333335,Other
CUST-000381,1,8.993553616408102,449,2,1,1,1.3333333333333333,At-Risk
CUST-000382,1,11.111720774634142,533,1,1,1,1.0,Lost
CUST-000383,2,24.796844688098783,374,2,4,2,2.6666666666666665,Other
CUST-000384,2,38.894132022250616,543,1,4,2,2.3333333333333335,Other
CUST-000385,2,21.78178680976504,710,1,4,2,2.3333333333333335,Other
CUST-000386,1,4.96274289807152,583,1,1,1,1.0,Lost
CUST-000387,2,483.96006814852933,19,5,4,5,4.666666666666667,Champions
CUST-000388,1,31.416117985137955,106,5,1,2,2.6666666666666665,Other
CUST-000389,1,18.72005607472895,509,2,1,1,1.3333333333333333,At-Risk
CUST-000390,2,102.30219537568799,533,1,4,4,3.0,Other
CUST-000391,3,143.0591310184468,332,3,5,4,4.0,Potential Loyalists
CUST-000392,2,76.21628092987866,22,5,4,3,4.0,Potential Loyalists
CUST-000393,3,322.46952183395604,256,3,5,5,4.333333333333333,Potential Loyalists
CUST-000394,1,17.359807915063737,652,1,1,1,1.0,Lost
CUST-000395,1,1.47495850229138,706,1,1,1,1.0,Lost
CUST-000396,2,25.432558599487507,125,4,4,2,3.3333333333333335,Other
CUST-000398,1,65.20331306028514,110,4,1,3,2.6666666666666665,Other
CUST-000399,1,37.92827649945078,522,1,1,2,1.3333333333333333,At-Risk
CUST-000400,1,95.94267930484538,441,2,1,4,2.3333333333333335,At-Risk
CUST-000401,1,79.08371812638728,123,4,1,3,2.6666666666666665,Other
CUST-000402,1,19.6373063510989,301,3,1,2,2.0,Other
CUST-000403,1,92.99985759111378,28,5,1,4,3.3333333333333335,Other
CUST-000404,1,145.10195267388264,582,1,1,4,2.0,At-Risk
CUST-000405,3,277.7269557556387,335,3,5,5,4.333333333333333,Potential Loyalists
CUST-000406,2,443.51626320552424,66,5,4,5,4.666666666666667,Champions
CUST-000407,4,301.28125495073755,250,3,5,5,4.333333333333333,Potential Loyalists
CUST-000408,1,50.65372767229092,605,1,1,3,1.6666666666666667,At-Risk
CUST-000409,1,69.35698164922923,599,1,1,3,1.6666666666666667,At-Risk
CUST-000411,1,13.924679096126528,78,5,1,1,2.3333333333333335,Other
CUST-000412,1,156.6987983096085,121,4,1,4,3.0,Other
CUST-000413,2,50.856268329883314,126,4,4,3,3.6666666666666665,Potential Loyalists
CUST-000414,1,22.79191038894447,641,1,1,2,1.3333333333333333,At-Risk
CUST-000415,1,7.069884483013386,279,3,1,1,1.6666666666666667,Other
CUST-000416,1,108.17630099374352,698,1,1,4,2.0,At-Risk
CUST-000417,1,48.86933507455581,713,1,1,3,1.6666666666666667,At-Risk
CUST-000418,2,185.98239870683184,202,4,4,5,4.333333333333333,Champions
CUST-000419,1,295.23361506947003,218,4,1,5,3.3333333333333335,Other
CUST-000420,3,75.45571187879555,166,4,5,3,4.0,Potential Loyalists
CUST-000421,1,8.8496073931279,135,4,1,1,2.0,Other
CUST-000422,2,123.02209142514647,289,3,4,4,3.6666666666666665,Potential Loyalists
CUST-000423,2,148.153782233107,60,5,4,4,4.333333333333333,Champions
CUST-000424,2,99.76854003222063,255,3,4,4,3.6666666666666665,Potential Loyalists
CUST-000425,1,9.06552191925576,450,2,1,1,1.3333333333333333,At-Risk
CUST-000426,1,31.175568418482964,328,3,1,2,2.0,Other
CUST-000427,1,26.901847245377613,254,3,1,2,2.0,Other
CUST-000429,1,35.36537805022433,140,4,1,2,2.3333333333333335,Other
CUST-000430,1,2.498036697225247,281,3,1,1,1.6666666666666667,Other
CUST-000431,1,98.29567318429808,543,1,1,4,2.0,At-Risk
CUST-000432,1,77.00276001956655,260,3,1,3,2.3333333333333335,Other
CUST-000433,1,124.281710750434,683,1,1,4,2.0,At-Risk
CUST-000434,1,44.22525469220834,406,2,1,3,2.0,At-Risk
CUST-000435,1,98.56281582203172,578,1,1,4,2.0,At-Risk
CUST-000436,1,14.528907812290644,110,4,1,1,2.0,Other
CUST-000437,2,98.21982145621044,6,5,4,4,4.333333333333333,Champions
CUST-000438,1,62.97731376596499,486,2,1,3,2.0,At-Risk
CUST-000439,1,160.3269770478873,200,4,1,4,3.0,Other
CUST-000440,1,5.664399707429369,530,1,1,1,1.0,Lost
CUST-000441,1,37.61717457450316,204,4,1,2,2.3333333333333335,Other
CUST-000442,3,89.5773288381459,166,4,5,4,4.333333333333333,Champions
CUST-000443,2,59.70726663721857,295,3,4,3,3.3333333333333335,Potential Loyalists
CUST-000444,1,34.226343999019505,25,5,1,2,2.6666666666666665,Other
CUST-000445,1,14.593641189913097,517,2,1,1,1.3333333333333333,At-Risk
CUST-000446,1,45.82588538462997,357,3,1,3,2.3333333333333335,Other
CUST-000447,2,68.75618339574049,55,5,4,3,4.0,Potential Loyalists
CUST-000448,1,88.83965600433527,364,2,1,4,2.3333333333333335,At-Risk
CUST-000449,2,9071.507865750986,41,5,4,5,4.666666666666667,Champions
CUST-000450,1,3.5731905870832987,585,1,1,1,1.0,Lost
CUST-000451,1,73.27816126071501,65,5,1,3,3.0,Other
CUST-000452,2,132.35636505405503,469,2,4,4,3.3333333333333335,Other
CUST-000453,1,123.63726820705334,228,3,1,4,2.6666666666666665,Other
CUST-000454,1,13.486241248689108,437,2,1,1,1.3333333333333333,At-Risk
CUST-000455,1,349.10511892486,262,3,1,5,3.0,Other
CUST-000456,1,29.01390992828654,611,1,1,2,1.3333333333333333,At-Risk
CUST-000457,1,8.77518183170947,629,1,1,1,1.0,Lost
CUST-000458,1,28.015435610136453,367,2,1,2,1.6666666666666667,At-Risk
CUST-000459,1,8.36566397307635,289,3,1,1,1.6666666666666667,Other
CUST-000460,2,199.66369206866966,85,5,4,5,4.666666666666667,Champions
CUST-000461,1,31.61406986479544,24,5,1,2,2.6666666666666665,Other
CUST-000462,1,61.28394920809512,713,1,1,3,1.6666666666666667,At-Risk
CUST-000463,1,135.3862085785463,131,4,1,4,3.0,Other
CUST-000464,1,111.66679059541164,33,5,1,4,3.3333333333333335,Other
CUST-000465,3,73.39186807306753,163,4,5,3,4.0,Potential Loyalists
CUST-000466,1,57.78875216086627,680,1,1,3,1.6666666666666667,At-Risk
CUST-000467,2,139.11581590865828,203,4,4,4,4.0,Champions
CUST-000468,1,18.393584887528828,427,2,1,1,1.3333333333333333,At-Risk
CUST-000469,1,103.04827371955706,456,2,1,4,2.3333333333333335,At-Risk
CUST-000470,1,19.22961411456994,660,1,1,2,1.3333333333333333,At-Risk
CUST-000471,1,11.323318712731462,131,4,1,1,2.0,Other
CUST-000472,1,5.891858615054797,23,5,1,1,2.3333333333333335,Other
CUST-000473,1,3.2451873172561805,628,1,1,1,1.0,Lost
CUST-000474,1,20.601281761433505,194,4,1,2,2.3333333333333335,Other
CUST-000475,1,18.097994209392116,61,5,1,1,2.3333333333333335,Other
CUST-000476,3,613.9981815946046,238,3,5,5,4.333333333333333,Potential Loyalists
CUST-000477,1,21.482889028512748,150,4,1,2,2.3333333333333335,Other
CUST-000478,1,5.610947242994702,539,1,1,1,1.0,Lost
CUST-000479,1,213.69640418644207,288,3,1,5,3.0,Other
CUST-000480,1,37.07489759872763,361,2,1,2,1.6666666666666667,At-Risk
CUST-000481,1,40.23558719191859,55,5,1,2,2.6666666666666665,Other
CUST-000482,2,49.57755038902904,252,3,4,3,3.3333333333333335,Potential Loyalists
CUST-000483,2,239.02095444112905,126,4,4,5,4.333333333333333,Champions
CUST-000484,1,518.1947787442386,426,2,1,5,2.6666666666666665,At-Risk
CUST-000485,1,39.83535041754531,34,5,1,2,2.6666666666666665,Other
CUST-000486,1,23.81224423738733,428,2,1,2,1.6666666666666667,At-Risk
CUST-000487,1,9.92212740846084,113,4,1,1,2.0,Other
CUST-000488,1,19.27054225263339,694,1,1,2,1.3333333333333333,At-Risk
CUST-000489,2,386.40482825923266,113,4,4,5,4.333333333333333,Champions
CUST-000490,2,431.88416409130554,25,5,4,5,4.666666666666667,Champions
CUST-000491,1,59.354493548819846,117,4,1,3,2.6666666666666665,Other
CUST-000492,1,11.619211437222358,305,3,1,1,1.6666666666666667,Other
CUST-000493,2,136.63529812095248,282,3,4,4,3.6666666666666665,Potential Loyalists
CUST-000494,1,90.9684624849514,636,1,1,4,2.0,At-Risk
CUST-000495,1,60.25740513559669,586,1,1,3,1.6666666666666667,At-Risk
CUST-000496,1,75.97797028684121,161,4,1,3,2.6666666666666665,Other
CUST-000497,1,20.46936769989126,565,1,1,2,1.3333333333333333,At-Risk
CUST-000498,2,20.255369708886207,521,1,4,2,2.3333333333333335,Other
CUST-000499,1,11.105588421915428,634,1,1,1,1.0,Lost
CUST-000500,1,22.257575267110077,257,3,1,2,2.0,Other
CUST-000501,1,1204.046874881734,696,1,1,5,2.3333333333333335,At-Risk
CUST-000502,1,8.688606738386465,24,5,1,1,2.3333333333333335,Other
CUST-000503,2,41.959660701421925,485,2,4,3,3.0,Other
CUST-000504,1,10.020572333897173,256,3,1,1,1.6666666666666667,Other
CUST-000505,3,163.90907569102433,115,4,5,5,4.666666666666667,Champions
CUST-000506,1,26.606773797455755,199,4,1,2,2.3333333333333335,Other
CUST-000507,2,60.45957988115325,405,2,4,3,3.0,Other
CUST-000508,2,292.7343404662536,105,5,4,5,4.666666666666667,Champions
CUST-000509,2,56.879433651462634,135,4,4,3,3.6666666666666665,Potential Loyalists
CUST-000510,1,17.68684838378291,378,2,1,1,1.3333333333333333,At-Risk
CUST-000511,1,10.143940494457844,580,1,1,1,1.0,Lost
CUST-000512,1,14.849872897766437,712,1,1,1,1.0,Lost
CUST-000513,2,327.52479342413676,71,5,4,5,4.666666666666667,Champions
CUST-000514,1,8.905597203927039,509,2,1,1,1.3333333333333333,At-Risk
CUST-000515,3,7997.51814828856,301,3,5,5,4.333333333333333,Potential Loyalists
CUST-000516,1,59.36435266502895,670,1,1,3,1.6666666666666667,At-Risk
CUST-000517,1,92.05005765980934,58,5,1,4,3.3333333333333335,Other
CUST-000518,2,35.600214679083805,215,4,4,2,3.3333333333333335,Other
CUST-000519,1,30.198931654974768,573,1,1,2,1.3333333333333333,At-Risk
CUST-000520,1,101.7662158348926,518,2,1,4,2.3333333333333335,At-Risk
CUST-000521,1,4.280466045037719,699,1,1,1,1.0,Lost
CUST-000522,2,134.1824498659591,254,3,4,4,3.6666666666666665,Potential Loyalists
CUST-000523,2,469.39492479886786,359,2,4,5,3.6666666666666665,Other
CUST-000524,2,108.90798709967794,177,4,4,4,4.0,Champions
CUST-000525,1,43.99969196044488,501,2,1,3,2.0,At-Risk
CUST-000526,2,218.77099658991415,435,2,4,5,3.6666666666666665,Other
CUST-000527,3,132.5491796844472,60,5,5,4,4.666666666666667,Champions
CUST-000528,1,19.797013692281176,50,5,1,2,2.6666666666666665,Other
CUST-000529,1,146.61842169430997,561,1,1,4,2.0,At-Risk
CUST-000530,3,209.01573518409606,93,5,5,5,5.0,Champions
CUST-000531,1,17.75196981050843,715,1,1,1,1.0,Lost
CUST-000532,2,420.09844028357145,296,3,4,5,4.0,Potential Loyalists
CUST-000533,1,24.032069503883967,254,3,1,2,2.0,Other
CUST-000535,1,12416.715212328663,674,1,1,5,2.3333333333333335,At-Risk
CUST-000536,1,46.7055748286284,691,1,1,3,1.6666666666666667,At-Risk
CUST-000537,3,435.2112472387684,164,4,5,5,4.666666666666667,Champions
CUST-000538,2,89.8065753996492,83,5,4,4,4.333333333333333,Champions
CUST-000539,1,65.01179711892911,468,2,1,3,2.0,At-Risk
CUST-000540,3,102.79305355659767,406,2,5,4,3.6666666666666665,Other
CUST-000541,1,14.96913299956508,380,2,1,1,1.3333333333333333,At-Risk
CUST-000542,2,95.11302817130749,160,4,4,4,4.0,Champions
CUST-000543,1,7.228002695556484,201,4,1,1,2.0,Other
CUST-000544,1,13612.273734200611,242,3,1,5,3.0,Other
CUST-000545,1,82.89064157311603,722,1,1,4,2.0,At-Risk
CUST-000546,2,48.23429165245854,364,2,4,3,3.0,Other
CUST-000547,1,9.373725936553084,186,4,1,1,2.0,Other
CUST-000548,1,8.878386745010566,424,2,1,1,1.3333333333333333,At-Risk
CUST-000549,1,55.1888924753954,121,4,1,3,2.6666666666666665,Other
CUST-000550,1,7.461122019750025,104,5,1,1,2.3333333333333335,Other
CUST-000551,1,158.7480660472217,191,4,1,4,3.0,Other
CUST-000552,1,12887.46586085862,362,2,1,5,2.6666666666666665,At-Risk
CUST-000553,1,159.86373869571457,97,5,1,4,3.3333333333333335,Other
CUST-000554,1,57.61319635497883,703,1,1,3,1.6666666666666667,At-Risk
CUST-000555,1,164.5398298005607,207,4,1,5,3.3333333333333335,Other
CUST-000556,1,6.232651177152918,45,5,1,1,2.3333333333333335,Other
CUST-000557,2,40.85017615728724,303,3,4,2,3.0,Other
CUST-000558,2,76.09334541756692,29,5,4,3,4.0,Potential Loyalists
CUST-000559,1,14.290677539624362,12,5,1,1,2.3333333333333335,Other
CUST-000560,2,49.74081576973222,278,3,4,3,3.3333333333333335,Potential Loyalists
CUST-000561,2,12.201074213566464,2,5,4,1,3.3333333333333335,Other
CUST-000562,1,63.772178679498815,88,5,1,3,3.0,Other
CUST-000563,1,40.284361815981875,179,4,1,2,2.3333333333333335,Other
CUST-000564,1,290.79870868256603,9,5,1,5,3.6666666666666665,Other
CUST-000566,1,71.91116608678819,304,3,1,3,2.3333333333333335,Other
CUST-000567,1,36.278875291423944,131,4,1,2,2.3333333333333335,Other
CUST-000568,1,371.41013901017647,670,1,1,5,2.3333333333333335,At-Risk
CUST-000569,1,45.66614429709169,319,3,1,3,2.3333333333333335,Other
CUST-000570,2,251.1237196979196,650,1,4,5,3.3333333333333335,Other
CUST-000571,1,239.1440371910502,108,4,1,5,3.3333333333333335,Other
CUST-000572,3,80.33747034340033,494,2,5,4,3.6666666666666665,Other
CUST-000573,3,158.42877021506192,512,2,5,4,3.6666666666666665,Other
CUST-000574,1,34.39466920247862,538,1,1,2,1.3333333333333333,At-Risk
CUST-000575,3,115.96718043534776,60,5,5,4,4.666666666666667,Champions
CUST-000576,2,161.77164958901022,90,5,4,5,4.666666666666667,Champions
CUST-000577,1,1.2736441069268334,199,4,1,1,2.0,Other
CUST-000578,1,89.144190479464,468,2,1,4,2.3333333333333335,At-Risk
CUST-000579,1,11901.28141716541,134,4,1,5,3.3333333333333335,Other
CUST-000580,1,48.586939259647494,394,2,1,3,2.0,At-Risk
CUST-000581,3,205.8418313787852,597,1,5,5,3.6666666666666665,Other
CUST-000582,2,75.47735880867815,27,5,4,3,4.0,Potential Loyalists
CUST-000583,1,27.956109077071485,196,4,1,2,2.3333333333333335,Other
CUST-000584,2,70.13674968489076,629,1,4,3,2.6666666666666665,Other
CUST-000585,2,87.6896904085185,132,4,4,4,4.0,Champions
CUST-000586,1,36.628120231628934,317,3,1,2,2.0,Other
CUST-000587,1,64.17687737897555,569,1,1,3,1.6666666666666667,At-Risk
CUST-000588,2,41.096364368125066,351,3,4,2,3.0,Other
CUST-000589,1,11440.52000009694,253,3,1,5,3.0,Other
CUST-000590,2,211.56469028672467,152,4,4,5,4.333333333333333,Champions
CUST-000591,1,21.920029196363096,535,1,1,2,1.3333333333333333,At-Risk
CUST-000593,1,22.85272532014393,245,3,1,2,2.0,Other
CUST-000594,4,45.99247299873912,19,5,5,3,4.333333333333333,Potential Loyalists
CUST-000595,1,32.46913113780436,552,1,1,2,1.3333333333333333,At-Risk
CUST-000596,1,79.86508185411277,348,3,1,3,2.3333333333333335,Other
CUST-000597,2,102.78823853120154,400,2,4,4,3.3333333333333335,Other
CUST-000598,2,40.55648874349826,169,4,4,2,3.3333333333333335,Other
CUST-000599,1,20.714699202119743,554,1,1,2,1.3333333333333333,At-Risk
CUST-000600,2,213.1912558383357,202,4,4,5,4.333333333333333,Champions
CUST-000601,2,130.4217012904381,258,3,4,4,3.6666666666666665,Potential Loyalists
CUST-000602,1,21.79380795963151,279,3,1,2,2.0,Other
CUST-000603,2,121.26364978631752,687,1,4,4,3.0,Other
CUST-000604,1,10.369900238536854,77,5,1,1,2.3333333333333335,Other
CUST-000605,1,31.020410179403324,492,2,1,2,1.6666666666666667,At-Risk
CUST-000606,1,13.465551788237937,292,3,1,1,1.6666666666666667,Other
CUST-000607,2,33.099390551619585,232,3,4,2,3.0,Other
CUST-000608,2,35.934714360389904,355,3,4,2,3.0,Other
CUST-000609,1,44.59432665968244,576,1,1,3,1.6666666666666667,At-Risk
CUST-000610,2,51.19882495145632,303,3,4,3,3.3333333333333335,Potential Loyalists
CUST-000611,2,263.6301720078934,201,4,4,5,4.333333333333333,Champions
CUST-000612,1,170.69286594754578,226,3,1,5,3.0,Other
CUST-000613,2,145.53660567336814,176,4,4,4,4.0,Champions
CUST-000614,1,167.30736444452475,169,4,1,5,3.3333333333333335,Other
CUST-000615,3,161.89979561780478,189,4,5,5,4.666666666666667,Champions
CUST-000616,3,167.94661708936434,198,4,5,5,4.666666666666667,Champions
CUST-000617,1,64.32974059544263,407,2,1,3,2.0,At-Risk
CUST-000618,1,12.475055056404702,495,2,1,1,1.3333333333333333,At-Risk
CUST-000619,1,3.5114342496542137,9,5,1,1,2.3333333333333335,Other
CUST-000620,3,288.3007361225231,135,4,5,5,4.666666666666667,Champions
CUST-000621,1,42.9371840416855,631,1,1,3,1.6666666666666667,At-Risk
CUST-000622,1,25.062120729307495,718,1,1,2,1.3333333333333333,At-Risk
CUST-000623,1,19.28185665765858,111,4,1,2,2.3333333333333335,Other
CUST-000624,1,3.72401841553863,569,1,1,1,1.0,Lost
CUST-000625,1,326.0613211729593,457,2,1,5,2.6666666666666665,At-Risk
CUST-000627,1,48.18008817889235,628,1,1,3,1.6666666666666667,At-Risk
CUST-000628,2,325.76813419601245,552,1,4,5,3.3333333333333335,Other
CUST-000629,1,78.42495779534406,521,1,1,3,1.6666666666666667,At-Risk
CUST-000630,2,18146.445219679186,415,2,4,5,3.6666666666666665,Other
CUST-000631,3,75.03068923861925,323,3,5,3,3.6666666666666665,Potential Loyalists
CUST-000632,2,48.091418785473465,231,3,4,3,3.3333333333333335,Potential Loyalists
CUST-000633,1,40.1812663569754,521,1,1,2,1.3333333333333333,At-Risk
CUST-000634,1,30.732782660178483,724,1,1,2,1.3333333333333333,At-Risk
CUST-000635,3,49.87638446850914,271,3,5,3,3.6666666666666665,Potential Loyalists
CUST-000636,2,237.4643348345301,27,5,4,5,4.666666666666667,Champions
CUST-000637,1,122.41364126543056,293,3,1,4,2.6666666666666665,Other
CUST-000638,1,57.21634837485479,674,1,1,3,1.6666666666666667,At-Risk
CUST-000639,2,324.0685058288043,8,5,4,5,4.666666666666667,Champions
CUST-000640,1,9.673387399057772,85,5,1,1,2.3333333333333335,Other
CUST-000641,1,27.04346823536653,318,3,1,2,2.0,Other
CUST-000643,1,26.95089071039199,357,3,1,2,2.0,Other
CUST-000644,2,126.12213359857368,7,5,4,4,4.333333333333333,Champions
CUST-000645,2,202.55782080811963,250,3,4,5,4.0,Potential Loyalists
CUST-000646,3,61.63895290984942,472,2,5,3,3.3333333333333335,Other
CUST-000647,2,60.091364026450606,53,5,4,3,4.0,Potential Loyalists
CUST-000648,1,98.7421768758556,221,3,1,4,2.6666666666666665,Other
CUST-000649,1,6.358605047528069,330,3,1,1,1.6666666666666667,Other
CUST-000650,2,15.845233279695474,482,2,4,1,2.3333333333333335,Other
CUST-000651,2,249.4346322623088,67,5,4,5,4.666666666666667,Champions
CUST-000652,1,307.7448389752942,98,5,1,5,3.6666666666666665,Other
CUST-000653,1,85.89950366708021,17,5,1,4,3.3333333333333335,Other
CUST-000654,1,6.433708888595401,544,1,1,1,1.0,Lost
CUST-000655,1,5.91041732963055,321,3,1,1,1.6666666666666667,Other
CUST-000656,1,15.750444653727913,658,1,1,1,1.0,Lost
CUST-000657,1,46.22773452859211,243,3,1,3,2.3333333333333335,Other
CUST-000658,1,3.098604741297647,276,3,1,1,1.6666666666666667,Other
CUST-000659,2,137.66913430695953,274,3,4,4,3.6666666666666665,Potential Loyalists
CUST-000660,3,619.1719371349013,287,3,5,5,4.333333333333333,Potential Loyalists
CUST-000661,3,104.78394479930577,404,2,5,4,3.6666666666666665,Other
CUST-000662,4,175.85154044862392,22,5,5,5,5.0,Champions
CUST-000663,2,717.101378113171,75,5,4,5,4.666666666666667,Champions
CUST-000664,3,221.13868021266197,271,3,5,5,4.333333333333333,Potential Loyalists
CUST-000665,1,38.96444549643637,60,5,1,2,2.6666666666666665,Other
CUST-000666,1,40.12766330941394,194,4,1,2,2.3333333333333335,Other
CUST-000667,2,232.58784431465335,433,2,4,5,3.6666666666666665,Other
CUST-000668,2,30.51523249851499,504,2,4,2,2.6666666666666665,Other
CUST-000669,1,15.699008805074245,589,1,1,1,1.0,Lost
CUST-000670,2,118.58962262173695,10,5,4,4,4.333333333333333,Champions
CUST-000671,2,29.28312355094117,123,4,4,2,3.3333333333333335,Other
CUST-000672,2,65.35575158071396,167,4,4,3,3.6666666666666665,Potential Loyalists
CUST-000673,1,16.194370244256245,46,5,1,1,2.3333333333333335,Other
CUST-000674,1,46.481964674306,283,3,1,3,2.3333333333333335,Other
CUST-000675,2,48.38647990359803,259,3,4,3,3.3333333333333335,Potential Loyalists
CUST-000677,1,8.393824550430928,112,4,1,1,2.0,Other
CUST-000678,1,38.21571398905227,206,4,1,2,2.3333333333333335,Other
CUST-000679,1,64.98653281943751,49,5,1,3,3.0,Other
CUST-000680,2,7219.455354758449,592,1,4,5,3.3333333333333335,Other
CUST-000681,1,102.26312815984654,182,4,1,4,3.0,Other
CUST-000682,1,1.8488760953904024,101,5,1,1,2.3333333333333335,Other
CUST-000683,1,79.9830095709896,342,3,1,4,2.6666666666666665,Other
CUST-000684,1,4.505091044380833,686,1,1,1,1.0,Lost
CUST-000685,1,27.02107703191572,118,4,1,2,2.3333333333333335,Other
CUST-000686,3,145.32634562227236,196,4,5,4,4.333333333333333,Champions
CUST-000687,2,288.72395728375494,253,3,4,5,4.0,Potential Loyalists
CUST-000688,3,192.95339202346972,14,5,5,5,5.0,Champions
CUST-000689,2,85.6866041524114,300,3,4,4,3.6666666666666665,Potential Loyalists
CUST-000690,4,520.82958301893,254,3,5,5,4.333333333333333,Potential Loyalists
CUST-000691,2,171.89826885484504,281,3,4,5,4.0,Potential Loyalists
CUST-000692,2,51.45715288828118,361,2,4,3,3.0,Other
CUST-000693,3,72.02434637180727,598,1,5,3,3.0,Other
CUST-000694,1,3.892065216208029,585,1,1,1,1.0,Lost
CUST-000695,1,20.939212134487775,114,4,1,2,2.3333333333333335,Other
CUST-000696,1,5.073092351437282,215,4,1,1,2.0,Other
CUST-000697,1,161.61074355293826,208,4,1,5,3.3333333333333335,Other
CUST-000698,2,138.48782013432353,442,2,4,4,3.3333333333333335,Other
CUST-000699,4,92.26514114300588,48,5,5,4,4.666666666666667,Champions
CUST-000700,3,6410.867817661395,67,5,5,5,5.0,Champions
CUST-000701,1,4.030507547288888,39,5,1,1,2.3333333333333335,Other
CUST-000702,1,23.8079304283979,289,3,1,2,2.0,Other
CUST-000704,3,59.543908218684706,25,5,5,3,4.333333333333333,Potential Loyalists
CUST-000706,1,17.62493002108873,103,5,1,1,2.3333333333333335,Other
CUST-000707,1,10.682972578770526,208,4,1,1,2.0,Other
CUST-000708,2,43.475465457385496,85,5,4,3,4.0,Potential Loyalists
CUST-000709,1,13.6484501121997,675,1,1,1,1.0,Lost
CUST-000710,1,59.07429941685543,157,4,1,3,2.6666666666666665,Other
CUST-000711,1,10167.540595958832,536,1,1,5,2.3333333333333335,At-Risk
CUST-000712,1,0.8186016070128934,179,4,1,1,2.0,Other
CUST-000713,1,30.781861793168968,4,5,1,2,2.6666666666666665,Other
CUST-000714,1,3.280183460479951,409,2,1,1,1.3333333333333333,At-Risk
CUST-000715,1,9.815638314500822,574,1,1,1,1.0,Lost
CUST-000716,1,165.02518387789095,500,2,1,5,2.6666666666666665,At-Risk
CUST-000717,2,29.241463348063583,610,1,4,2,2.3333333333333335,Other
CUST-000718,4,188.7479482064847,115,4,5,5,4.666666666666667,Champions
CUST-000720,3,99.39382787000258,168,4,5,4,4.333333333333333,Champions
CUST-000721,1,19.45108831756069,202,4,1,2,2.3333333333333335,Other
CUST-000722,2,14.60361579055649,261,3,4,1,2.6666666666666665,Other
CUST-000723,1,27.266104560627447,383,2,1,2,1.6666666666666667,At-Risk
CUST-000724,1,175.9261623968781,287,3,1,5,3.0,Other
CUST-000725,1,78.12529159303794,392,2,1,3,2.0,At-Risk
CUST-000726,2,68.042223341961,242,3,4,3,3.3333333333333335,Potential Loyalists
CUST-000727,3,232.69253614995154,230,3,5,5,4.333333333333333,Potential Loyalists
CUST-000728,2,124.74536051605605,182,4,4,4,4.0,Champions
CUST-000729,2,269.16206545615074,32,5,4,5,4.666666666666667,Champions
CUST-000730,1,75.82535606888273,644,1,1,3,1.6666666666666667,At-Risk
CUST-000731,1,28.274412500407365,118,4,1,2,2.3333333333333335,Other
CUST-000732,1,95.6282313418388,430,2,1,4,2.3333333333333335,At-Risk
CUST-000733,1,6.599268887213591,323,3,1,1,1.6666666666666667,Other
CUST-000734,1,22.892525743984876,304,3,1,2,2.0,Other
CUST-000735,1,198.23919845767404,52,5,1,5,3.6666666666666665,Other
CUST-000736,1,61.239356631660925,551,1,1,3,1.6666666666666667,At-Risk
CUST-000737,1,228.20973217497047,281,3,1,5,3.0,Other
CUST-000738,1,20.873918467856228,259,3,1,2,2.0,Other
CUST-000739,1,11.194019973230674,114,4,1,1,2.0,Other
CUST-000740,1,4.761249971962275,489,2,1,1,1.3333333333333333,At-Risk
CUST-000741,1,15.891379065101855,694,1,1,1,1.0,Lost
CUST-000742,1,81.82008217479769,520,2,1,4,2.3333333333333335,At-Risk
CUST-000743,1,36.288046753561446,156,4,1,2,2.3333333333333335,Other
CUST-000744,1,20.008015134886616,205,4,1,2,2.3333333333333335,Other
CUST-000745,1,51.08130609580774,255,3,1,3,2.3333333333333335,Other
CUST-000746,1,99.44163884453718,280,3,1,4,2.6666666666666665,Other
CUST-000747,2,10643.955471986945,11,5,4,5,4.666666666666667,Champions
CUST-000748,1,173.6677008228568,181,4,1,5,3.3333333333333335,Other
CUST-000749,1,12.355211931961636,199,4,1,1,2.0,Other
CUST-000750,1,16.372268146089578,402,2,1,1,1.3333333333333333,At-Risk
CUST-000751,1,25.158240900117065,113,4,1,2,2.3333333333333335,Other
CUST-000752,1,7.086432808109838,594,1,1,1,1.0,Lost
CUST-000753,1,89.0883363061546,51,5,1,4,3.3333333333333335,Other
CUST-000754,1,51.50720302931346,566,1,1,3,1.6666666666666667,At-Risk
CUST-000755,1,36.51431564338983,616,1,1,2,1.3333333333333333,At-Risk
CUST-000756,1,5.299392838971498,134,4,1,1,2.0,Other
CUST-000757,1,10.66053092878135,465,2,1,1,1.3333333333333333,At-Risk
CUST-000758,2,5101.8256708734525,312,3,4,5,4.0,Potential Loyalists
CUST-000759,1,49.64807729193295,522,1,1,3,1.6666666666666667,At-Risk
CUST-000760,1,6.817954959262749,523,1,1,1,1.0,Lost
CUST-000761,2,439.9759735417635,421,2,4,5,3.6666666666666665,Other
CUST-000762,1,16.90942623098508,635,1,1,1,1.0,Lost
CUST-000763,1,160.53369876610395,114,4,1,4,3.0,Other
CUST-000764,1,6.759680173292624,28,5,1,1,2.3333333333333335,Other
CUST-000765,1,180.64724824101324,355,3,1,5,3.0,Other
CUST-000766,1,226.24331320633135,105,5,1,5,3.6666666666666665,Other
CUST-000767,1,26.133643204597096,376,2,1,2,1.6666666666666667,At-Risk
CUST-000768,2,30.729525617416975,214,4,4,2,3.3333333333333335,Other
CUST-000769,2,332.6994551097358,349,3,4,5,4.0,Potential Loyalists
CUST-000770,4,272.9883682541638,16,5,5,5,5.0,Champions
CUST-000771,3,256.49812953496814,122,4,5,5,4.666666666666667,Champions
CUST-000772,2,45.42396851022799,553,1,4,3,2.6666666666666665,Other
CUST-000773,1,152.36881475235842,304,3,1,4,2.6666666666666665,Other
CUST-000774,1,266.975178833168,558,1,1,5,2.3333333333333335,At-Risk
CUST-000775,1,20.83835498990143,487,2,1,2,1.6666666666666667,At-Risk
CUST-000776,3,300.7475283966679,211,4,5,5,4.666666666666667,Champions
CUST-000777,1,26.84020039231525,79,5,1,2,2.6666666666666665,Other
CUST-000778,1,131.1779959076436,508,2,1,4,2.3333333333333335,At-Risk
CUST-000779,3,12797.680207259351,82,5,5,5,5.0,Champions
CUST-000780,1,9.630458412185318,367,2,1,1,1.3333333333333333,At-Risk
CUST-000781,1,161.0433442675898,354,3,1,5,3.0,Other
CUST-000782,2,243.41018306982676,121,4,4,5,4.333333333333333,Champions
CUST-000783,1,82.98864419633175,551,1,1,4,2.0,At-Risk
CUST-000784,1,62.37749583947673,719,1,1,3,1.6666666666666667,At-Risk
CUST-000785,2,90.895518138016,10,5,4,4,4.333333333333333,Champions
CUST-000786,2,91.65585748195943,75,5,4,4,4.333333333333333,Champions
CUST-000787,1,47.38411388493249,304,3,1,3,2.3333333333333335,Other
CUST-000788,1,70.52898664740938,669,1,1,3,1.6666666666666667,At-Risk
CUST-000789,1,13.054339561960283,718,1,1,1,1.0,Lost
CUST-000790,1,180.35693723759823,341,3,1,5,3.0,Other
CUST-000791,1,29.639125744903524,337,3,1,2,2.0,Other
CUST-000792,2,79.4142092537919,36,5,4,3,4.0,Potential Loyalists
CUST-000793,1,40.31541669214957,291,3,1,2,2.0,Other
CUST-000794,2,138.4939408840262,49,5,4,4,4.333333333333333,Champions
CUST-000795,1,3.5427158282226348,407,2,1,1,1.3333333333333333,At-Risk
CUST-000796,1,154.06883162070628,630,1,1,4,2.0,At-Risk
CUST-000797,1,13.833593659633705,640,1,1,1,1.0,Lost
CUST-000798,1,3.3495277866313167,606,1,1,1,1.0,Lost
CUST-000799,1,41.06909131485069,430,2,1,2,1.6666666666666667,At-Risk
CUST-000800,1,6.281764481868379,145,4,1,1,2.0,Other
CUST-000801,1,58.47536384483067,117,4,1,3,2.6666666666666665,Other
CUST-000802,1,45.00088811890749,83,5,1,3,3.0,Other
CUST-000803,2,157.6169556351952,274,3,4,4,3.6666666666666665,Potential Loyalists
CUST-000804,1,80.51032390096103,261,3,1,4,2.6666666666666665,Other
CUST-000805,2,85.11001083814097,51,5,4,4,4.333333333333333,Champions
CUST-000806,1,73.33865106359524,186,4,1,3,2.6666666666666665,Other
CUST-000807,2,198.44826038469625,244,3,4,5,4.0,Potential Loyalists
CUST-000808,2,61.13413032733091,141,4,4,3,3.6666666666666665,Potential Loyalists
CUST-000809,2,93.15593120277136,141,4,4,4,4.0,Champions
CUST-000810,1,107.31824886485474,594,1,1,4,2.0,At-Risk
CUST-000811,1,18.34797128949605,524,1,1,1,1.0,Lost
CUST-000812,1,268.60145011315586,273,3,1,5,3.0,Other
CUST-000813,1,378.0992875944893,340,3,1,5,3.0,Other
CUST-000814,1,107.94966113874725,110,4,1,4,3.0,Other
CUST-000815,2,420.83573305330265,112,4,4,5,4.333333333333333,Champions
CUST-000816,1,39.18319002954548,18,5,1,2,2.6666666666666665,Other
CUST-000817,2,23.76407718392189,53,5,4,2,3.6666666666666665,Other
CUST-000818,1,30.650864434507284,424,2,1,2,1.6666666666666667,At-Risk
CUST-000819,1,167.58342997290694,272,3,1,5,3.0,Other
CUST-000820,1,37.36863137480044,9,5,1,2,2.6666666666666665,Other
CUST-000821,1,367.4957214756811,423,2,1,5,2.6666666666666665,At-Risk
CUST-000822,1,6.126292634177857,491,2,1,1,1.3333333333333333,At-Risk
CUST-000823,2,29.792838530782234,176,4,4,2,3.3333333333333335,Other
CUST-000824,2,108.80045787393306,359,2,4,4,3.3333333333333335,Other
CUST-000825,3,152.88540211691875,512,2,5,4,3.6666666666666665,Other
CUST-000826,2,34.05160584142501,94,5,4,2,3.6666666666666665,Other
CUST-000827,1,2.828219407397665,272,3,1,1,1.6666666666666667,Other
CUST-000828,2,37.57370236920982,482,2,4,2,2.6666666666666665,Other
CUST-000829,1,15.096297316825677,56,5,1,1,2.3333333333333335,Other
CUST-000830,1,20.49235547353305,154,4,1,2,2.3333333333333335,Other
CUST-000831,3,406.0982864834009,161,4,5,5,4.666666666666667,Champions
CUST-000832,1,60.517288363116336,282,3,1,3,2.3333333333333335,Other
CUST-000833,2,68.51608390953419,39,5,4,3,4.0,Potential Loyalists
CUST-000834,1,46.64138648143389,479,2,1,3,2.0,At-Risk
CUST-000835,1,23.771970054091273,534,1,1,2,1.3333333333333333,At-Risk
CUST-000836,1,13.187779555913124,37,5,1,1,2.3333333333333335,Other
CUST-000837,1,20.52927909311569,124,4,1,2,2.3333333333333335,Other
CUST-000839,1,17.86839255624682,150,4,1,1,2.0,Other
CUST-000840,1,19.35715383875228,547,1,1,2,1.3333333333333333,At-Risk
CUST-000841,1,402.2447996473451,353,3,1,5,3.0,Other
CUST-000842,1,10.656940048028629,59,5,1,1,2.3333333333333335,Other
CUST-000843,1,23.57346711724072,249,3,1,2,2.0,Other
CUST-000844,1,17.775181667853644,167,4,1,1,2.0,Other
CUST-000845,2,66.9342630114712,532,1,4,3,2.6666666666666665,Other
CUST-000846,2,10.725124318051364,14,5,4,1,3.3333333333333335,Other
CUST-000847,2,66.06947792886078,583,1,4,3,2.6666666666666665,Other
CUST-000849,1,193.5541319963289,368,2,1,5,2.6666666666666665,At-Risk
CUST-000850,1,60.03265205160545,554,1,1,3,1.6666666666666667,At-Risk
CUST-000851,1,35.95117228812916,333,3,1,2,2.0,Other
CUST-000852,2,115.22624097766914,164,4,4,4,4.0,Champions
CUST-000853,1,7.902937931236035,140,4,1,1,2.0,Other
CUST-000854,2,109.46315470132055,513,2,4,4,3.3333333333333335,Other
CUST-000855,2,265.2526451334538,330,3,4,5,4.0,Potential Loyalists
CUST-000856,2,113.82081113648675,441,2,4,4,3.3333333333333335,Other
CUST-000857,1,60.00436407860288,368,2,1,3,2.0,At-Risk
CUST-000858,1,25.59951854173577,194,4,1,2,2.3333333333333335,Other
CUST-000859,1,13.235530566754116,390,2,1,1,1.3333333333333333,At-Risk
CUST-000860,2,51.86362784162774,546,1,4,3,2.6666666666666665,Other
CUST-000861,2,42.483483571049334,400,2,4,3,3.0,Other
CUST-000862,3,165.63905936637673,113,4,5,5,4.666666666666667,Champions
CUST-000863,1,67.68628067159273,235,3,1,3,2.3333333333333335,Other
CUST-000864,2,82.14826568245327,270,3,4,4,3.6666666666666665,Potential Loyalists
CUST-000865,2,12386.31834601715,213,4,4,5,4.333333333333333,Champions
CUST-000866,1,190.337605217701,443,2,1,5,2.6666666666666665,At-Risk
CUST-000867,1,8.094100505346969,525,1,1,1,1.0,Lost
CUST-000868,2,40.457967668592055,97,5,4,2,3.6666666666666665,Other
CUST-000869,1,71.43239653238145,656,1,1,3,1.6666666666666667,At-Risk
CUST-000870,2,154.06929122685418,216,4,4,4,4.0,Champions
CUST-000871,2,206.08506042053267,165,4,4,5,4.333333333333333,Champions
CUST-000872,1,83.8643874183602,195,4,1,4,3.0,Other
CUST-000873,1,61.4158524751954,435,2,1,3,2.0,At-Risk
CUST-000874,1,282.3143226185178,498,2,1,5,2.6666666666666665,At-Risk
CUST-000875,2,44.955757822801004,260,3,4,3,3.3333333333333335,Potential Loyalists
CUST-000876,1,268.3059098033204,639,1,1,5,2.3333333333333335,At-Risk
CUST-000877,3,566.0814826631317,61,5,5,5,5.0,Champions
CUST-000878,1,667.4622285793695,83,5,1,5,3.6666666666666665,Other
CUST-000879,2,51.87142879037221,452,2,4,3,3.0,Other
CUST-000880,1,10405.758191154351,86,5,1,5,3.6666666666666665,Other
CUST-000881,1,24.151159576418028,651,1,1,2,1.3333333333333333,At-Risk
CUST-000882,1,11326.037950794112,543,1,1,5,2.3333333333333335,At-Risk
CUST-000883,4,98.6407420681911,8,5,5,4,4.666666666666667,Champions
CUST-000884,1,8.570675813621456,461,2,1,1,1.3333333333333333,At-Risk
CUST-000885,1,16.13600529424572,704,1,1,1,1.0,Lost
CUST-000886,1,55.72455909610768,125,4,1,3,2.6666666666666665,Other
CUST-000887,3,251.87863206800273,56,5,5,5,5.0,Champions
CUST-000888,2,182.99521486522235,50,5,4,5,4.666666666666667,Champions
CUST-000889,1,35.801688185692264,556,1,1,2,1.3333333333333333,At-Risk
CUST-000890,1,6.333941719754476,604,1,1,1,1.0,Lost
CUST-000891,2,64.20266864625772,133,4,4,3,3.6666666666666665,Potential Loyalists
CUST-000892,2,119.15280257761457,229,3,4,4,3.6666666666666665,Potential Loyalists
CUST-000893,2,14540.938787555395,105,5,4,5,4.666666666666667,Champions
CUST-000894,1,306.2615428590028,348,3,1,5,3.0,Other
CUST-000895,2,12762.153128416954,74,5,4,5,4.666666666666667,Champions
CUST-000896,1,37.28904900805026,211,4,1,2,2.3333333333333335,Other
CUST-000897,2,113.64585479239658,12,5,4,4,4.333333333333333,Champions
CUST-000898,2,236.20049173557632,37,5,4,5,4.666666666666667,Champions
CUST-000899,1,133.39454491978194,576,1,1,4,2.0,At-Risk
CUST-000900,2,195.1576398743952,229,3,4,5,4.0,Potential Loyalists
CUST-000901,1,111.87807210711551,614,1,1,4,2.0,At-Risk
CUST-000902,1,5.280930359412787,676,1,1,1,1.0,Lost
CUST-000903,1,421.0788354575621,571,1,1,5,2.3333333333333335,At-Risk
CUST-000904,1,6.393849142060238,220,4,1,1,2.0,Other
CUST-000905,2,37.81196417147517,223,3,4,2,3.0,Other
CUST-000906,2,43.057810948935725,142,4,4,3,3.6666666666666665,Potential Loyalists
CUST-000907,1,129.33142016315938,114,4,1,4,3.0,Other
CUST-000908,1,653.3012604450029,46,5,1,5,3.6666666666666665,Other
CUST-000909,1,32.74171085865065,373,2,1,2,1.6666666666666667,At-Risk
CUST-000910,1,44.459740659715386,695,1,1,3,1.6666666666666667,At-Risk
CUST-000911,3,109.39180082495471,2,5,5,4,4.666666666666667,Champions
CUST-000912,1,111.01378150181546,267,3,1,4,2.6666666666666665,Other
CUST-000913,1,58.54302422781917,273,3,1,3,2.3333333333333335,Other
CUST-000914,2,69.57025792338865,179,4,4,3,3.6666666666666665,Potential Loyalists
CUST-000915,1,190.92231131370085,269,3,1,5,3.0,Other
CUST-000916,1,8.422162418324351,184,4,1,1,2.0,Other
CUST-000917,1,26.37265946457017,626,1,1,2,1.3333333333333333,At-Risk
CUST-000918,3,130.2389987563138,315,3,5,4,4.0,Potential Loyalists
CUST-000919,2,113.59539609082222,264,3,4,4,3.6666666666666665,Potential Loyalists
CUST-000920,3,183.00221815560957,60,5,5,5,5.0,Champions
CUST-000921,3,74.0485934464878,86,5,5,3,4.333333333333333,Potential Loyalists
CUST-000922,1,155.74671406122513,10,5,1,4,3.3333333333333335,Other
CUST-000923,3,444.89615689337296,65,5,5,5,5.0,Champions
CUST-000924,3,94.62235656371368,99,5,5,4,4.666666666666667,Champions
CUST-000925,3,64.18586250330982,29,5,5,3,4.333333333333333,Potential Loyalists
CUST-000926,1,5.284252080326516,486,2,1,1,1.3333333333333333,At-Risk
CUST-000927,2,17.50201034516371,87,5,4,1,3.3333333333333335,Other
CUST-000928,1,46.4615687604099,205,4,1,3,2.6666666666666665,Other
CUST-000929,2,24.87525449597616,391,2,4,2,2.6666666666666665,Other
CUST-000930,1,75.3614028075909,307,3,1,3,2.3333333333333335,Other
CUST-000931,1,11.54199703820546,508,2,1,1,1.3333333333333333,At-Risk
CUST-000932,2,26.645456970789354,387,2,4,2,2.6666666666666665,Other
CUST-000933,1,40.4222842790696,439,2,1,2,1.6666666666666667,At-Risk
CUST-000934,2,76.96293504532574,101,5,4,3,4.0,Potential Loyalists
CUST-000935,1,23.16324069652665,154,4,1,2,2.3333333333333335,Other
CUST-000936,2,10762.395408119355,505,2,4,5,3.6666666666666665,Other
CUST-000937,2,27.658989752884658,165,4,4,2,3.3333333333333335,Other
CUST-000938,1,30.141307293368747,725,1,1,2,1.3333333333333333,At-Risk
CUST-000939,1,39.813560329966094,167,4,1,2,2.3333333333333335,Other
CUST-000940,1,11.080873381055664,576,1,1,1,1.0,Lost
CUST-000941,1,187.93292329435656,694,1,1,5,2.3333333333333335,At-Risk
CUST-000942,2,288.35625745472163,160,4,4,5,4.333333333333333,Champions
CUST-000943,1,1143.027722359533,526,1,1,5,2.3333333333333335,At-Risk
CUST-000944,2,167.45350517798514,210,4,4,5,4.333333333333333,Champions
CUST-000945,1,75.38519876372831,163,4,1,3,2.6666666666666665,Other
CUST-000946,1,7.467393527363304,451,2,1,1,1.3333333333333333,At-Risk
CUST-000947,3,182.0035601348864,142,4,5,5,4.666666666666667,Champions
CUST-000948,1,72.28193327942655,355,3,1,3,2.3333333333333335,Other
CUST-000949,2,35.82407756964729,243,3,4,2,3.0,Other
CUST-000950,1,102.3461248149774,633,1,1,4,2.0,At-Risk
CUST-000951,2,169.12703280478593,188,4,4,5,4.333333333333333,Champions
CUST-000952,2,5555.79634669233,287,3,4,5,4.0,Potential Loyalists
CUST-000953,1,45.27924451106429,405,2,1,3,2.0,At-Risk
CUST-000954,2,59.11915207674837,262,3,4,3,3.3333333333333335,Potential Loyalists
CUST-000955,3,184.24296141499931,201,4,5,5,4.666666666666667,Champions
CUST-000956,2,7263.872034661454,32,5,4,5,4.666666666666667,Champions
CUST-000957,5,158.87448119906705,58,5,5,4,4.666666666666667,Champions
CUST-000958,1,12.234683587053627,72,5,1,1,2.3333333333333335,Other
CUST-000959,1,6.8847033478290145,320,3,1,1,1.6666666666666667,Other
CUST-000960,2,231.57893865236758,158,4,4,5,4.333333333333333,Champions
CUST-000961,1,44.33143211657576,323,3,1,3,2.3333333333333335,Other
CUST-000962,2,185.63119257474932,391,2,4,5,3.6666666666666665,Other
CUST-000963,1,1.875768049879419,504,2,1,1,1.3333333333333333,At-Risk
CUST-000964,3,153.7809084918204,169,4,5,4,4.333333333333333,Champions
CUST-000965,1,18.49417197986639,329,3,1,1,1.6666666666666667,Other
CUST-000966,1,13.03567667498915,58,5,1,1,2.3333333333333335,Other
CUST-000967,2,17.96144091256939,278,3,4,1,2.6666666666666665,Other
CUST-000968,1,154.73058493393813,178,4,1,4,3.0,Other
CUST-000969,2,32.63657456986199,210,4,4,2,3.3333333333333335,Other
CUST-000970,2,125.71324303500404,262,3,4,4,3.6666666666666665,Potential Loyalists
CUST-000971,1,63.78501537376292,473,2,1,3,2.0,At-Risk
CUST-000972,1,26.1684405047294,212,4,1,2,2.3333333333333335,Other
CUST-000973,3,110.60864573125374,77,5,5,4,4.666666666666667,Champions
CUST-000975,3,555.3440936497706,199,4,5,5,4.666666666666667,Champions
CUST-000976,2,375.8650504061791,459,2,4,5,3.6666666666666665,Other
CUST-000977,1,23.30462229653558,233,3,1,2,2.0,Other
CUST-000978,1,1122.3274753288424,359,2,1,5,2.6666666666666665,At-Risk
CUST-000979,1,139.4450476242343,113,4,1,4,3.0,Other
CUST-000980,1,66.42597937703064,551,1,1,3,1.6666666666666667,At-Risk
CUST-000981,2,30.74742395880449,131,4,4,2,3.3333333333333335,Other
CUST-000982,1,101.28405488409685,367,2,1,4,2.3333333333333335,At-Risk
CUST-000983,1,14.236937918499434,229,3,1,1,1.6666666666666667,Other
CUST-000984,1,24.794789817997003,641,1,1,2,1.3333333333333333,At-Risk
CUST-000985,3,317.4048105625251,3,5,5,5,5.0,Champions
CUST-000986,2,132.62925786802214,336,3,4,4,3.6666666666666665,Potential Loyalists
CUST-000987,2,23.574788172282027,322,3,4,2,3.0,Other
CUST-000988,4,241.71429098136758,286,3,5,5,4.333333333333333,Potential Loyalists
CUST-000989,2,88.77964479340622,79,5,4,4,4.333333333333333,Champions
CUST-000990,2,166.12812984951964,259,3,4,5,4.0,Potential Loyalists
CUST-000991,2,82.23834839166716,412,2,4,4,3.3333333333333335,Other
CUST-000992,2,31.21799911085246,347,3,4,2,3.0,Other
CUST-000993,2,484.43452477472647,314,3,4,5,4.0,Potential Loyalists
CUST-000994,1,36.73967291826368,410,2,1,2,1.6666666666666667,At-Risk
CUST-000995,1,17.899790451849242,331,3,1,1,1.6666666666666667,Other
CUST-000996,2,104.53071621845685,90,5,4,4,4.333333333333333,Champions
CUST-000997,1,3.4935527611675887,297,3,1,1,1.6666666666666667,Other
CUST-000998,1,88.35490490638709,708,1,1,4,2.0,At-Risk
CUST-000999,1,93.98899486960876,18,5,1,4,3.3333333333333335,Other
CUST-001000,2,52.30477265110321,127,4,4,3,3.6666666666666665,Potential Loyalists
CUST-001001,2,132.53879190982002,80,5,4,4,4.333333333333333,Champions
CUST-001002,2,606.7623349033936,14,5,4,5,4.666666666666667,Champions
CUST-001003,1,25.834174232695553,479,2,1,2,1.6666666666666667,At-Risk
CUST-001004,2,35.948088965990486,96,5,4,2,3.6666666666666665,Other
CUST-001005,1,71.03873470717532,413,2,1,3,2.0,At-Risk
CUST-001006,1,101.19341412693863,610,1,1,4,2.0,At-Risk
CUST-001007,1,9.31834511451779,215,4,1,1,2.0,Other
CUST-001008,2,68.35275609459775,268,3,4,3,3.3333333333333335,Potential Loyalists
CUST-001009,2,14820.112333137375,308,3,4,5,4.0,Potential Loyalists
CUST-001010,1,35.23683618145647,551,1,1,2,1.3333333333333333,At-Risk
CUST-001011,1,5.791679822124747,206,4,1,1,2.0,Other
CUST-001012,1,5515.235801316678,566,1,1,5,2.3333333333333335,At-Risk
CUST-001013,3,274.6326303785351,33,5,5,5,5.0,Champions
CUST-001014,2,123.54549428468594,57,5,4,4,4.333333333333333,Champions
CUST-001015,2,28.989552054575668,116,4,4,2,3.3333333333333335,Other
CUST-001016,2,317.5568482444872,154,4,4,5,4.333333333333333,Champions
CUST-001017,2,26.459211295656985,24,5,4,2,3.6666666666666665,Other
CUST-001018,1,50.79105621147637,23,5,1,3,3.0,Other
CUST-001019,1,351.0000457452574,349,3,1,5,3.0,Other
CUST-001020,2,27.173603172139668,126,4,4,2,3.3333333333333335,Other
CUST-001021,1,17.43533473230086,112,4,1,1,2.0,Other
CUST-001022,2,59.8994402739407,296,3,4,3,3.3333333333333335,Potential Loyalists
CUST-001023,1,15.681277951685368,616,1,1,1,1.0,Lost
CUST-001024,1,50.25552907950769,587,1,1,3,1.6666666666666667,At-Risk
CUST-001025,1,99.57919065521752,634,1,1,4,2.0,At-Risk
CUST-001027,1,15.937442980098645,367,2,1,1,1.3333333333333333,At-Risk
CUST-001028,1,16.586222012452613,336,3,1,1,1.6666666666666667,Other
CUST-001029,1,30.105594668540576,340,3,1,2,2.0,Other
CUST-001030,2,83.66360801250127,29,5,4,4,4.333333333333333,Champions
CUST-001031,1,31.03232488532234,507,2,1,2,1.6666666666666667,At-Risk
CUST-001032,1,26.71561079575048,164,4,1,2,2.3333333333333335,Other
CUST-001033,2,85.85279784859583,518,2,4,4,3.3333333333333335,Other
CUST-001034,1,71.51525070414648,383,2,1,3,2.0,At-Risk
CUST-001035,1,86.0352458123827,706,1,1,4,2.0,At-Risk
CUST-001036,1,75.33051540332852,44,5,1,3,3.0,Other
CUST-001037,2,14.476978031922748,413,2,4,1,2.3333333333333335,Other
CUST-001038,2,149.78493059843274,180,4,4,4,4.0,Champions
CUST-001039,1,50.13005485548548,482,2,1,3,2.0,At-Risk
CUST-001040,1,141.1470791467758,197,4,1,4,3.0,Other
CUST-001041,2,197.91811859384975,34,5,4,5,4.666666666666667,Champions
CUST-001042,1,39.013960437718104,129,4,1,2,2.3333333333333335,Other
CUST-001043,1,3.259440842287721,129,4,1,1,2.0,Other
CUST-001044,1,22.701463390781843,594,1,1,2,1.3333333333333333,At-Risk
CUST-001045,1,151.1399742406876,38,5,1,4,3.3333333333333335,Other
CUST-001046,2,31.569298618025446,410,2,4,2,2.6666666666666665,Other
CUST-001047,1,3.202979873024624,519,2,1,1,1.3333333333333333,At-Risk
CUST-001048,1,605.2312037616242,90,5,1,5,3.6666666666666665,Other
CUST-001049,3,147.37306473915075,16,5,5,4,4.666666666666667,Champions
CUST-001050,1,9.369866788293985,684,1,1,1,1.0,Lost
CUST-001051,2,253.23880015398203,384,2,4,5,3.6666666666666665,Other
CUST-001052,2,91.4927512623839,430,2,4,4,3.3333333333333335,Other
CUST-001053,1,13.766018111772851,419,2,1,1,1.3333333333333333,At-Risk
CUST-001054,1,86.60714815375023,389,2,1,4,2.3333333333333335,At-Risk
CUST-001055,2,78.66809313535626,260,3,4,3,3.3333333333333335,Potential Loyalists
CUST-001056,1,23.756995524808517,521,1,1,2,1.3333333333333333,At-Risk
CUST-001057,1,20.323468728491783,153,4,1,2,2.3333333333333335,Other
CUST-001058,1,63.723586155606014,578,1,1,3,1.6666666666666667,At-Risk
CUST-001059,2,134.108039235137,90,5,4,4,4.333333333333333,Champions
CUST-001060,2,438.81782032144923,413,2,4,5,3.6666666666666665,Other
CUST-001061,2,199.20648387673572,227,3,4,5,4.0,Potential Loyalists
CUST-001062,1,1.9383324620352231,406,2,1,1,1.3333333333333333,At-Risk
CUST-001063,2,208.40797205174886,469,2,4,5,3.6666666666666665,Other
CUST-001064,2,210.87203494353858,471,2,4,5,3.6666666666666665,Other
CUST-001065,1,18.23179503130729,161,4,1,1,2.0,Other
CUST-001066,2,76.48337723584358,37,5,4,3,4.0,Potential Loyalists
CUST-001067,2,85.7699448692983,287,3,4,4,3.6666666666666665,Potential Loyalists
CUST-001068,1,485.25284710276503,607,1,1,5,2.3333333333333335,At-Risk
CUST-001069,1,27.095507043005888,427,2,1,2,1.6666666666666667,At-Risk
CUST-001070,2,358.8718199370341,352,3,4,5,4.0,Potential Loyalists
CUST-001071,1,109.77250459806312,301,3,1,4,2.6666666666666665,Other
CUST-001072,1,6.269147850349284,638,1,1,1,1.0,Lost
CUST-001073,3,160.5816096023978,163,4,5,4,4.333333333333333,Champions
CUST-001074,2,88.15547182026916,330,3,4,4,3.6666666666666665,Potential Loyalists
CUST-001075,1,140.1742691799051,400,2,1,4,2.3333333333333335,At-Risk
CUST-001076,1,21.41250475829081,352,3,1,2,2.0,Other
CUST-001077,1,7.4851734248568,148,4,1,1,2.0,Other
CUST-001078,2,143.4375925954212,231,3,4,4,3.6666666666666665,Potential Loyalists
CUST-001079,1,320.687686413342,299,3,1,5,3.0,Other
CUST-001080,1,19.68252635012108,265,3,1,2,2.0,Other
CUST-001081,2,41.28904507708007,565,1,4,3,2.6666666666666665,Other
CUST-001082,2,64.09984424737276,389,2,4,3,3.0,Other
CUST-001083,1,46.918609052184145,69,5,1,3,3.0,Other
CUST-001084,1,207.06787328218985,574,1,1,5,2.3333333333333335,At-Risk
CUST-001085,1,76.85393091346171,348,3,1,3,2.3333333333333335,Other
CUST-001086,1,29.474090451545138,45,5,1,2,2.6666666666666665,Other
CUST-001087,1,139.93917088548773,222,3,1,4,2.6666666666666665,Other
CUST-001088,1,6.949501369395847,332,3,1,1,1.6666666666666667,Other
CUST-001089,1,68.05948316315241,566,1,1,3,1.6666666666666667,At-Risk
CUST-001090,2,57.97666319500661,605,1,4,3,2.6666666666666665,Other
CUST-001091,1,189.2690470063412,200,4,1,5,3.3333333333333335,Other
CUST-001092,1,18.86378850726396,179,4,1,2,2.3333333333333335,Other
CUST-001093,1,34.362757195526726,11,5,1,2,2.6666666666666665,Other
CUST-001094,1,34.37865259759961,186,4,1,2,2.3333333333333335,Other
CUST-001095,3,79.3218480113828,21,5,5,3,4.333333333333333,Potential Loyalists
CUST-001096,1,83.17371220501224,422,2,1,4,2.3333333333333335,At-Risk
CUST-001097,2,187.7092688963972,45,5,4,5,4.666666666666667,Champions
CUST-001098,1,44.41429178234804,442,2,1,3,2.0,At-Risk
CUST-001099,4,94.5540014105366,365,2,5,4,3.6666666666666665,Other
CUST-001100,1,4.77108132353485,318,3,1,1,1.6666666666666667,Other
CUST-001101,2,28.10889676465535,328,3,4,2,3.0,Other
CUST-001102,1,33.09801178326601,236,3,1,2,2.0,Other
CUST-001103,2,356.35702413702063,55,5,4,5,4.666666666666667,Champions
CUST-001104,1,98.59915635148823,150,4,1,4,3.0,Other
CUST-001105,2,175.550970469341,175,4,4,5,4.333333333333333,Champions
CUST-001106,2,158.26678142014114,19,5,4,4,4.333333333333333,Champions
CUST-001107,2,136.18614415535563,75,5,4,4,4.333333333333333,Champions
CUST-001108,1,31.04726064557657,386,2,1,2,1.6666666666666667,At-Risk
CUST-001109,1,39.40089870279092,94,5,1,2,2.6666666666666665,Other
CUST-001110,1,48.98243683673002,50,5,1,3,3.0,Other
CUST-001111,1,50.86077278211586,691,1,1,3,1.6666666666666667,At-Risk
CUST-001112,1,39.360955580792826,420,2,1,2,1.6666666666666667,At-Risk
CUST-001113,1,20.044643705659336,19,5,1,2,2.6666666666666665,Other
CUST-001114,1,40.63395039500189,293,3,1,2,2.0,Other
CUST-001115,1,17.872744858242037,30,5,1,1,2.3333333333333335,Other
CUST-001116,1,4.091846658291397,515,2,1,1,1.3333333333333333,At-Risk
CUST-001117,2,67.92530876597233,187,4,4,3,3.6666666666666665,Potential Loyalists
CUST-001118,2,11.946303124634987,79,5,4,1,3.3333333333333335,Other
CUST-001119,1,84.88407625926266,635,1,1,4,2.0,At-Risk
CUST-001121,2,214.27627046991276,266,3,4,5,4.0,Potential Loyalists
CUST-001122,1,70.90902950100937,382,2,1,3,2.0,At-Risk
CUST-001123,1,6.623047215630454,384,2,1,1,1.3333333333333333,At-Risk
CUST-001124,1,120.46915111652002,559,1,1,4,2.0,At-Risk
CUST-001125,3,78.20554461160907,309,3,5,3,3.6666666666666665,Potential Loyalists
CUST-001126,3,556.5716603268677,344,3,5,5,4.333333333333333,Potential Loyalists
CUST-001127,1,30.378775249787747,699,1,1,2,1.3333333333333333,At-Risk
CUST-001128,1,6.268873087959832,657,1,1,1,1.0,Lost
CUST-001129,1,17.5729168244373,420,2,1,1,1.3333333333333333,At-Risk
CUST-001130,1,52.56836940203929,536,1,1,3,1.6666666666666667,At-Risk
CUST-001131,2,334.4951672245424,138,4,4,5,4.333333333333333,Champions
CUST-001132,1,15.604251345807947,677,1,1,1,1.0,Lost
CUST-001133,2,52.700797425769736,77,5,4,3,4.0,Potential Loyalists
CUST-001134,1,33.57888136154455,54,5,1,2,2.6666666666666665,Other
CUST-001135,3,866.8226951449703,177,4,5,5,4.666666666666667,Champions
CUST-001136,2,259.8578917515277,71,5,4,5,4.666666666666667,Champions
CUST-001137,3,191.79267058869584,503,2,5,5,4.0,Other
CUST-001138,2,28.464380832137415,344,3,4,2,3.0,Other
CUST-001139,2,63.843790737635146,505,2,4,3,3.0,Other
CUST-001140,1,73.04475062264984,553,1,1,3,1.6666666666666667,At-Risk
CUST-001141,2,37.9942547883051,47,5,4,2,3.6666666666666665,Other
CUST-001142,3,31.378262891392012,334,3,5,2,3.3333333333333335,Other
CUST-001143,1,45.00309383683094,552,1,1,3,1.6666666666666667,At-Risk
CUST-001144,1,88.00867977281622,408,2,1,4,2.3333333333333335,At-Risk
CUST-001145,1,17.213716153988166,29,5,1,1,2.3333333333333335,Other
CUST-001146,1,328.95106867492416,299,3,1,5,3.0,Other
CUST-001147,1,29.007429772530607,87,5,1,2,2.6666666666666665,Other
CUST-001148,1,13.952574162959412,437,2,1,1,1.3333333333333333,At-Risk
CUST-001149,1,49.94138948503654,199,4,1,3,2.6666666666666665,Other
CUST-001150,1,135.70878115635705,571,1,1,4,2.0,At-Risk
CUST-001151,1,9.926127914222672,503,2,1,1,1.3333333333333333,At-Risk
CUST-001152,2,22.284538529457258,192,4,4,2,3.3333333333333335,Other
CUST-001153,1,1.5642999994938127,656,1,1,1,1.0,Lost
CUST-001154,1,131.3599776740321,670,1,1,4,2.0,At-Risk
CUST-001155,2,37.88309717199673,627,1,4,2,2.3333333333333335,Other
CUST-001156,1,118.91823191971876,252,3,1,4,2.6666666666666665,Other
CUST-001157,1,178.16092710908737,244,3,1,5,3.0,Other
CUST-001158,1,21.368473630198025,387,2,1,2,1.6666666666666667,At-Risk
CUST-001159,1,89.68031270428096,148,4,1,4,3.0,Other
CUST-001160,2,36.21504616453698,98,5,4,2,3.6666666666666665,Other
CUST-001161,1,24.635765091426727,597,1,1,2,1.3333333333333333,At-Risk
CUST-001162,2,87.00150804490053,520,2,4,4,3.3333333333333335,Other
CUST-001163,1,42.75228826407168,11,5,1,3,3.0,Other
CUST-001164,1,24.93793285902319,77,5,1,2,2.6666666666666665,Other
CUST-001165,1,75.84309943406609,401,2,1,3,2.0,At-Risk
CUST-001166,2,256.984967436829,372,2,4,5,3.6666666666666665,Other
CUST-001167,1,25.369396452633087,610,1,1,2,1.3333333333333333,At-Risk
CUST-001168,2,53.34688198019969,357,3,4,3,3.3333333333333335,Potential Loyalists
CUST-001169,1,21.03987618550592,173,4,1,2,2.3333333333333335,Other
CUST-001170,2,18.16851327196626,64,5,4,1,3.3333333333333335,Other
CUST-001171,2,21.430259679183557,150,4,4,2,3.3333333333333335,Other
CUST-001172,2,37.24903770806429,212,4,4,2,3.3333333333333335,Other
CUST-001173,1,20.6174754874168,49,5,1,2,2.6666666666666665,Other
CUST-001174,1,30.70615419304023,27,5,1,2,2.6666666666666665,Other
CUST-001175,1,84.46931297652385,674,1,1,4,2.0,At-Risk
CUST-001176,1,80.95981926510825,302,3,1,4,2.6666666666666665,Other
CUST-001177,1,17.465033829537287,155,4,1,1,2.0,Other
CUST-001178,2,30.89261758862157,377,2,4,2,2.6666666666666665,Other
CUST-001179,1,74.02203547808915,571,1,1,3,1.6666666666666667,At-Risk
CUST-001180,2,54.51432834199611,277,3,4,3,3.3333333333333335,Potential Loyalists
CUST-001181,1,25.20087016435122,147,4,1,2,2.3333333333333335,Other
CUST-001182,1,8.374615887003309,405,2,1,1,1.3333333333333333,At-Risk
CUST-001183,1,9.135653589901136,545,1,1,1,1.0,Lost
CUST-001184,1,32.49825672748655,4,5,1,2,2.6666666666666665,Other
CUST-001185,5,339.3582230507209,94,5,5,5,5.0,Champions
CUST-001186,2,721.9676328302021,190,4,4,5,4.333333333333333,Champions
CUST-001187,2,37.30091112984758,42,5,4,2,3.6666666666666665,Other
CUST-001188,1,237.32930754147188,369,2,1,5,2.6666666666666665,At-Risk
CUST-001189,1,8.2990975987369,586,1,1,1,1.0,Lost
CUST-001190,1,2.57209114371328,438,2,1,1,1.3333333333333333,At-Risk
CUST-001191,1,12.291170689468704,639,1,1,1,1.0,Lost
CUST-001192,2,139.07153824881178,80,5,4,4,4.333333333333333,Champions
CUST-001193,2,95.40240442389228,238,3,4,4,3.6666666666666665,Potential Loyalists
CUST-001194,1,88.75706315341617,407,2,1,4,2.3333333333333335,At-Risk
CUST-001195,1,28.483670984033395,115,4,1,2,2.3333333333333335,Other
CUST-001196,1,39.40923324227832,434,2,1,2,1.6666666666666667,At-Risk
CUST-001197,2,24.01395274099518,449,2,4,2,2.6666666666666665,Other
CUST-001198,1,9.452292974921772,387,2,1,1,1.3333333333333333,At-Risk
CUST-001199,2,175.80892328561265,16,5,4,5,4.666666666666667,Champions
CUST-001200,1,26.302484791382113,359,2,1,2,1.6666666666666667,At-Risk
CUST-001201,2,51.739528005712415,145,4,4,3,3.6666666666666665,Potential Loyalists
CUST-001202,1,5.757519376807332,263,3,1,1,1.6666666666666667,Other
CUST-001203,2,47.77214591466928,340,3,4,3,3.3333333333333335,Potential Loyalists
CUST-001204,1,37.69248314833058,510,2,1,2,1.6666666666666667,At-Risk
CUST-001205,1,30.268383105340373,277,3,1,2,2.0,Other
CUST-001206,3,178.9766352694674,14,5,5,5,5.0,Champions
CUST-001207,1,398.7965223595558,389,2,1,5,2.6666666666666665,At-Risk
CUST-001208,2,23.130528530223444,146,4,4,2,3.3333333333333335,Other
CUST-001209,1,7.278909295065792,165,4,1,1,2.0,Other
CUST-001210,1,20.39505012911113,141,4,1,2,2.3333333333333335,Other
CUST-001211,1,50.45017019981395,695,1,1,3,1.6666666666666667,At-Risk
CUST-001212,2,349.81422428753467,83,5,4,5,4.666666666666667,Champions
CUST-001213,1,3.8619818679835385,161,4,1,1,2.0,Other
CUST-001215,2,55.84483325440597,46,5,4,3,4.0,Potential Loyalists
CUST-001216,1,53.07806000193513,600,1,1,3,1.6666666666666667,At-Risk
CUST-001217,2,24.610783899535523,156,4,4,2,3.3333333333333335,Other
CUST-001219,3,72.33611949961234,114,4,5,3,4.0,Potential Loyalists
CUST-001220,1,48.690859879821225,34,5,1,3,3.0,Other
CUST-001221,1,9921.109040068315,358,3,1,5,3.0,Other
CUST-001222,1,27.71027712498234,637,1,1,2,1.3333333333333333,At-Risk
CUST-001223,1,244.09947916971888,518,2,1,5,2.6666666666666665,At-Risk
CUST-001224,1,14.281480320027136,11,5,1,1,2.3333333333333335,Other
CUST-001225,1,10.408183045799117,697,1,1,1,1.0,Lost
CUST-001226,1,16.02057913411635,416,2,1,1,1.3333333333333333,At-Risk
CUST-001227,1,56.16667313113874,543,1,1,3,1.6666666666666667,At-Risk
CUST-001228,2,10327.930883722414,82,5,4,5,4.666666666666667,Champions
CUST-001229,2,66.88949028169257,48,5,4,3,4.0,Potential Loyalists
CUST-001230,2,138.35492825267775,34,5,4,4,4.333333333333333,Champions
CUST-001231,3,59.98818588232551,317,3,5,3,3.6666666666666665,Potential Loyalists
CUST-001232,1,5714.504499006189,453,2,1,5,2.6666666666666665,At-Risk
CUST-001233,1,107.74469803125992,456,2,1,4,2.3333333333333335,At-Risk
CUST-001234,1,10.943988391324586,89,5,1,1,2.3333333333333335,Other
CUST-001235,2,515.1706449879249,403,2,4,5,3.6666666666666665,Other
CUST-001237,1,54.0862447102904,647,1,1,3,1.6666666666666667,At-Risk
CUST-001238,1,1.466793286944754,490,2,1,1,1.3333333333333333,At-Risk
CUST-001239,2,133.29081462436994,141,4,4,4,4.0,Champions
CUST-001240,2,84.14959665182477,23,5,4,4,4.333333333333333,Champions
CUST-001241,2,130.90133045668642,341,3,4,4,3.6666666666666665,Potential Loyalists
CUST-001242,2,50.312490226742575,279,3,4,3,3.3333333333333335,Potential Loyalists
CUST-001243,1,249.50391614246652,31,5,1,5,3.6666666666666665,Other
CUST-001244,2,57.853478736505366,494,2,4,3,3.0,Other
CUST-001245,1,46.81492090465054,230,3,1,3,2.3333333333333335,Other
CUST-001246,1,48.32661010722414,410,2,1,3,2.0,At-Risk
CUST-001247,2,154.40491889391302,15,5,4,4,4.333333333333333,Champions
CUST-001248,1,19.206910637939664,685,1,1,2,1.3333333333333333,At-Risk
CUST-001249,2,223.78368484614754,49,5,4,5,4.666666666666667,Champions
CUST-001250,2,237.76551863161484,214,4,4,5,4.333333333333333,Champions
CUST-001251,1,131.39224999474342,386,2,1,4,2.3333333333333335,At-Risk
CUST-001252,2,90.68320211380251,370,2,4,4,3.3333333333333335,Other
CUST-001253,4,174.52866498376767,74,5,5,5,5.0,Champions
CUST-001254,1,4.326247777123053,710,1,1,1,1.0,Lost
CUST-001255,1,76.94798710448438,114,4,1,3,2.6666666666666665,Other
CUST-001256,1,8.87272882770056,449,2,1,1,1.3333333333333333,At-Risk
CUST-001257,3,114.59274898118808,72,5,5,4,4.666666666666667,Champions
CUST-001258,1,25.77578311303821,108,4,1,2,2.3333333333333335,Other
CUST-001259,2,175.8933238786084,292,3,4,5,4.0,Potential Loyalists
CUST-001260,1,70.14441919367185,458,2,1,3,2.0,At-Risk
CUST-001261,3,202.96254573866187,24,5,5,5,5.0,Champions
CUST-001263,2,454.2927983271514,321,3,4,5,4.0,Potential Loyalists
CUST-001264,1,21.32527696753444,484,2,1,2,1.6666666666666667,At-Risk
CUST-001265,1,26.47868291997727,509,2,1,2,1.6666666666666667,At-Risk
CUST-001266,2,53.12942950614951,528,1,4,3,2.6666666666666665,Other
CUST-001267,2,65.28162584464692,227,3,4,3,3.3333333333333335,Potential Loyalists
CUST-001268,2,68.3964415651015,487,2,4,3,3.0,Other
CUST-001269,1,52.60562809463222,726,1,1,3,1.6666666666666667,At-Risk
CUST-001270,3,333.8782176360467,288,3,5,5,4.333333333333333,Potential Loyalists
CUST-001271,1,3.5769389420020294,308,3,1,1,1.6666666666666667,Other
CUST-001272,2,30.69130725567934,505,2,4,2,2.6666666666666665,Other
CUST-001273,1,38.43690013357898,595,1,1,2,1.3333333333333333,At-Risk
CUST-001274,2,34.26581258093786,286,3,4,2,3.0,Other
CUST-001275,2,25.671709975628005,191,4,4,2,3.3333333333333335,Other
CUST-001276,1,6.120459568441516,318,3,1,1,1.6666666666666667,Other
CUST-001277,2,148.23296440998456,699,1,4,4,3.0,Other
CUST-001278,1,29.605932230920526,448,2,1,2,1.6666666666666667,At-Risk
CUST-001279,1,87.92881588183441,265,3,1,4,2.6666666666666665,Other
CUST-001280,2,234.22148037243565,206,4,4,5,4.333333333333333,Champions
CUST-001281,1,98.06456453655164,650,1,1,4,2.0,At-Risk
CUST-001282,1,14.499095424626898,444,2,1,1,1.3333333333333333,At-Risk
CUST-001283,1,125.90736093381072,39,5,1,4,3.3333333333333335,Other
CUST-001284,4,170.76667632354346,47,5,5,5,5.0,Champions
CUST-001285,1,252.51409219533568,562,1,1,5,2.3333333333333335,At-Risk
CUST-001286,1,22.283970948018297,90,5,1,2,2.6666666666666665,Other
CUST-001287,2,220.26993040420473,575,1,4,5,3.3333333333333335,Other
CUST-001288,1,10.003286610555458,393,2,1,1,1.3333333333333333,At-Risk
CUST-001289,1,7.083557718972022,97,5,1,1,2.3333333333333335,Other
CUST-001290,2,124.62351226168502,340,3,4,4,3.6666666666666665,Potential Loyalists
CUST-001291,2,60.79391067200238,186,4,4,3,3.6666666666666665,Potential Loyalists
CUST-001292,2,1496.5452980535956,282,3,4,5,4.0,Potential Loyalists
CUST-001293,1,140.2285720783709,151,4,1,4,3.0,Other
CUST-001294,2,44.56710509708689,133,4,4,3,3.6666666666666665,Potential Loyalists
CUST-001295,1,149.183426507422,6,5,1,4,3.3333333333333335,Other
CUST-001296,1,58.434736059005736,546,1,1,3,1.6666666666666667,At-Risk
CUST-001297,3,74.37949159823629,147,4,5,3,4.0,Potential Loyalists
CUST-001298,1,69.43302419939948,430,2,1,3,2.0,At-Risk
CUST-001299,1,19.67460303918559,368,2,1,2,1.6666666666666667,At-Risk
CUST-001300,1,31.22113053503516,295,3,1,2,2.0,Other
CUST-001301,2,47.18097425227176,248,3,4,3,3.3333333333333335,Potential Loyalists
CUST-001302,1,7.400695681503309,100,5,1,1,2.3333333333333335,Other
CUST-001303,1,48.459574180387335,94,5,1,3,3.0,Other
CUST-001304,1,220.9238655694087,334,3,1,5,3.0,Other
CUST-001305,2,21.082556199606188,205,4,4,2,3.3333333333333335,Other
CUST-001306,1,18.155592328444868,573,1,1,1,1.0,Lost
CUST-001307,3,130.30213653871033,11,5,5,4,4.666666666666667,Champions
CUST-001308,2,45.04625905931759,252,3,4,3,3.3333333333333335,Potential Loyalists
CUST-001309,2,7745.7460798775255,476,2,4,5,3.6666666666666665,Other
CUST-001310,1,25.74934907328864,386,2,1,2,1.6666666666666667,At-Risk
CUST-001311,1,83.1018952277199,513,2,1,4,2.3333333333333335,At-Risk
CUST-001312,2,12.766185406484972,106,5,4,1,3.3333333333333335,Other
CUST-001313,2,36.500264258646034,493,2,4,2,2.6666666666666665,Other
CUST-001314,1,10.122110840115436,535,1,1,1,1.0,Lost
CUST-001315,1,58.20227809485266,682,1,1,3,1.6666666666666667,At-Risk
CUST-001316,1,12.248109385754908,592,1,1,1,1.0,Lost
CUST-001317,3,157.68738927045547,68,5,5,4,4.666666666666667,Champions
CUST-001318,1,144.6706650200492,172,4,1,4,3.0,Other
CUST-001319,1,116.00538379343956,564,1,1,4,2.0,At-Risk
CUST-001320,2,70.20701157829355,540,1,4,3,2.6666666666666665,Other
CUST-001321,1,42.88990185940807,56,5,1,3,3.0,Other
CUST-001322,1,554.8241210404302,523,1,1,5,2.3333333333333335,At-Risk
CUST-001323,1,39.20719039588272,49,5,1,2,2.6666666666666665,Other
CUST-001324,1,404.93547702772526,687,1,1,5,2.3333333333333335,At-Risk
CUST-001325,2,1772.3414980156144,602,1,4,5,3.3333333333333335,Other
CUST-001326,2,110.45819859382193,62,5,4,4,4.333333333333333,Champions
CUST-001327,1,3.128241689351609,483,2,1,1,1.3333333333333333,At-Risk
CUST-001328,1,101.44846986164931,492,2,1,4,2.3333333333333335,At-Risk
CUST-001330,1,161.13629576285496,312,3,1,5,3.0,Other
CUST-001331,1,10.759605746160384,35,5,1,1,2.3333333333333335,Other
CUST-001332,2,19.322525144204246,4,5,4,2,3.6666666666666665,Other
CUST-001333,1,21.30295737248751,106,5,1,2,2.6666666666666665,Other
CUST-001334,2,121.77637463156965,169,4,4,4,4.0,Champions
CUST-001335,1,44.0700584441883,46,5,1,3,3.0,Other
CUST-001336,1,10.813641434799049,126,4,1,1,2.0,Other
CUST-001337,1,32.23673073564573,98,5,1,2,2.6666666666666665,Other
CUST-001338,2,58.40270920442206,99,5,4,3,4.0,Potential Loyalists
CUST-001339,2,27.29882769522825,129,4,4,2,3.3333333333333335,Other
CUST-001340,1,133.46502806388415,40,5,1,4,3.3333333333333335,Other
CUST-001341,1,6.424401105261547,192,4,1,1,2.0,Other
CUST-001342,2,29.893003192392225,241,3,4,2,3.0,Other
CUST-001343,2,336.6127336061964,65,5,4,5,4.666666666666667,Champions
CUST-001344,2,13194.100594996695,43,5,4,5,4.666666666666667,Champions
CUST-001345,1,17.441638036909286,621,1,1,1,1.0,Lost
CUST-001346,1,18.57071166959656,495,2,1,1,1.3333333333333333,At-Risk
CUST-001347,1,19.94971246136324,693,1,1,2,1.3333333333333333,At-Risk
CUST-001348,1,83.86634779497466,420,2,1,4,2.3333333333333335,At-Risk
CUST-001349,2,216.57419160330016,157,4,4,5,4.333333333333333,Champions
CUST-001351,1,59.717330595086125,112,4,1,3,2.6666666666666665,Other
CUST-001352,1,11643.964826753818,697,1,1,5,2.3333333333333335,At-Risk
CUST-001353,1,58.39887741527724,321,3,1,3,2.3333333333333335,Other
CUST-001354,3,67.25998220977267,694,1,5,3,3.0,Other
CUST-001355,1,27.1485791245544,527,1,1,2,1.3333333333333333,At-Risk
CUST-001356,1,8.65274139894557,115,4,1,1,2.0,Other
CUST-001357,1,83.18081086971632,253,3,1,4,2.6666666666666665,Other
CUST-001358,1,5.261780204875606,295,3,1,1,1.6666666666666667,Other
CUST-001359,1,48.46534756594938,163,4,1,3,2.6666666666666665,Other
CUST-001360,1,71.38478688271672,623,1,1,3,1.6666666666666667,At-Risk
CUST-001361,1,10.388120229970491,241,3,1,1,1.6666666666666667,Other
CUST-001362,1,90.68191065929088,711,1,1,4,2.0,At-Risk
CUST-001363,1,66.54878591744807,64,5,1,3,3.0,Other
CUST-001364,2,17.687958339593735,147,4,4,1,3.0,Other
CUST-001365,2,694.1233962899947,555,1,4,5,3.3333333333333335,Other
CUST-001366,2,14807.356127897938,179,4,4,5,4.333333333333333,Champions
CUST-001367,1,53.88366832524609,141,4,1,3,2.6666666666666665,Other
CUST-001368,3,1048.1283817673973,545,1,5,5,3.6666666666666665,Other
CUST-001369,1,104.40547507373904,118,4,1,4,3.0,Other
CUST-001370,1,173.01979041296187,312,3,1,5,3.0,Other
CUST-001371,1,9.015998011285312,280,3,1,1,1.6666666666666667,Other
CUST-001372,2,56.72413780901557,110,4,4,3,3.6666666666666665,Potential Loyalists
CUST-001374,1,40.00246689130915,56,5,1,2,2.6666666666666665,Other
CUST-001375,1,32.89825557538677,228,3,1,2,2.0,Other
CUST-001376,1,4.458808530955374,712,1,1,1,1.0,Lost
CUST-001377,2,38.87651566121814,400,2,4,2,2.6666666666666665,Other
CUST-001378,2,183.22091956916665,87,5,4,5,4.666666666666667,Champions
CUST-001379,2,167.05647267205285,506,2,4,5,3.6666666666666665,Other
CUST-001380,1,92.22756614844972,52,5,1,4,3.3333333333333335,Other
CUST-001381,3,123.22750287878712,234,3,5,4,4.0,Potential Loyalists
CUST-001382,2,73.33261751719009,254,3,4,3,3.3333333333333335,Potential Loyalists
CUST-001383,2,61.55184245180191,528,1,4,3,2.6666666666666665,Other
CUST-001384,1,66.38102043257354,9,5,1,3,3.0,Other
CUST-001385,2,325.00456469672366,623,1,4,5,3.3333333333333335,Other
CUST-001386,1,8.68761342745604,479,2,1,1,1.3333333333333333,At-Risk
CUST-001387,2,13992.757234229945,11,5,4,5,4.666666666666667,Champions
CUST-001388,2,944.7397441507383,277,3,4,5,4.0,Potential Loyalists
CUST-001389,2,51.08586434740549,228,3,4,3,3.3333333333333335,Potential Loyalists
CUST-001390,3,272.23820394142444,169,4,5,5,4.666666666666667,Champions
CUST-001391,2,18.977944539759022,211,4,4,2,3.3333333333333335,Other
CUST-001392,1,8.411962301542651,482,2,1,1,1.3333333333333333,At-Risk
CUST-001393,1,70.2530778443256,522,1,1,3,1.6666666666666667,At-Risk
CUST-001394,1,60.25287253027226,432,2,1,3,2.0,At-Risk
CUST-001395,2,70.39925906211843,43,5,4,3,4.0,Potential Loyalists
CUST-001396,1,108.27644020392584,490,2,1,4,2.3333333333333335,At-Risk
CUST-001397,1,152.5050809342049,108,4,1,4,3.0,Other
CUST-001398,1,48.245917458525994,365,2,1,3,2.0,At-Risk
CUST-001399,1,30.7159231177514,146,4,1,2,2.3333333333333335,Other
CUST-001400,1,7.04533582585762,223,3,1,1,1.6666666666666667,Other
CUST-001401,1,8.355529918472456,61,5,1,1,2.3333333333333335,Other
CUST-001402,1,31.421817132286105,522,1,1,2,1.3333333333333333,At-Risk
CUST-001403,1,103.9564822554154,727,1,1,4,2.0,At-Risk
CUST-001404,2,59.64240887275075,7,5,4,3,4.0,Potential Loyalists
CUST-001405,1,6509.88421535099,426,2,1,5,2.6666666666666665,At-Risk
CUST-001406,1,15.80210161377888,340,3,1,1,1.6666666666666667,Other
CUST-001407,1,13.525779725055267,719,1,1,1,1.0,Lost
CUST-001408,1,4.618655488759406,225,3,1,1,1.6666666666666667,Other
CUST-001409,1,121.5186103407176,444,2,1,4,2.3333333333333335,At-Risk
CUST-001410,4,14777.34994218189,116,4,5,5,4.666666666666667,Champions
CUST-001411,1,246.74122298425783,15,5,1,5,3.6666666666666665,Other
CUST-001412,1,27.917336293672165,646,1,1,2,1.3333333333333333,At-Risk
CUST-001413,1,266.9251214067419,268,3,1,5,3.0,Other
CUST-001414,1,3.5681113636495327,619,1,1,1,1.0,Lost
CUST-001415,1,20.42280593387155,321,3,1,2,2.0,Other
CUST-001416,1,61.86230769071645,451,2,1,3,2.0,At-Risk
CUST-001417,1,30.648326923765374,89,5,1,2,2.6666666666666665,Other
CUST-001418,1,79.79903100145488,85,5,1,3,3.0,Other
CUST-001419,1,229.9190206219683,481,2,1,5,2.6666666666666665,At-Risk
CUST-001420,1,21.293461885416416,168,4,1,2,2.3333333333333335,Other
CUST-001421,1,111.93738879551796,672,1,1,4,2.0,At-Risk
CUST-001422,1,114.7311964824622,550,1,1,4,2.0,At-Risk
CUST-001423,2,105.95287743238623,94,5,4,4,4.333333333333333,Champions
CUST-001425,1,3.2219798856532327,276,3,1,1,1.6666666666666667,Other
CUST-001426,1,2.268644970924164,296,3,1,1,1.6666666666666667,Other
CUST-001427,1,7.5641443534592145,337,3,1,1,1.6666666666666667,Other
CUST-001428,1,124.39883832544388,15,5,1,4,3.3333333333333335,Other
CUST-001429,2,116.05929849908786,649,1,4,4,3.0,Other
CUST-001430,1,13.4625283468052,590,1,1,1,1.0,Lost
CUST-001431,1,22.688091794976216,86,5,1,2,2.6666666666666665,Other
CUST-001432,3,129.77073335511076,178,4,5,4,4.333333333333333,Champions
CUST-001433,1,20.334626412741123,109,4,1,2,2.3333333333333335,Other
CUST-001434,1,395.6316592021559,715,1,1,5,2.3333333333333335,At-Risk
CUST-001435,1,6.503874237462594,288,3,1,1,1.6666666666666667,Other
CUST-001436,2,46.11123679541167,11,5,4,3,4.0,Potential Loyalists
CUST-001437,2,49.895777503494806,428,2,4,3,3.0,Other
CUST-001438,1,9.672465767081468,508,2,1,1,1.3333333333333333,At-Risk
CUST-001439,1,222.11669684298397,320,3,1,5,3.0,Other
CUST-001440,2,83.56522353434363,672,1,4,4,3.0,Other
CUST-001441,2,157.71172366591958,436,2,4,4,3.3333333333333335,Other
CUST-001442,1,15.522967411524448,195,4,1,1,2.0,Other
CUST-001443,3,148.95271152423996,474,2,5,4,3.6666666666666665,Other
CUST-001444,1,11.482701671223104,677,1,1,1,1.0,Lost
CUST-001446,2,167.34951235865594,100,5,4,5,4.666666666666667,Champions
CUST-001447,1,1.8120186780680696,634,1,1,1,1.0,Lost
CUST-001448,4,216.62549322980678,2,5,5,5,5.0,Champions
CUST-001450,4,12888.163317760616,408,2,5,5,4.0,Other
CUST-001451,1,39.57994248566202,694,1,1,2,1.3333333333333333,At-Risk
CUST-001452,1,12.3556325346829,4,5,1,1,2.3333333333333335,Other
CUST-001453,1,137.80782027244857,647,1,1,4,2.0,At-Risk
CUST-001454,1,130.3148972663353,675,1,1,4,2.0,At-Risk
CUST-001455,1,23.45845008032194,374,2,1,2,1.6666666666666667,At-Risk
CUST-001456,2,32.274786593013005,466,2,4,2,2.6666666666666665,Other
CUST-001458,1,54.35105214413717,646,1,1,3,1.6666666666666667,At-Risk
CUST-001459,1,132.71743969531826,363,2,1,4,2.3333333333333335,At-Risk
CUST-001460,1,16.60007685170293,386,2,1,1,1.3333333333333333,At-Risk
CUST-001461,4,73.0836111586084,511,2,5,3,3.3333333333333335,Other
CUST-001462,2,17.844777037149107,398,2,4,1,2.3333333333333335,Other
CUST-001463,1,39.693370339880175,555,1,1,2,1.3333333333333333,At-Risk
CUST-001465,2,65.75103574244027,224,3,4,3,3.3333333333333335,Potential Loyalists
CUST-001466,1,10.036942519038076,614,1,1,1,1.0,Lost
CUST-001467,3,39.93715331503526,31,5,5,2,4.0,Other
CUST-001468,1,144.12946058039256,685,1,1,4,2.0,At-Risk
CUST-001469,1,59.76656553032328,273,3,1,3,2.3333333333333335,Other
CUST-001470,1,7.72348926254671,435,2,1,1,1.3333333333333333,At-Risk
CUST-001471,1,39.53233761212524,479,2,1,2,1.6666666666666667,At-Risk
CUST-001472,1,22.65969676236696,476,2,1,2,1.6666666666666667,At-Risk
CUST-001473,1,6.5970704107432505,538,1,1,1,1.0,Lost
CUST-001474,2,70.66368662493949,197,4,4,3,3.6666666666666665,Potential Loyalists
CUST-001475,3,320.89655642501805,127,4,5,5,4.666666666666667,Champions
CUST-001476,1,58.1703783196032,69,5,1,3,3.0,Other
CUST-001477,2,87.33554121189692,301,3,4,4,3.6666666666666665,Potential Loyalists
CUST-001478,1,13.244212345287597,423,2,1,1,1.3333333333333333,At-Risk
CUST-001479,2,140.495353692513,422,2,4,4,3.3333333333333335,Other
CUST-001480,1,7.051001946823443,47,5,1,1,2.3333333333333335,Other
CUST-001481,1,3.8145992932184014,37,5,1,1,2.3333333333333335,Other
CUST-001482,3,91.45703645598914,115,4,5,4,4.333333333333333,Champions
CUST-001483,1,49.34628644258371,480,2,1,3,2.0,At-Risk
CUST-001484,1,33.20002571895624,697,1,1,2,1.3333333333333333,At-Risk
CUST-001485,2,95.63894277890816,484,2,4,4,3.3333333333333335,Other
CUST-001486,1,43.782012486717086,500,2,1,3,2.0,At-Risk
CUST-001487,1,113.81518957569466,161,4,1,4,3.0,Other
CUST-001488,1,36.562492689603225,545,1,1,2,1.3333333333333333,At-Risk
CUST-001489,1,6.688760078200508,605,1,1,1,1.0,Lost
CUST-001490,1,13063.42262150632,0,5,1,5,3.6666666666666665,Other
CUST-001491,1,5.183790330232869,9,5,1,1,2.3333333333333335,Other
CUST-001492,1,90.29417772908612,18,5,1,4,3.3333333333333335,Other
CUST-001493,2,12356.40105595324,16,5,4,5,4.666666666666667,Champions
CUST-001494,1,11.474084294622749,374,2,1,1,1.3333333333333333,At-Risk
CUST-001495,1,2.098212057605663,96,5,1,1,2.3333333333333335,Other
CUST-001496,2,29.843966068575785,368,2,4,2,2.6666666666666665,Other
CUST-001497,1,41.96107275930499,411,2,1,3,2.0,At-Risk
CUST-001498,2,403.51004386929895,600,1,4,5,3.3333333333333335,Other
CUST-001499,1,13.586357555290965,150,4,1,1,2.0,Other
CUST-001500,2,431.67278201155926,72,5,4,5,4.666666666666667,Champions
CUST-001501,2,40.50111921702854,311,3,4,2,3.0,Other
CUST-001502,1,47.43513418878284,95,5,1,3,3.0,Other
CUST-001503,1,7.296660722493874,671,1,1,1,1.0,Lost
CUST-001504,1,16.629416198391542,166,4,1,1,2.0,Other
CUST-001505,3,294.17967487352985,13,5,5,5,5.0,Champions
CUST-001506,2,155.60233866738872,126,4,4,4,4.0,Champions
CUST-001507,1,2.7974963279231924,32,5,1,1,2.3333333333333335,Other
CUST-001508,1,117.56609222970025,103,5,1,4,3.3333333333333335,Other
CUST-001509,1,6.150972874434102,559,1,1,1,1.0,Lost
CUST-001510,1,118.54692826463234,284,3,1,4,2.6666666666666665,Other
CUST-001511,1,1.128655844593491,395,2,1,1,1.3333333333333333,At-Risk
CUST-001512,1,60.43686517289422,332,3,1,3,2.3333333333333335,Other
CUST-001513,1,60.18212129175917,44,5,1,3,3.0,Other
CUST-001514,1,24.640762260894444,199,4,1,2,2.3333333333333335,Other
CUST-001515,1,20.89530610893991,466,2,1,2,1.6666666666666667,At-Risk
CUST-001517,1,49.14324359828726,442,2,1,3,2.0,At-Risk
CUST-001518,3,89.68601450909742,210,4,5,4,4.333333333333333,Champions
CUST-001519,2,250.93799725484854,396,2,4,5,3.6666666666666665,Other
CUST-001520,2,413.00135462487054,558,1,4,5,3.3333333333333335,Other
CUST-001521,1,129.30314465951366,583,1,1,4,2.0,At-Risk
CUST-001522,2,56.088788833185035,210,4,4,3,3.6666666666666665,Potential Loyalists
CUST-001523,1,3.5589890586882347,141,4,1,1,2.0,Other
CUST-001524,1,43.022715413516366,612,1,1,3,1.6666666666666667,At-Risk
CUST-001525,3,194.7948410864497,323,3,5,5,4.333333333333333,Potential Loyalists
CUST-001526,2,109.13281466335081,110,4,4,4,4.0,Champions
CUST-001527,2,33.410510325111844,597,1,4,2,2.3333333333333335,Other
CUST-001528,1,13.226608443975392,496,2,1,1,1.3333333333333333,At-Risk
CUST-001529,2,85.57793351474098,359,2,4,4,3.3333333333333335,Other
CUST-001530,2,362.49275422149276,439,2,4,5,3.6666666666666665,Other
CUST-001531,1,25.997135710878556,388,2,1,2,1.6666666666666667,At-Risk
CUST-001532,4,96.73732443668375,223,3,5,4,4.0,Potential Loyalists
CUST-001533,1,63.466983866390095,697,1,1,3,1.6666666666666667,At-Risk
CUST-001535,1,48.64184772636083,457,2,1,3,2.0,At-Risk
CUST-001536,1,53.37241068076324,385,2,1,3,2.0,At-Risk
CUST-001538,2,74.17946072954776,324,3,4,3,3.3333333333333335,Potential Loyalists
CUST-001539,2,169.23675367817097,118,4,4,5,4.333333333333333,Champions
CUST-001540,2,100.07320883128745,2,5,4,4,4.333333333333333,Champions
CUST-001541,2,57.35833035953929,312,3,4,3,3.3333333333333335,Potential Loyalists
CUST-001542,1,57.81417175949363,638,1,1,3,1.6666666666666667,At-Risk
CUST-001543,2,27.220111645177923,138,4,4,2,3.3333333333333335,Other
CUST-001544,1,64.26355215448483,669,1,1,3,1.6666666666666667,At-Risk
CUST-001545,1,96.0641908145506,516,2,1,4,2.3333333333333335,At-Risk
CUST-001546,1,58.73552915304717,87,5,1,3,3.0,Other
CUST-001547,2,71.39128369558821,304,3,4,3,3.3333333333333335,Potential Loyalists
CUST-001548,1,2.272515922094423,233,3,1,1,1.6666666666666667,Other
CUST-001549,2,62.640919536834446,543,1,4,3,2.6666666666666665,Other
CUST-001550,2,179.70833171835852,62,5,4,5,4.666666666666667,Champions
CUST-001551,1,288.541902914317,670,1,1,5,2.3333333333333335,At-Risk
CUST-001552,2,23.377677015123396,110,4,4,2,3.3333333333333335,Other
CUST-001553,1,99.558994188953,159,4,1,4,3.0,Other
CUST-001554,2,54.58112242560341,64,5,4,3,4.0,Potential Loyalists
CUST-001555,1,99.26297521026224,514,2,1,4,2.3333333333333335,At-Risk
CUST-001556,1,16.414368393098023,649,1,1,1,1.0,Lost
CUST-001557,2,88.59040046603909,330,3,4,4,3.6666666666666665,Potential Loyalists
CUST-001558,1,39.36635273521517,416,2,1,2,1.6666666666666667,At-Risk
CUST-001559,1,141.68803692538452,688,1,1,4,2.0,At-Risk
CUST-001560,1,5.846294800613324,557,1,1,1,1.0,Lost
CUST-001561,2,14.299776903794964,18,5,4,1,3.3333333333333335,Other
CUST-001562,1,10.380700221292742,213,4,1,1,2.0,Other
CUST-001563,1,8.017903318857291,575,1,1,1,1.0,Lost
CUST-001564,1,9.270476750239949,347,3,1,1,1.6666666666666667,Other
CUST-001565,1,13.024437039361896,59,5,1,1,2.3333333333333335,Other
CUST-001566,1,5.767760941078648,573,1,1,1,1.0,Lost
CUST-001567,1,24.216610074181677,222,3,1,2,2.0,Other
CUST-001568,2,210.2949724467857,432,2,4,5,3.6666666666666665,Other
CUST-001570,1,7.484505741350598,90,5,1,1,2.3333333333333335,Other
CUST-001571,1,16.465008668095727,105,5,1,1,2.3333333333333335,Other
CUST-001572,2,60.7459348877425,493,2,4,3,3.0,Other
CUST-001573,1,54.55215691284495,525,1,1,3,1.6666666666666667,At-Risk
CUST-001574,1,8.5639842461084,621,1,1,1,1.0,Lost
CUST-001575,2,168.61717715472705,1,5,4,5,4.666666666666667,Champions
CUST-001576,1,12.698443603943064,444,2,1,1,1.3333333333333333,At-Risk
CUST-001577,1,43.1201225519308,421,2,1,3,2.0,At-Risk
CUST-001578,2,78.13162950534537,160,4,4,3,3.6666666666666665,Potential Loyalists
CUST-001579,1,3.253622897112051,146,4,1,1,2.0,Other
CUST-001581,1,98.07250868959296,572,1,1,4,2.0,At-Risk
CUST-001582,3,177.16934118785525,140,4,5,5,4.666666666666667,Champions
CUST-001583,1,29.364061417792975,545,1,1,2,1.3333333333333333,At-Risk
CUST-001584,1,4.803676636570021,358,3,1,1,1.6666666666666667,Other
CUST-001585,1,12.190009759875933,380,2,1,1,1.3333333333333333,At-Risk
CUST-001586,2,61.03218908118362,147,4,4,3,3.6666666666666665,Potential Loyalists
CUST-001587,1,113.82270035280573,487,2,1,4,2.3333333333333335,At-Risk
CUST-001588,2,349.96252942005583,214,4,4,5,4.333333333333333,Champions
CUST-001589,2,196.66199600350677,196,4,4,5,4.333333333333333,Champions
CUST-001590,1,21.188760813539893,203,4,1,2,2.3333333333333335,Other
CUST-001592,2,512.0078221364871,276,3,4,5,4.0,Potential Loyalists
CUST-001593,1,175.20080325745323,231,3,1,5,3.0,Other
CUST-001594,1,48.76548527980972,62,5,1,3,3.0,Other
CUST-001595,1,20.19332808451764,65,5,1,2,2.6666666666666665,Other
CUST-001596,1,12.785338569244828,658,1,1,1,1.0,Lost
CUST-001597,1,60.961270650160394,604,1,1,3,1.6666666666666667,At-Risk
CUST-001598,1,36.5681919701979,621,1,1,2,1.3333333333333333,At-Risk
CUST-001599,1,19.34918982540703,558,1,1,2,1.3333333333333333,At-Risk
CUST-001600,1,21.43796151140387,306,3,1,2,2.0,Other
CUST-001601,1,9058.840908384222,650,1,1,5,2.3333333333333335,At-Risk
CUST-001602,1,9.058067957269897,653,1,1,1,1.0,Lost
CUST-001603,1,28.505556659846825,713,1,1,2,1.3333333333333333,At-Risk
CUST-001604,1,40.429745706204365,628,1,1,2,1.3333333333333333,At-Risk
CUST-001605,2,91.53336515098982,40,5,4,4,4.333333333333333,Champions
CUST-001606,2,23.568358746532123,203,4,4,2,3.3333333333333335,Other
CUST-001608,2,83.82507844436697,121,4,4,4,4.0,Champions
CUST-001609,1,36.92554753451434,128,4,1,2,2.3333333333333335,Other
CUST-001610,1,5.099164336900548,354,3,1,1,1.6666666666666667,Other
CUST-001612,1,11.884865831559331,63,5,1,1,2.3333333333333335,Other
CUST-001613,1,13.27830096180003,497,2,1,1,1.3333333333333333,At-Risk
CUST-001614,1,116.2935052605084,239,3,1,4,2.6666666666666665,Other
CUST-001615,1,53.959659045000656,509,2,1,3,2.0,At-Risk
CUST-001616,1,15.927131361357135,190,4,1,1,2.0,Other
CUST-001617,1,31.1898045371522,273,3,1,2,2.0,Other
CUST-001618,1,12.295474176137434,93,5,1,1,2.3333333333333335,Other
CUST-001619,1,8.544939115255504,466,2,1,1,1.3333333333333333,At-Risk
CUST-001620,3,66.20792198051768,253,3,5,3,3.6666666666666665,Potential Loyalists
CUST-001621,2,6359.634694284569,52,5,4,5,4.666666666666667,Champions
CUST-001622,1,47.701386957169305,401,2,1,3,2.0,At-Risk
CUST-001623,2,47.594684762922185,270,3,4,3,3.3333333333333335,Potential Loyalists
CUST-001624,1,15.532901233271811,198,4,1,1,2.0,Other
CUST-001625,1,2.1457750852399236,720,1,1,1,1.0,Lost
CUST-001626,3,151.79390268398407,100,5,5,4,4.666666666666667,Champions
CUST-001627,1,2.942169217014818,527,1,1,1,1.0,Lost
CUST-001628,2,145.23493799174625,366,2,4,4,3.3333333333333335,Other
CUST-001629,2,92.06049668613458,362,2,4,4,3.3333333333333335,Other
CUST-001630,3,115.82434378983095,130,4,5,4,4.333333333333333,Champions
CUST-001631,2,632.1099289456109,292,3,4,5,4.0,Potential Loyalists
CUST-001632,1,8.085125773212086,374,2,1,1,1.3333333333333333,At-Risk
CUST-001633,1,18.998097677592483,433,2,1,2,1.6666666666666667,At-Risk
CUST-001634,3,288.177077518317,205,4,5,5,4.666666666666667,Champions
CUST-001635,1,8.731489127953049,42,5,1,1,2.3333333333333335,Other
CUST-001636,3,111.90521468160595,112,4,5,4,4.333333333333333,Champions
CUST-001637,3,130.8741571803974,116,4,5,4,4.333333333333333,Champions
CUST-001638,2,227.2094097505086,44,5,4,5,4.666666666666667,Champions
CUST-001639,2,124.5322653434298,387,2,4,4,3.3333333333333335,Other
CUST-001640,2,48.37914576472676,49,5,4,3,4.0,Potential Loyalists
CUST-001641,1,25.17935876725217,644,1,1,2,1.3333333333333333,At-Risk
CUST-001642,1,5.884761685307303,453,2,1,1,1.3333333333333333,At-Risk
CUST-001643,1,28.955028388631806,57,5,1,2,2.6666666666666665,Other
CUST-001645,2,160.16940943908844,232,3,4,4,3.6666666666666665,Potential Loyalists
CUST-001646,2,278.0431320862033,8,5,4,5,4.666666666666667,Champions
CUST-001647,3,50.30596466731782,221,3,5,3,3.6666666666666665,Potential Loyalists
CUST-001648,3,68.85808354979149,135,4,5,3,4.0,Potential Loyalists
CUST-001649,2,203.12783437838846,189,4,4,5,4.333333333333333,Champions
CUST-001650,1,13.876189417301424,261,3,1,1,1.6666666666666667,Other
CUST-001651,1,33.979242010788504,99,5,1,2,2.6666666666666665,Other
CUST-001652,2,51.02394371777109,331,3,4,3,3.3333333333333335,Potential Loyalists
CUST-001653,2,189.39111608572875,646,1,4,5,3.3333333333333335,Other
CUST-001654,1,105.31216595408242,362,2,1,4,2.3333333333333335,At-Risk
CUST-001655,1,186.6395425721071,293,3,1,5,3.0,Other
CUST-001656,1,22.456576011950077,89,5,1,2,2.6666666666666665,Other
CUST-001657,1,25.57990167105967,720,1,1,2,1.3333333333333333,At-Risk
CUST-001658,2,14.071911192378412,291,3,4,1,2.6666666666666665,Other
CUST-001659,1,11.280640280576392,626,1,1,1,1.0,Lost
CUST-001660,1,18.34908891214174,666,1,1,1,1.0,Lost
CUST-001661,1,8.6313350773706,80,5,1,1,2.3333333333333335,Other
CUST-001662,2,194.35677800292802,194,4,4,5,4.333333333333333,Champions
CUST-001663,1,17.186757625136895,648,1,1,1,1.0,Lost
CUST-001664,2,85.76204890930018,327,3,4,4,3.6666666666666665,Potential Loyalists
CUST-001665,2,28.875035756622616,482,2,4,2,2.6666666666666665,Other
CUST-001666,1,13503.283810042203,72,5,1,5,3.6666666666666665,Other
CUST-001667,2,28.70750760044607,158,4,4,2,3.3333333333333335,Other
CUST-001668,2,36.41112453469987,185,4,4,2,3.3333333333333335,Other
CUST-001669,1,18.926488703975497,78,5,1,2,2.6666666666666665,Other
CUST-001670,1,272.9304422603839,410,2,1,5,2.6666666666666665,At-Risk
CUST-001671,1,5.676940392681895,303,3,1,1,1.6666666666666667,Other
CUST-001672,1,4.070021987225605,337,3,1,1,1.6666666666666667,Other
CUST-001673,1,12.434198372503587,134,4,1,1,2.0,Other
CUST-001674,2,126.70434293219593,140,4,4,4,4.0,Champions
CUST-001675,2,93.40110044862587,112,4,4,4,4.0,Champions
CUST-001676,1,6.1904810118369,629,1,1,1,1.0,Lost
CUST-001677,2,67.65983925372186,39,5,4,3,4.0,Potential Loyalists
CUST-001678,1,60.3619248467276,342,3,1,3,2.3333333333333335,Other
CUST-001679,3,654.2005859265399,71,5,5,5,5.0,Champions
CUST-001680,3,216.6522891486249,286,3,5,5,4.333333333333333,Potential Loyalists
CUST-001681,1,4.409494818259639,695,1,1,1,1.0,Lost
CUST-001682,1,91.75299265645673,283,3,1,4,2.6666666666666665,Other
CUST-001683,1,17.034862691854872,607,1,1,1,1.0,Lost
CUST-001684,1,143.8405721094867,425,2,1,4,2.3333333333333335,At-Risk
CUST-001685,1,81.16423545738442,122,4,1,4,3.0,Other
CUST-001686,2,91.4696090678982,161,4,4,4,4.0,Champions
CUST-001687,2,27.35477889417001,506,2,4,2,2.6666666666666665,Other
CUST-001688,2,149.68614716578372,402,2,4,4,3.3333333333333335,Other
CUST-001689,1,81.00930226584006,446,2,1,4,2.3333333333333335,At-Risk
CUST-001690,2,292.1611698085508,278,3,4,5,4.0,Potential Loyalists
CUST-001691,2,71.66619314896259,142,4,4,3,3.6666666666666665,Potential Loyalists
CUST-001692,1,3.7084722987824863,713,1,1,1,1.0,Lost
CUST-001693,1,12532.380663522064,598,1,1,5,2.3333333333333335,At-Risk
CUST-001694,3,162.10419780954777,252,3,5,5,4.333333333333333,Potential Loyalists
CUST-001695,1,90.51925679832972,267,3,1,4,2.6666666666666665,Other
CUST-001696,2,37.92664414829482,129,4,4,2,3.3333333333333335,Other
CUST-001697,2,46.75400749449822,12,5,4,3,4.0,Potential Loyalists
CUST-001698,1,10.355619653132594,105,5,1,1,2.3333333333333335,Other
CUST-001699,1,6.438641838527356,265,3,1,1,1.6666666666666667,Other
CUST-001700,1,11.312701582216294,458,2,1,1,1.3333333333333333,At-Risk
CUST-001701,2,131.72954140144745,270,3,4,4,3.6666666666666665,Potential Loyalists
CUST-001702,1,128.49961444060065,24,5,1,4,3.3333333333333335,Other
CUST-001703,1,17.533921938670105,258,3,1,1,1.6666666666666667,Other
CUST-001704,1,26.843906989060784,293,3,1,2,2.0,Other
CUST-001705,2,74.0006339699024,286,3,4,3,3.3333333333333335,Potential Loyalists
CUST-001706,1,52.82882661728466,693,1,1,3,1.6666666666666667,At-Risk
CUST-001707,1,17.96831312523532,403,2,1,1,1.3333333333333333,At-Risk
CUST-001708,2,17.753244386792467,459,2,4,1,2.3333333333333335,Other
CUST-001709,2,248.37367323254577,189,4,4,5,4.333333333333333,Champions
CUST-001710,2,28.992989218233085,481,2,4,2,2.6666666666666665,Other
CUST-001711,1,37.116672733207594,250,3,1,2,2.0,Other
CUST-001712,1,26.73454339040769,353,3,1,2,2.0,Other
CUST-001713,2,146.8936862314312,604,1,4,4,3.0,Other
CUST-001714,1,8588.723386896592,57,5,1,5,3.6666666666666665,Other
CUST-001715,1,14.160862994203343,386,2,1,1,1.3333333333333333,At-Risk
CUST-001716,2,112.97979952882027,460,2,4,4,3.3333333333333335,Other
CUST-001717,2,28.85456093096635,287,3,4,2,3.0,Other
CUST-001718,1,37.93222259674333,323,3,1,2,2.0,Other
CUST-001719,1,6.967421143027542,586,1,1,1,1.0,Lost
CUST-001720,2,478.8029450645289,149,4,4,5,4.333333333333333,Champions
CUST-001721,1,289.30498584891933,678,1,1,5,2.3333333333333335,At-Risk
CUST-001722,1,188.85033713393116,321,3,1,5,3.0,Other
CUST-001723,1,13.700220000953935,299,3,1,1,1.6666666666666667,Other
CUST-001724,1,43.36978442160096,679,1,1,3,1.6666666666666667,At-Risk
CUST-001725,4,91.10748902191858,173,4,5,4,4.333333333333333,Champions
CUST-001726,2,297.6844835565361,48,5,4,5,4.666666666666667,Champions
CUST-001727,1,35.418935774482286,684,1,1,2,1.3333333333333333,At-Risk
CUST-001728,2,17.920971971204438,261,3,4,1,2.6666666666666665,Other
CUST-001730,1,132.58094232809933,556,1,1,4,2.0,At-Risk
CUST-001731,1,36.658288811404326,616,1,1,2,1.3333333333333333,At-Risk
CUST-001732,1,32.867026233318384,181,4,1,2,2.3333333333333335,Other
CUST-001733,1,65.008849581726,12,5,1,3,3.0,Other
CUST-001734,3,130.9129541890767,433,2,5,4,3.6666666666666665,Other
CUST-001735,2,129.63823267697836,149,4,4,4,4.0,Champions
CUST-001736,2,84.87871086258052,264,3,4,4,3.6666666666666665,Potential Loyalists
CUST-001737,1,74.47634763298889,261,3,1,3,2.3333333333333335,Other
CUST-001738,1,14.435207180391547,448,2,1,1,1.3333333333333333,At-Risk
CUST-001739,1,41.30921905457787,92,5,1,3,3.0,Other
CUST-001740,1,148.41373218952808,315,3,1,4,2.6666666666666665,Other
CUST-001741,1,377.0532814017771,124,4,1,5,3.3333333333333335,Other
CUST-001742,1,10.383621695091186,468,2,1,1,1.3333333333333333,At-Risk
CUST-001743,3,322.5894027230167,375,2,5,5,4.0,Other
CUST-001744,1,166.7934599503826,621,1,1,5,2.3333333333333335,At-Risk
CUST-001745,1,58.07632417065648,287,3,1,3,2.3333333333333335,Other
CUST-001747,1,9.030752268975878,317,3,1,1,1.6666666666666667,Other
CUST-001748,1,76.31153094579913,498,2,1,3,2.0,At-Risk
CUST-001749,1,14.773351538121531,99,5,1,1,2.3333333333333335,Other
CUST-001750,2,49.91213904218354,475,2,4,3,3.0,Other
CUST-001751,2,240.4548628338827,190,4,4,5,4.333333333333333,Champions
CUST-001752,2,10.241367021193287,123,4,4,1,3.0,Other
CUST-001753,1,26.82142692772005,532,1,1,2,1.3333333333333333,At-Risk
CUST-001754,2,250.8303975902218,283,3,4,5,4.0,Potential Loyalists
CUST-001755,1,10.086293815446185,315,3,1,1,1.6666666666666667,Other
CUST-001756,1,14.445756057196666,506,2,1,1,1.3333333333333333,At-Risk
CUST-001757,2,268.10053064187093,174,4,4,5,4.333333333333333,Champions
CUST-001758,2,157.26173051746343,205,4,4,4,4.0,Champions
CUST-001759,1,41.40959216818416,639,1,1,3,1.6666666666666667,At-Risk
CUST-001760,2,55.55990749163368,213,4,4,3,3.6666666666666665,Potential Loyalists
CUST-001761,1,112.7701352153452,556,1,1,4,2.0,At-Risk
CUST-001762,2,62.41056176526463,208,4,4,3,3.6666666666666665,Potential Loyalists
CUST-001763,3,150.00289965117332,154,4,5,4,4.333333333333333,Champions
CUST-001764,2,183.89732695212103,79,5,4,5,4.666666666666667,Champions
CUST-001765,2,368.7378767653486,124,4,4,5,4.333333333333333,Champions
CUST-001766,1,27.867353891408108,130,4,1,2,2.3333333333333335,Other
CUST-001767,1,31.682843247679823,157,4,1,2,2.3333333333333335,Other
CUST-001768,1,58.596803802270465,444,2,1,3,2.0,At-Risk
CUST-001769,1,7.4646642808263906,248,3,1,1,1.6666666666666667,Other
CUST-001770,1,389.50096005265306,139,4,1,5,3.3333333333333335,Other
CUST-001771,1,22.682682345506542,231,3,1,2,2.0,Other
CUST-001772,2,72.66537826074189,663,1,4,3,2.6666666666666665,Other
CUST-001773,3,100.25695207824141,162,4,5,4,4.333333333333333,Champions
CUST-001774,2,35.03518622710389,300,3,4,2,3.0,Other
CUST-001775,2,71.01071786231222,371,2,4,3,3.0,Other
CUST-001776,1,1.883687158805638,506,2,1,1,1.3333333333333333,At-Risk
CUST-001777,2,45.10954220613023,521,1,4,3,2.6666666666666665,Other
CUST-001778,1,29.987195047573227,202,4,1,2,2.3333333333333335,Other
CUST-001779,2,19.41758216218311,358,3,4,2,3.0,Other
CUST-001780,2,99.56304616423282,448,2,4,4,3.3333333333333335,Other
CUST-001781,1,72.84667757550723,650,1,1,3,1.6666666666666667,At-Risk
CUST-001782,1,457.64389716151135,430,2,1,5,2.6666666666666665,At-Risk
CUST-001783,1,40.19512010718034,416,2,1,2,1.6666666666666667,At-Risk
CUST-001784,1,52.202275637827,340,3,1,3,2.3333333333333335,Other
CUST-001785,1,37.69828007051101,16,5,1,2,2.6666666666666665,Other
CUST-001786,1,69.46256123418968,709,1,1,3,1.6666666666666667,At-Risk
CUST-001787,1,26.468227121779204,505,2,1,2,1.6666666666666667,At-Risk
CUST-001788,2,86.03848835222611,135,4,4,4,4.0,Champions
CUST-001789,2,65.3894392872683,141,4,4,3,3.6666666666666665,Potential Loyalists
CUST-001790,2,396.4126402802783,66,5,4,5,4.666666666666667,Champions
CUST-001791,1,4.793489181058184,230,3,1,1,1.6666666666666667,Other
CUST-001792,1,4.933668980693747,70,5,1,1,2.3333333333333335,Other
CUST-001793,2,11.643871663778445,293,3,4,1,2.6666666666666665,Other
CUST-001794,1,16.320393351658097,536,1,1,1,1.0,Lost
CUST-001795,1,28.41257749368235,122,4,1,2,2.3333333333333335,Other
CUST-001796,1,7.419960542200706,202,4,1,1,2.0,Other
CUST-001797,2,72.4898057553463,286,3,4,3,3.3333333333333335,Potential Loyalists
CUST-001798,1,159.7945146982832,115,4,1,4,3.0,Other
CUST-001799,2,100.76768773672114,178,4,4,4,4.0,Champions
CUST-001800,1,239.61130785115188,557,1,1,5,2.3333333333333335,At-Risk
CUST-001801,2,96.86745978902042,327,3,4,4,3.6666666666666665,Potential Loyalists
CUST-001802,1,69.42503306774465,174,4,1,3,2.6666666666666665,Other
CUST-001803,3,77.80828458364265,294,3,5,3,3.6666666666666665,Potential Loyalists
CUST-001804,1,138.0216635049994,208,4,1,4,3.0,Other
CUST-001805,2,57.61431485255166,476,2,4,3,3.0,Other
CUST-001806,1,358.51563056595376,282,3,1,5,3.0,Other
CUST-001807,2,144.7424874101244,159,4,4,4,4.0,Champions
CUST-001808,1,12.523702031273206,445,2,1,1,1.3333333333333333,At-Risk
CUST-001809,1,49.37126379092243,308,3,1,3,2.3333333333333335,Other
CUST-001810,2,49.62049614514734,454,2,4,3,3.0,Other
CUST-001811,3,98.38944303853293,49,5,5,4,4.666666666666667,Champions
CUST-001812,1,21.61402821592481,603,1,1,2,1.3333333333333333,At-Risk
CUST-001813,2,229.31984959614493,517,2,4,5,3.6666666666666665,Other
CUST-001814,2,162.1137106148144,122,4,4,5,4.333333333333333,Champions
CUST-001815,2,79.06416211468033,201,4,4,3,3.6666666666666665,Potential Loyalists
CUST-001816,2,115.22840541015987,414,2,4,4,3.3333333333333335,Other
CUST-001817,2,94.35767306790035,173,4,4,4,4.0,Champions
CUST-001818,1,154.28181894200463,9,5,1,4,3.3333333333333335,Other
CUST-001819,2,366.00559395109036,629,1,4,5,3.3333333333333335,Other
CUST-001820,1,22.515788745903812,335,3,1,2,2.0,Other
CUST-001821,1,9.13396055317044,422,2,1,1,1.3333333333333333,At-Risk
CUST-001822,1,6.874208521534814,238,3,1,1,1.6666666666666667,Other
CUST-001823,1,52.42893046670928,164,4,1,3,2.6666666666666665,Other
CUST-001824,3,232.10376139639342,254,3,5,5,4.333333333333333,Potential Loyalists
CUST-001825,1,85.27162915147181,149,4,1,4,3.0,Other
CUST-001826,1,47.325470958272426,394,2,1,3,2.0,At-Risk
CUST-001827,2,56.15751153141974,446,2,4,3,3.0,Other
CUST-001828,3,270.9649099845565,16,5,5,5,5.0,Champions
CUST-001829,4,65.45180159617922,27,5,5,3,4.333333333333333,Potential Loyalists
CUST-001830,2,39.26659079940623,140,4,4,2,3.3333333333333335,Other
CUST-001831,1,27.26968463140819,243,3,1,2,2.0,Other
CUST-001832,1,45.18876856948817,618,1,1,3,1.6666666666666667,At-Risk
CUST-001833,1,20.25221080086797,302,3,1,2,2.0,Other
CUST-001834,1,37.97351718232392,397,2,1,2,1.6666666666666667,At-Risk
CUST-001835,1,30.32871833577454,667,1,1,2,1.3333333333333333,At-Risk
CUST-001836,1,136.0825439551604,328,3,1,4,2.6666666666666665,Other
CUST-001837,1,26.25544361776201,274,3,1,2,2.0,Other
CUST-001838,2,93.45979535761043,342,3,4,4,3.6666666666666665,Potential Loyalists
CUST-001839,2,10535.615080215934,499,2,4,5,3.6666666666666665,Other
CUST-001840,1,124.3274946484061,627,1,1,4,2.0,At-Risk
CUST-001841,1,10.407943243767605,655,1,1,1,1.0,Lost
CUST-001842,2,71.43769805014162,594,1,4,3,2.6666666666666665,Other
CUST-001843,2,179.36180537069356,177,4,4,5,4.333333333333333,Champions
CUST-001844,2,14226.62318753767,457,2,4,5,3.6666666666666665,Other
CUST-001845,1,64.97472801938257,323,3,1,3,2.3333333333333335,Other
CUST-001846,1,15.412676992798293,706,1,1,1,1.0,Lost
CUST-001847,2,60.53551364114361,485,2,4,3,3.0,Other
CUST-001848,1,30.416006517705124,193,4,1,2,2.3333333333333335,Other
CUST-001849,2,382.7511776410668,232,3,4,5,4.0,Potential Loyalists
CUST-001850,2,152.37077085348355,128,4,4,4,4.0,Champions
CUST-001851,1,268.3027200608482,706,1,1,5,2.3333333333333335,At-Risk
CUST-001852,1,27.33136022548769,579,1,1,2,1.3333333333333333,At-Risk
CUST-001853,2,234.89558209107918,209,4,4,5,4.333333333333333,Champions
CUST-001854,2,103.11828403567722,357,3,4,4,3.6666666666666665,Potential Loyalists
CUST-001855,3,94.2716832301667,100,5,5,4,4.666666666666667,Champions
CUST-001856,2,26.989689596861623,334,3,4,2,3.0,Other
CUST-001857,2,57.72204341718201,438,2,4,3,3.0,Other
CUST-001858,2,72.38623856252184,29,5,4,3,4.0,Potential Loyalists
CUST-001859,1,19.33389727474559,312,3,1,2,2.0,Other
CUST-001860,1,33.37144419625599,226,3,1,2,2.0,Other
CUST-001861,1,40.57507910565188,526,1,1,2,1.3333333333333333,At-Risk
CUST-001862,1,17.564818790500578,484,2,1,1,1.3333333333333333,At-Risk
CUST-001863,1,17.561059846308154,544,1,1,1,1.0,Lost
CUST-001864,2,133.79205703218634,155,4,4,4,4.0,Champions
CUST-001865,1,136.3848800945084,89,5,1,4,3.3333333333333335,Other
CUST-001866,2,123.26194401028465,255,3,4,4,3.6666666666666665,Potential Loyalists
CUST-001867,1,22.228752356365305,243,3,1,2,2.0,Other
CUST-001868,1,84.41641279279044,84,5,1,4,3.3333333333333335,Other
CUST-001869,2,170.04089650166483,389,2,4,5,3.6666666666666665,Other
CUST-001870,1,58.92270463690416,338,3,1,3,2.3333333333333335,Other
CUST-001871,1,139.4786689839607,437,2,1,4,2.3333333333333335,At-Risk
CUST-001872,1,11.185247206063476,92,5,1,1,2.3333333333333335,Other
CUST-001873,1,6.931773876915337,569,1,1,1,1.0,Lost
CUST-001874,3,134.37486511643007,153,4,5,4,4.333333333333333,Champions
CUST-001875,2,48.69387195260827,342,3,4,3,3.3333333333333335,Potential Loyalists
CUST-001876,3,442.50135265793335,94,5,5,5,5.0,Champions
CUST-001877,1,35.811532485672224,618,1,1,2,1.3333333333333333,At-Risk
CUST-001878,1,26.157552974282687,720,1,1,2,1.3333333333333333,At-Risk
CUST-001879,1,16.73947401715986,14,5,1,1,2.3333333333333335,Other
CUST-001880,2,39.941833444981214,301,3,4,2,3.0,Other
CUST-001881,1,45.13215466193225,557,1,1,3,1.6666666666666667,At-Risk
CUST-001882,4,115.29625329899864,230,3,5,4,4.0,Potential Loyalists
CUST-001883,1,99.37339425571942,631,1,1,4,2.0,At-Risk
CUST-001884,1,187.55674952532792,258,3,1,5,3.0,Other
CUST-001885,3,139.9602481912063,177,4,5,4,4.333333333333333,Champions
CUST-001886,1,131.6500356138505,683,1,1,4,2.0,At-Risk
CUST-001887,1,19.652169068421827,152,4,1,2,2.3333333333333335,Other
CUST-001888,3,360.1579558835386,201,4,5,5,4.666666666666667,Champions
CUST-001889,1,104.04680505102768,111,4,1,4,3.0,Other
CUST-001890,1,56.57143704297385,178,4,1,3,2.6666666666666665,Other
CUST-001891,1,80.70491840769337,340,3,1,4,2.6666666666666665,Other
CUST-001892,1,35.42764667123389,497,2,1,2,1.6666666666666667,At-Risk
CUST-001893,2,79.33334761457532,115,4,4,3,3.6666666666666665,Potential Loyalists
CUST-001894,2,183.16619529461502,258,3,4,5,4.0,Potential Loyalists
CUST-001895,1,77.23337154672706,261,3,1,3,2.3333333333333335,Other
CUST-001896,4,62.95316449926484,287,3,5,3,3.6666666666666665,Potential Loyalists
CUST-001898,1,9.720507602535433,448,2,1,1,1.3333333333333333,At-Risk
CUST-001899,2,42.7417665370308,682,1,4,3,2.6666666666666665,Other
CUST-001900,2,67.14825907291186,324,3,4,3,3.3333333333333335,Potential Loyalists
CUST-001901,2,122.81738910306949,440,2,4,4,3.3333333333333335,Other
CUST-001902,1,99.30417405941424,90,5,1,4,3.3333333333333335,Other
CUST-001903,2,136.45406458185784,591,1,4,4,3.0,Other
CUST-001904,2,53.60777258717864,562,1,4,3,2.6666666666666665,Other
CUST-001905,1,21.018285782790063,151,4,1,2,2.3333333333333335,Other
CUST-001906,1,111.0225300799306,583,1,1,4,2.0,At-Risk
CUST-001907,2,150.59840681478596,569,1,4,4,3.0,Other
CUST-001908,4,207.8565452700591,8,5,5,5,5.0,Champions
CUST-001909,2,35.681153111020436,43,5,4,2,3.6666666666666665,Other
CUST-001910,2,118.74607222975291,255,3,4,4,3.6666666666666665,Potential Loyalists
CUST-001911,1,449.93482314819187,683,1,1,5,2.3333333333333335,At-Risk
CUST-001912,1,10.536038140124326,152,4,1,1,2.0,Other
CUST-001913,2,44.36857894851789,445,2,4,3,3.0,Other
CUST-001914,3,512.1957704031041,88,5,5,5,5.0,Champions
CUST-001915,2,38.098096234102,55,5,4,2,3.6666666666666665,Other
CUST-001916,1,7.8581791711234255,278,3,1,1,1.6666666666666667,Other
CUST-001917,1,22.839360349718397,310,3,1,2,2.0,Other
CUST-001918,1,62.41306095471665,215,4,1,3,2.6666666666666665,Other
CUST-001919,1,219.5256630574963,477,2,1,5,2.6666666666666665,At-Risk
CUST-001920,1,11.921406268059636,139,4,1,1,2.0,Other
CUST-001921,2,104.39954899598226,128,4,4,4,4.0,Champions
CUST-001922,1,103.44065589079338,141,4,1,4,3.0,Other
CUST-001923,1,64.63598909150798,388,2,1,3,2.0,At-Risk
CUST-001924,1,22.65033819571187,371,2,1,2,1.6666666666666667,At-Risk
CUST-001925,1,8.027725144253477,348,3,1,1,1.6666666666666667,Other
CUST-001926,4,115.12223455760403,70,5,5,4,4.666666666666667,Champions
CUST-001927,1,4.099340431601491,514,2,1,1,1.3333333333333333,At-Risk
CUST-001928,1,22.081732644806827,728,1,1,2,1.3333333333333333,At-Risk
CUST-001929,1,6.230692217599308,130,4,1,1,2.0,Other
CUST-001930,2,93.62349312688207,417,2,4,4,3.3333333333333335,Other
CUST-001931,2,61.321736276574214,207,4,4,3,3.6666666666666665,Potential Loyalists
CUST-001932,2,68.09433486313478,410,2,4,3,3.0,Other
CUST-001933,4,359.7883285460575,283,3,5,5,4.333333333333333,Potential Loyalists
CUST-001934,2,116.53766234392734,165,4,4,4,4.0,Champions
CUST-001936,1,27.52288967561491,298,3,1,2,2.0,Other
CUST-001937,2,44.67501062426869,281,3,4,3,3.3333333333333335,Potential Loyalists
CUST-001938,1,187.05183476516692,568,1,1,5,2.3333333333333335,At-Risk
CUST-001939,2,91.56007977023873,10,5,4,4,4.333333333333333,Champions
CUST-001940,3,14319.45125015867,151,4,5,5,4.666666666666667,Champions
CUST-001941,1,27.582870449238335,726,1,1,2,1.3333333333333333,At-Risk
CUST-001942,1,9.865668242433172,87,5,1,1,2.3333333333333335,Other
CUST-001943,2,338.54852314223234,223,3,4,5,4.0,Potential Loyalists
CUST-001944,1,28.921972895286817,310,3,1,2,2.0,Other
CUST-001945,1,25.867864352123956,525,1,1,2,1.3333333333333333,At-Risk
CUST-001946,1,38.7396511895115,726,1,1,2,1.3333333333333333,At-Risk
CUST-001947,3,108.22407898597616,297,3,5,4,4.0,Potential Loyalists
CUST-001948,1,155.36180629607875,330,3,1,4,2.6666666666666665,Other
CUST-001949,3,121.310655864908,191,4,5,4,4.333333333333333,Champions
CUST-001950,2,31.5553175450335,380,2,4,2,2.6666666666666665,Other
CUST-001951,1,2.2034667895955256,212,4,1,1,2.0,Other
CUST-001952,1,4.330682678493423,197,4,1,1,2.0,Other
CUST-001953,1,115.58407036574762,359,2,1,4,2.3333333333333335,At-Risk
CUST-001954,1,91.53858493651376,236,3,1,4,2.6666666666666665,Other
CUST-001955,1,14703.500824841994,234,3,1,5,3.0,Other
CUST-001956,1,28.380167165692164,60,5,1,2,2.6666666666666665,Other
CUST-001957,2,30.960815885107714,224,3,4,2,3.0,Other
CUST-001958,1,6.930327056284866,659,1,1,1,1.0,Lost
CUST-001959,2,37.30770312902005,308,3,4,2,3.0,Other
CUST-001960,2,108.36327073879346,66,5,4,4,4.333333333333333,Champions
CUST-001961,3,537.4604398523836,61,5,5,5,5.0,Champions
CUST-001962,2,126.52802571815924,445,2,4,4,3.3333333333333335,Other
CUST-001963,1,36.523812504869205,177,4,1,2,2.3333333333333335,Other
CUST-001964,1,5385.91821526557,429,2,1,5,2.6666666666666665,At-Risk
CUST-001965,1,5.360576699425211,173,4,1,1,2.0,Other
CUST-001966,1,31.848165719321056,300,3,1,2,2.0,Other
CUST-001967,2,136.59649979343465,386,2,4,4,3.3333333333333335,Other
CUST-001968,2,107.5543818725103,436,2,4,4,3.3333333333333335,Other
CUST-001969,2,76.45370026357647,77,5,4,3,4.0,Potential Loyalists
CUST-001970,2,215.4312050908072,232,3,4,5,4.0,Potential Loyalists
CUST-001971,3,145.8373732987617,83,5,5,4,4.666666666666667,Champions
CUST-001972,1,23.050651182796095,725,1,1,2,1.3333333333333333,At-Risk
CUST-001973,1,12.779372110155494,169,4,1,1,2.0,Other
CUST-001975,2,124.25241587500513,199,4,4,4,4.0,Champions
CUST-001976,1,11.610464484982645,319,3,1,1,1.6666666666666667,Other
CUST-001977,2,219.36265394712694,167,4,4,5,4.333333333333333,Champions
CUST-001978,1,21.024108850778664,88,5,1,2,2.6666666666666665,Other
CUST-001979,1,33.395361751273086,429,2,1,2,1.6666666666666667,At-Risk
CUST-001981,2,34.23493328384557,7,5,4,2,3.6666666666666665,Other
CUST-001982,1,23.351213331455646,404,2,1,2,1.6666666666666667,At-Risk
CUST-001983,1,5.390354800648646,672,1,1,1,1.0,Lost
CUST-001984,1,19.049227545147644,642,1,1,2,1.3333333333333333,At-Risk
CUST-001985,1,17.913745455513535,39,5,1,1,2.3333333333333335,Other
CUST-001986,2,101.24541516335552,232,3,4,4,3.6666666666666665,Potential Loyalists
CUST-001987,3,95.09787840928104,143,4,5,4,4.333333333333333,Champions
CUST-001988,2,12596.567202495358,419,2,4,5,3.6666666666666665,Other
CUST-001989,2,191.07994927606597,466,2,4,5,3.6666666666666665,Other
CUST-001990,1,66.83189795606195,198,4,1,3,2.6666666666666665,Other
CUST-001991,2,470.46142052404696,610,1,4,5,3.3333333333333335,Other
CUST-001992,2,32.27973804166041,0,5,4,2,3.6666666666666665,Other
CUST-001994,2,71.49643648101869,243,3,4,3,3.3333333333333335,Potential Loyalists
CUST-001995,3,47.74920504674244,72,5,5,3,4.333333333333333,Potential Loyalists
CUST-001996,1,10417.78497054587,81,5,1,5,3.6666666666666665,Other
CUST-001997,2,45.66225702252522,189,4,4,3,3.6666666666666665,Potential Loyalists
CUST-001998,2,76.76363527428772,262,3,4,3,3.3333333333333335,Potential Loyalists
CUST-001999,3,124.65809356373035,247,3,5,4,4.0,Potential Loyalists
CUST-002000,2,101.12786878790887,531,1,4,4,3.0,Other
CUST-002001,2,68.58788143023263,293,3,4,3,3.3333333333333335,Potential Loyalists
CUST-002002,1,69.70051817699326,81,5,1,3,3.0,Other
CUST-002003,1,63.277782386511994,686,1,1,3,1.6666666666666667,At-Risk
CUST-002004,1,14.155006729741125,417,2,1,1,1.3333333333333333,At-Risk
CUST-002006,1,14231.93397479389,116,4,1,5,3.3333333333333335,Other
CUST-002007,1,23.837777587616532,30,5,1,2,2.6666666666666665,Other
CUST-002008,2,61.799227169231926,446,2,4,3,3.0,Other
CUST-002009,1,8.724413009822062,463,2,1,1,1.3333333333333333,At-Risk
CUST-002010,1,102.35830815096614,68,5,1,4,3.3333333333333335,Other
CUST-002011,1,58.216430530829285,291,3,1,3,2.3333333333333335,Other
CUST-002012,3,52.18048478241718,10,5,5,3,4.333333333333333,Potential Loyalists
CUST-002013,1,138.0788701316909,662,1,1,4,2.0,At-Risk
CUST-002014,1,35.77031809206044,250,3,1,2,2.0,Other
CUST-002015,4,421.4646438071379,4,5,5,5,5.0,Champions
CUST-002016,1,364.6823342747278,278,3,1,5,3.0,Other
CUST-002017,2,56.72702347119516,281,3,4,3,3.3333333333333335,Potential Loyalists
CUST-002018,2,73.83236414089127,554,1,4,3,2.6666666666666665,Other
CUST-002019,1,10.867392661908545,725,1,1,1,1.0,Lost
CUST-002020,1,145.3428849180925,68,5,1,4,3.3333333333333335,Other
CUST-002021,1,32.8860492509555,372,2,1,2,1.6666666666666667,At-Risk
CUST-002022,1,55.3722370882682,271,3,1,3,2.3333333333333335,Other
CUST-002023,1,6.783310733292484,421,2,1,1,1.3333333333333333,At-Risk
CUST-002024,2,168.84224168397424,41,5,4,5,4.666666666666667,Champions
CUST-002025,1,237.1838829974755,72,5,1,5,3.6666666666666665,Other
CUST-002026,1,3.646958068769188,19,5,1,1,2.3333333333333335,Other
CUST-002027,2,73.78310664627371,51,5,4,3,4.0,Potential Loyalists
CUST-002028,2,18.224570865646,367,2,4,1,2.3333333333333335,Other
CUST-002029,2,60.217260112999185,352,3,4,3,3.3333333333333335,Potential Loyalists
CUST-002030,1,83.39172992403482,300,3,1,4,2.6666666666666665,Other
CUST-002031,1,204.9395004188909,282,3,1,5,3.0,Other
CUST-002032,1,61.90009049334336,465,2,1,3,2.0,At-Risk
CUST-002033,3,219.12297861969978,416,2,5,5,4.0,Other
CUST-002034,2,56.46432535675331,451,2,4,3,3.0,Other
CUST-002035,1,36.75294001497535,501,2,1,2,1.6666666666666667,At-Risk
CUST-002036,2,173.7424693156521,271,3,4,5,4.0,Potential Loyalists
CUST-002037,1,29.758448576937727,183,4,1,2,2.3333333333333335,Other
CUST-002038,1,6.788979632327637,483,2,1,1,1.3333333333333333,At-Risk
CUST-002039,1,12.392482934932444,673,1,1,1,1.0,Lost
CUST-002040,1,70.83589034330053,319,3,1,3,2.3333333333333335,Other
CUST-002041,1,11.226889330860589,704,1,1,1,1.0,Lost
CUST-002042,2,13615.273283578708,136,4,4,5,4.333333333333333,Champions
CUST-002043,1,15.307608664092632,666,1,1,1,1.0,Lost
CUST-002044,2,182.18123824948498,5,5,4,5,4.666666666666667,Champions
CUST-002045,4,67.23319429801099,114,4,5,3,4.0,Potential Loyalists
CUST-002046,1,12.18598897182192,169,4,1,1,2.0,Other
CUST-002048,2,18.280139447849834,138,4,4,1,3.0,Other
CUST-002049,3,134.4769092395453,26,5,5,4,4.666666666666667,Champions
CUST-002050,2,87.86942872513372,30,5,4,4,4.333333333333333,Champions
CUST-002051,2,12960.24655038033,228,3,4,5,4.0,Potential Loyalists
CUST-002052,2,164.3770201981154,123,4,4,5,4.333333333333333,Champions
CUST-002053,2,68.93908138117519,212,4,4,3,3.6666666666666665,Potential Loyalists
CUST-002054,2,803.4290633844005,9,5,4,5,4.666666666666667,Champions
CUST-002055,1,49.768490184088854,513,2,1,3,2.0,At-Risk
CUST-002056,1,16.707623304062945,246,3,1,1,1.6666666666666667,Other
CUST-002057,2,185.1630151203988,413,2,4,5,3.6666666666666665,Other
CUST-002058,1,36.65277225142176,138,4,1,2,2.3333333333333335,Other
CUST-002059,1,22.163711945370416,646,1,1,2,1.3333333333333333,At-Risk
CUST-002060,2,31.28523101038989,547,1,4,2,2.3333333333333335,Other
CUST-002061,2,17.213456068416246,136,4,4,1,3.0,Other
CUST-002062,1,47.06635208563421,645,1,1,3,1.6666666666666667,At-Risk
CUST-002063,2,134.10876372391215,91,5,4,4,4.333333333333333,Champions
CUST-002064,1,114.39207397180196,593,1,1,4,2.0,At-Risk
CUST-002065,3,63.281782492946405,89,5,5,3,4.333333333333333,Potential Loyalists
CUST-002066,2,144.31405071850867,557,1,4,4,3.0,Other
CUST-002067,2,55.185185443960094,144,4,4,3,3.6666666666666665,Potential Loyalists
CUST-002069,2,29.633183297894007,83,5,4,2,3.6666666666666665,Other
CUST-002070,1,57.110585583439985,394,2,1,3,2.0,At-Risk
CUST-002071,2,57.22111899212953,22,5,4,3,4.0,Potential Loyalists
CUST-002072,2,98.79703038288307,57,5,4,4,4.333333333333333,Champions
CUST-002073,1,36.28882662985054,191,4,1,2,2.3333333333333335,Other
CUST-002074,1,83.94107404151396,104,5,1,4,3.3333333333333335,Other
CUST-002075,2,89.04628267100347,8,5,4,4,4.333333333333333,Champions
CUST-002076,1,37.50678686270556,205,4,1,2,2.3333333333333335,Other
CUST-002077,2,116.70673078183675,346,3,4,4,3.6666666666666665,Potential Loyalists
CUST-002078,2,149.12256344414618,264,3,4,4,3.6666666666666665,Potential Loyalists
CUST-002079,1,8.67197676226477,89,5,1,1,2.3333333333333335,Other
CUST-002080,2,144.06930937812155,110,4,4,4,4.0,Champions
CUST-002081,2,127.53645843597207,244,3,4,4,3.6666666666666665,Potential Loyalists
CUST-002082,1,144.06892765737658,316,3,1,4,2.6666666666666665,Other
CUST-002083,2,26.927666765806244,508,2,4,2,2.6666666666666665,Other
CUST-002084,1,16.42430762853242,494,2,1,1,1.3333333333333333,At-Risk
CUST-002085,1,30.682729094951288,329,3,1,2,2.0,Other
CUST-002086,1,5.658193079254399,693,1,1,1,1.0,Lost
CUST-002087,1,24.568875873566128,314,3,1,2,2.0,Other
CUST-002088,1,28.31322260264989,247,3,1,2,2.0,Other
CUST-002089,1,247.88806485337523,541,1,1,5,2.3333333333333335,At-Risk
CUST-002090,1,28.27776011657307,370,2,1,2,1.6666666666666667,At-Risk
CUST-002091,2,276.9095287511871,220,4,4,5,4.333333333333333,Champions
CUST-002092,1,10.877900754962615,419,2,1,1,1.3333333333333333,At-Risk
CUST-002093,2,26.220515881225687,329,3,4,2,3.0,Other
CUST-002094,2,29.867063538779977,158,4,4,2,3.3333333333333335,Other
CUST-002095,1,91.31312728374964,361,2,1,4,2.3333333333333335,At-Risk
CUST-002096,1,21.62224763608864,655,1,1,2,1.3333333333333333,At-Risk
CUST-002097,2,13469.830902529777,267,3,4,5,4.0,Potential Loyalists
CUST-002098,2,312.0899412489852,95,5,4,5,4.666666666666667,Champions
CUST-002099,1,57.65475092499192,354,3,1,3,2.3333333333333335,Other
CUST-002100,1,1.661485179629438,185,4,1,1,2.0,Other
CUST-002101,2,190.8906573954169,120,4,4,5,4.333333333333333,Champions
CUST-002102,2,145.3544686948316,136,4,4,4,4.0,Champions
CUST-002103,1,11.176056451182564,567,1,1,1,1.0,Lost
CUST-002104,2,66.05680689025883,261,3,4,3,3.3333333333333335,Potential Loyalists
CUST-002105,2,54.74084137403855,646,1,4,3,2.6666666666666665,Other
CUST-002106,4,378.0573420925928,12,5,5,5,5.0,Champions
CUST-002107,2,186.01324441027555,152,4,4,5,4.333333333333333,Champions
CUST-002108,1,31.89994852651712,306,3,1,2,2.0,Other
CUST-002109,1,5.116042784850383,677,1,1,1,1.0,Lost
CUST-002110,1,21.83519540748924,194,4,1,2,2.3333333333333335,Other
CUST-002111,1,7.280219936144275,404,2,1,1,1.3333333333333333,At-Risk
CUST-002112,1,88.57777078971762,273,3,1,4,2.6666666666666665,Other
CUST-002113,1,464.5682971258422,722,1,1,5,2.3333333333333335,At-Risk
CUST-002114,3,210.35533781562677,238,3,5,5,4.333333333333333,Potential Loyalists
CUST-002115,1,463.16498040716,570,1,1,5,2.3333333333333335,At-Risk
CUST-002116,1,12740.794837587862,407,2,1,5,2.6666666666666665,At-Risk
CUST-002117,2,198.7965140308407,540,1,4,5,3.3333333333333335,Other
CUST-002118,1,50.92069477517543,672,1,1,3,1.6666666666666667,At-Risk
CUST-002119,1,3.920617784363148,9,5,1,1,2.3333333333333335,Other
CUST-002120,1,259.85279536876084,727,1,1,5,2.3333333333333335,At-Risk
CUST-002121,4,190.37193601747532,233,3,5,5,4.333333333333333,Potential Loyalists
CUST-002122,1,63.935060272784085,474,2,1,3,2.0,At-Risk
CUST-002123,1,29.69565997685982,451,2,1,2,1.6666666666666667,At-Risk
CUST-002124,2,38.187389807950495,161,4,4,2,3.3333333333333335,Other
CUST-002125,1,40.885256589400235,43,5,1,2,2.6666666666666665,Other
CUST-002126,3,49.10887931277823,43,5,5,3,4.333333333333333,Potential Loyalists
CUST-002127,1,32.61873963181244,623,1,1,2,1.3333333333333333,At-Risk
CUST-002128,1,57.84820224689998,518,2,1,3,2.0,At-Risk
CUST-002130,1,340.13199763496834,16,5,1,5,3.6666666666666665,Other
CUST-002131,2,73.61310431713802,68,5,4,3,4.0,Potential Loyalists
CUST-002132,1,18.095963312152552,389,2,1,1,1.3333333333333333,At-Risk
CUST-002133,1,39.18267514327533,555,1,1,2,1.3333333333333333,At-Risk
CUST-002134,1,16.52004827923467,562,1,1,1,1.0,Lost
CUST-002135,1,9.67557374608357,458,2,1,1,1.3333333333333333,At-Risk
CUST-002136,1,14.117746229558213,556,1,1,1,1.0,Lost
CUST-002137,2,35.66819094554447,174,4,4,2,3.3333333333333335,Other
CUST-002138,2,16.112424451942065,172,4,4,1,3.0,Other
CUST-002139,1,8.372446774087928,433,2,1,1,1.3333333333333333,At-Risk
CUST-002140,2,90.66572959395187,449,2,4,4,3.3333333333333335,Other
CUST-002141,1,149.04389640993037,137,4,1,4,3.0,Other
CUST-002142,2,75.19038276675317,268,3,4,3,3.3333333333333335,Potential Loyalists
CUST-002143,1,14.867183899184786,545,1,1,1,1.0,Lost
CUST-002144,3,118.22639749242086,379,2,5,4,3.6666666666666665,Other
CUST-002145,1,8.338182558254994,139,4,1,1,2.0,Other
CUST-002146,1,159.88819864816327,354,3,1,4,2.6666666666666665,Other
CUST-002147,1,36.696584631112465,554,1,1,2,1.3333333333333333,At-Risk
CUST-002148,1,46.07984233859057,229,3,1,3,2.3333333333333335,Other
CUST-002149,2,52.06577060590777,106,5,4,3,4.0,Potential Loyalists
CUST-002150,1,12.9211804734144,458,2,1,1,1.3333333333333333,At-Risk
CUST-002151,1,122.56993636000227,90,5,1,4,3.3333333333333335,Other
CUST-002152,2,32.107199794956216,23,5,4,2,3.6666666666666665,Other
CUST-002153,1,12748.224123179056,642,1,1,5,2.3333333333333335,At-Risk
CUST-002154,2,46.89084288320411,42,5,4,3,4.0,Potential Loyalists
CUST-002155,1,131.8288708777455,287,3,1,4,2.6666666666666665,Other
CUST-002156,2,68.08643097098872,250,3,4,3,3.3333333333333335,Potential Loyalists
CUST-002157,2,77.35919952971315,284,3,4,3,3.3333333333333335,Potential Loyalists
CUST-002158,1,45.38674715451089,699,1,1,3,1.6666666666666667,At-Risk
CUST-002159,3,134.59210844867562,159,4,5,4,4.333333333333333,Champions
CUST-002160,2,88.16215989458505,243,3,4,4,3.6666666666666665,Potential Loyalists
CUST-002161,2,25.46339595940438,617,1,4,2,2.3333333333333335,Other
CUST-002162,2,94.16020042120041,12,5,4,4,4.333333333333333,Champions
CUST-002163,2,80.3390941260114,286,3,4,4,3.6666666666666665,Potential Loyalists
CUST-002164,1,20.81005681084319,728,1,1,2,1.3333333333333333,At-Risk
CUST-002165,1,37.27706142756515,182,4,1,2,2.3333333333333335,Other
CUST-002166,1,10.67758509172287,80,5,1,1,2.3333333333333335,Other
CUST-002167,1,28.26322776586915,578,1,1,2,1.3333333333333333,At-Risk
CUST-002168,1,543.733656596378,340,3,1,5,3.0,Other
CUST-002169,1,90.5469723609188,194,4,1,4,3.0,Other
CUST-002170,2,20.75978360621231,35,5,4,2,3.6666666666666665,Other
CUST-002171,2,263.6976463755212,280,3,4,5,4.0,Potential Loyalists
CUST-002172,2,31.72567244258834,407,2,4,2,2.6666666666666665,Other
CUST-002173,3,114.4055361244076,53,5,5,4,4.666666666666667,Champions
CUST-002174,1,51.494817688194736,277,3,1,3,2.3333333333333335,Other
CUST-002175,1,25.739771180711063,358,3,1,2,2.0,Other
CUST-002176,1,14.389326430098643,390,2,1,1,1.3333333333333333,At-Risk
CUST-002177,3,192.55346676525357,196,4,5,5,4.666666666666667,Champions
CUST-002178,1,18.143811616956437,550,1,1,1,1.0,Lost
CUST-002179,1,10.843310493475148,155,4,1,1,2.0,Other
CUST-002180,3,12912.874922291754,329,3,5,5,4.333333333333333,Potential Loyalists
CUST-002181,2,85.87911804045221,151,4,4,4,4.0,Champions
CUST-002182,2,212.81513934586917,481,2,4,5,3.6666666666666665,Other
CUST-002183,1,23.279467027538715,489,2,1,2,1.6666666666666667,At-Risk
CUST-002184,1,70.47374880649872,80,5,1,3,3.0,Other
CUST-002185,1,17.755508238778507,302,3,1,1,1.6666666666666667,Other
CUST-002186,1,93.8787703830254,306,3,1,4,2.6666666666666665,Other
CUST-002187,1,42.0852748075996,148,4,1,3,2.6666666666666665,Other
CUST-002188,2,8.960792568134757,533,1,4,1,2.0,Other
CUST-002189,1,102.30096289524442,279,3,1,4,2.6666666666666665,Other
CUST-002190,1,60.91818255366386,125,4,1,3,2.6666666666666665,Other
CUST-002191,3,729.307285400306,149,4,5,5,4.666666666666667,Champions
CUST-002192,1,36.178545190015186,392,2,1,2,1.6666666666666667,At-Risk
CUST-002193,2,417.5705278911836,90,5,4,5,4.666666666666667,Champions
CUST-002194,2,112.4555605223859,275,3,4,4,3.6666666666666665,Potential Loyalists
CUST-002195,1,4.057813160180346,585,1,1,1,1.0,Lost
CUST-002196,2,51.59488977468724,374,2,4,3,3.0,Other
CUST-002197,3,412.2982998066351,543,1,5,5,3.6666666666666665,Other
CUST-002198,2,52.023016262465994,101,5,4,3,4.0,Potential Loyalists
CUST-002199,2,581.0235778892229,108,4,4,5,4.333333333333333,Champions
CUST-002200,1,25.7893285559481,236,3,1,2,2.0,Other
CUST-002201,2,118.593143249532,511,2,4,4,3.3333333333333335,Other
CUST-002202,1,4.527926436921742,287,3,1,1,1.6666666666666667,Other
CUST-002203,1,317.29922052429407,601,1,1,5,2.3333333333333335,At-Risk
CUST-002204,2,68.54003267796686,357,3,4,3,3.3333333333333335,Potential Loyalists
CUST-002205,3,36.967001268339246,153,4,5,2,3.6666666666666665,Other
CUST-002206,2,164.44726388564538,73,5,4,5,4.666666666666667,Champions
CUST-002207,1,154.519651296146,636,1,1,4,2.0,At-Risk
CUST-002208,2,24.795839786443192,21,5,4,2,3.6666666666666665,Other
CUST-002209,1,6.9614357375509135,588,1,1,1,1.0,Lost
CUST-002210,1,33.74508361129204,176,4,1,2,2.3333333333333335,Other
CUST-002211,1,94.55166914151292,368,2,1,4,2.3333333333333335,At-Risk
CUST-002212,1,56.8316056117923,711,1,1,3,1.6666666666666667,At-Risk
CUST-002213,1,71.55962717914817,290,3,1,3,2.3333333333333335,Other
CUST-002214,1,7.463734752553039,346,3,1,1,1.6666666666666667,Other
CUST-002215,1,276.683558141803,48,5,1,5,3.6666666666666665,Other
CUST-002216,1,15.346236439598432,115,4,1,1,2.0,Other
CUST-002217,1,6.9809367180934485,205,4,1,1,2.0,Other
CUST-002218,3,77.33370739659262,64,5,5,3,4.333333333333333,Potential Loyalists
CUST-002219,1,5.264054723426902,470,2,1,1,1.3333333333333333,At-Risk
CUST-002220,2,63.97168583412738,323,3,4,3,3.3333333333333335,Potential Loyalists
CUST-002221,1,31.408189790047363,520,2,1,2,1.6666666666666667,At-Risk
CUST-002222,1,90.1775577249402,168,4,1,4,3.0,Other
CUST-002223,2,31.609810267809806,165,4,4,2,3.3333333333333335,Other
CUST-002224,1,4.9447123842091,278,3,1,1,1.6666666666666667,Other
CUST-002225,1,18.56886747174789,245,3,1,1,1.6666666666666667,Other
CUST-002226,1,24.451070749816903,457,2,1,2,1.6666666666666667,At-Risk
CUST-002228,1,6.399809426987391,720,1,1,1,1.0,Lost
CUST-002229,1,43.97404668297626,211,4,1,3,2.6666666666666665,Other
CUST-002230,2,399.0240831351964,62,5,4,5,4.666666666666667,Champions
CUST-002231,3,108.1026302174033,82,5,5,4,4.666666666666667,Champions
CUST-002232,1,4.3935049446719825,75,5,1,1,2.3333333333333335,Other
CUST-002233,1,78.93743872952126,22,5,1,3,3.0,Other
CUST-002234,1,32.30953994740649,252,3,1,2,2.0,Other
CUST-002235,1,2.8104496382684236,213,4,1,1,2.0,Other
CUST-002236,2,37.25001606087796,163,4,4,2,3.3333333333333335,Other
CUST-002237,1,177.2614124730407,162,4,1,5,3.3333333333333335,Other
CUST-002238,2,114.49881990550476,114,4,4,4,4.0,Champions
CUST-002239,1,48.08636547831083,574,1,1,3,1.6666666666666667,At-Risk
CUST-002240,1,27.26992105662639,251,3,1,2,2.0,Other
CUST-002241,3,147.4811167238969,106,5,5,4,4.666666666666667,Champions
CUST-002242,1,8.705941476495871,496,2,1,1,1.3333333333333333,At-Risk
CUST-002243,3,153.28338215582585,368,2,5,4,3.6666666666666665,Other
CUST-002244,2,57.11733096016452,459,2,4,3,3.0,Other
CUST-002245,1,83.78226709101767,47,5,1,4,3.3333333333333335,Other
CUST-002246,1,184.1873459547934,458,2,1,5,2.6666666666666665,At-Risk
CUST-002247,1,29.532894238556352,566,1,1,2,1.3333333333333333,At-Risk
CUST-002248,2,52.96262521984204,370,2,4,3,3.0,Other
CUST-002249,1,13.91482575967341,517,2,1,1,1.3333333333333333,At-Risk
CUST-002250,1,111.04240384961275,153,4,1,4,3.0,Other
CUST-002251,1,55.325667401848825,362,2,1,3,2.0,At-Risk
CUST-002252,1,310.08843541676214,558,1,1,5,2.3333333333333335,At-Risk
CUST-002253,1,300.6559595121656,425,2,1,5,2.6666666666666665,At-Risk
CUST-002254,2,66.10967527222995,190,4,4,3,3.6666666666666665,Potential Loyalists
CUST-002255,1,4.796799289223385,233,3,1,1,1.6666666666666667,Other
CUST-002256,3,210.67301901629932,57,5,5,5,5.0,Champions
CUST-002257,1,44.07887526313573,135,4,1,3,2.6666666666666665,Other
CUST-002258,2,36.336142507836,100,5,4,2,3.6666666666666665,Other
CUST-002259,1,28.278072990834705,581,1,1,2,1.3333333333333333,At-Risk
CUST-002260,2,19.417078684388613,131,4,4,2,3.3333333333333335,Other
CUST-002262,2,179.38937126349842,216,4,4,5,4.333333333333333,Champions
CUST-002263,1,80.74113839729378,322,3,1,4,2.6666666666666665,Other
CUST-002264,1,37.97678691944119,508,2,1,2,1.6666666666666667,At-Risk
CUST-002265,1,3.9360839871566697,546,1,1,1,1.0,Lost
CUST-002266,1,29.81219528831383,233,3,1,2,2.0,Other
CUST-002267,1,20.755605036010063,354,3,1,2,2.0,Other
CUST-002268,1,129.71723497753965,105,5,1,4,3.3333333333333335,Other
CUST-002269,1,58.80335185508386,34,5,1,3,3.0,Other
CUST-002270,1,35.2429683315301,422,2,1,2,1.6666666666666667,At-Risk
CUST-002271,1,183.49961759451247,269,3,1,5,3.0,Other
CUST-002272,1,222.6271767125722,504,2,1,5,2.6666666666666665,At-Risk
CUST-002273,1,22.705996291680183,204,4,1,2,2.3333333333333335,Other
CUST-002274,1,398.813360218357,502,2,1,5,2.6666666666666665,At-Risk
CUST-002275,2,12.521108621931887,187,4,4,1,3.0,Other
CUST-002276,1,40.747919864788166,245,3,1,2,2.0,Other
CUST-002277,1,5.473262728552874,297,3,1,1,1.6666666666666667,Other
CUST-002278,1,16.130844440748774,529,1,1,1,1.0,Lost
CUST-002279,2,21.737999161546483,421,2,4,2,2.6666666666666665,Other
CUST-002280,2,128.42839706453026,306,3,4,4,3.6666666666666665,Potential Loyalists
CUST-002281,1,12.16649471477598,633,1,1,1,1.0,Lost
CUST-002282,1,90.37647906551356,316,3,1,4,2.6666666666666665,Other
CUST-002283,2,15.869873592314912,386,2,4,1,2.3333333333333335,Other
CUST-002284,1,62.4811460665667,475,2,1,3,2.0,At-Risk
CUST-002285,2,68.9883104657347,89,5,4,3,4.0,Potential Loyalists
CUST-002286,2,85.39435142709677,11,5,4,4,4.333333333333333,Champions
CUST-002287,1,56.27161715945185,701,1,1,3,1.6666666666666667,At-Risk
CUST-002288,1,4.451613007941902,50,5,1,1,2.3333333333333335,Other
CUST-002289,1,54.25906773965244,552,1,1,3,1.6666666666666667,At-Risk
CUST-002290,2,27.91440446345335,560,1,4,2,2.3333333333333335,Other
CUST-002291,1,43.44411750405066,222,3,1,3,2.3333333333333335,Other
CUST-002292,1,28.253634386433344,161,4,1,2,2.3333333333333335,Other
CUST-002293,2,25.534264261249863,217,4,4,2,3.3333333333333335,Other
CUST-002294,2,169.83415471242915,461,2,4,5,3.6666666666666665,Other
CUST-002295,3,166.2300994877229,128,4,5,5,4.666666666666667,Champions
CUST-002296,2,88.22152725773694,246,3,4,4,3.6666666666666665,Potential Loyalists
CUST-002297,1,111.24029295334996,200,4,1,4,3.0,Other
CUST-002298,2,69.66279951024731,359,2,4,3,3.0,Other
CUST-002299,1,7.247649429082017,195,4,1,1,2.0,Other
CUST-002300,1,29.608766985510304,39,5,1,2,2.6666666666666665,Other
CUST-002301,1,44.80567215616793,281,3,1,3,2.3333333333333335,Other
CUST-002302,1,122.4030585434892,303,3,1,4,2.6666666666666665,Other
CUST-002303,1,10.653130426279198,280,3,1,1,1.6666666666666667,Other
CUST-002304,1,7.878787051887984,353,3,1,1,1.6666666666666667,Other
CUST-002305,1,2.971123467161999,402,2,1,1,1.3333333333333333,At-Risk
CUST-002306,2,18.467685753604215,518,2,4,1,2.3333333333333335,Other
CUST-002307,2,6847.7771999524075,149,4,4,5,4.333333333333333,Champions
CUST-002308,3,288.69721847580473,252,3,5,5,4.333333333333333,Potential Loyalists
CUST-002309,1,2.453138401871351,595,1,1,1,1.0,Lost
CUST-002310,2,54.69732302589346,547,1,4,3,2.6666666666666665,Other
CUST-002311,1,14.565349099407436,713,1,1,1,1.0,Lost
CUST-002312,1,1.783595122424806,377,2,1,1,1.3333333333333333,At-Risk
CUST-002313,1,24.622047414727103,455,2,1,2,1.6666666666666667,At-Risk
CUST-002314,1,11.852833602572478,29,5,1,1,2.3333333333333335,Other
CUST-002315,1,38.904358342983365,723,1,1,2,1.3333333333333333,At-Risk
CUST-002316,1,338.94582658866165,509,2,1,5,2.6666666666666665,At-Risk
CUST-002317,1,323.42477371392044,318,3,1,5,3.0,Other
CUST-002318,1,30.96888852645967,147,4,1,2,2.3333333333333335,Other
CUST-002319,1,92.66018117025013,708,1,1,4,2.0,At-Risk
CUST-002320,1,7.559478263109064,401,2,1,1,1.3333333333333333,At-Risk
CUST-002321,1,13.095611424209263,165,4,1,1,2.0,Other
CUST-002322,1,13.865612602209453,714,1,1,1,1.0,Lost
CUST-002323,2,19.514217106140215,114,4,4,2,3.3333333333333335,Other
CUST-002324,1,21.49146915764246,456,2,1,2,1.6666666666666667,At-Risk
CUST-002325,2,72.67951228455718,239,3,4,3,3.3333333333333335,Potential Loyalists
CUST-002326,1,60.846034111876065,52,5,1,3,3.0,Other
CUST-002327,2,66.80311090825099,199,4,4,3,3.6666666666666665,Potential Loyalists
CUST-002328,3,109.57747322350696,587,1,5,4,3.3333333333333335,Other
CUST-002329,1,5.566782113636696,400,2,1,1,1.3333333333333333,At-Risk
CUST-002330,1,147.23815336170574,55,5,1,4,3.3333333333333335,Other
CUST-002331,3,60.0704511068932,281,3,5,3,3.6666666666666665,Potential Loyalists
CUST-002332,1,11.77950970099091,416,2,1,1,1.3333333333333333,At-Risk
CUST-002333,1,24.79285621502717,260,3,1,2,2.0,Other
CUST-002334,1,184.0008995721521,394,2,1,5,2.6666666666666665,At-Risk
CUST-002335,1,115.09709025080096,220,4,1,4,3.0,Other
CUST-002336,1,3.1675817657697083,670,1,1,1,1.0,Lost
CUST-002337,3,155.1327840034757,341,3,5,4,4.0,Potential Loyalists
CUST-002338,1,34.49444991985435,425,2,1,2,1.6666666666666667,At-Risk
CUST-002339,1,65.3389776555164,720,1,1,3,1.6666666666666667,At-Risk
CUST-002340,2,13418.924558126704,201,4,4,5,4.333333333333333,Champions
CUST-002341,1,165.04254048082004,349,3,1,5,3.0,Other
CUST-002342,2,88.74330785818802,372,2,4,4,3.3333333333333335,Other
CUST-002343,1,14.413236805512245,402,2,1,1,1.3333333333333333,At-Risk
CUST-002344,2,116.289865675204,521,1,4,4,3.0,Other
CUST-002345,1,30.933442126256733,234,3,1,2,2.0,Other
CUST-002346,2,108.50845392579606,241,3,4,4,3.6666666666666665,Potential Loyalists
CUST-002347,2,28.13397880292586,459,2,4,2,2.6666666666666665,Other
CUST-002348,1,34.30874611489897,329,3,1,2,2.0,Other
CUST-002349,1,276.1802088465958,111,4,1,5,3.3333333333333335,Other
CUST-002350,2,232.50657152820764,400,2,4,5,3.6666666666666665,Other
CUST-002351,2,93.31272814127111,347,3,4,4,3.6666666666666665,Potential Loyalists
CUST-002352,1,80.78867654285483,212,4,1,4,3.0,Other
CUST-002353,2,63.4769842969419,397,2,4,3,3.0,Other
CUST-002354,2,62.045676824741875,338,3,4,3,3.3333333333333335,Potential Loyalists
CUST-002356,2,118.47324029886941,20,5,4,4,4.333333333333333,Champions
CUST-002357,2,129.58971496807277,268,3,4,4,3.6666666666666665,Potential Loyalists
CUST-002358,1,666.0752109496469,6,5,1,5,3.6666666666666665,Other
CUST-002359,1,40.34589042341147,689,1,1,2,1.3333333333333333,At-Risk
CUST-002360,2,204.8130195490284,185,4,4,5,4.333333333333333,Champions
CUST-002361,1,27.48278014436067,191,4,1,2,2.3333333333333335,Other
CUST-002362,2,71.92658959536668,39,5,4,3,4.0,Potential Loyalists
CUST-002363,1,50.640404622242166,61,5,1,3,3.0,Other
CUST-002364,2,529.3324229590556,174,4,4,5,4.333333333333333,Champions
CUST-002365,2,97.69541912896037,5,5,4,4,4.333333333333333,Champions
CUST-002366,2,78.78387660441194,253,3,4,3,3.3333333333333335,Potential Loyalists
CUST-002367,1,65.59983460172496,153,4,1,3,2.6666666666666665,Other
CUST-002368,1,10.094810439777405,501,2,1,1,1.3333333333333333,At-Risk
CUST-002369,4,94.79461410515205,29,5,5,4,4.666666666666667,Champions
CUST-002370,2,63.25700679178565,225,3,4,3,3.3333333333333335,Potential Loyalists
CUST-002371,1,6.697430709986191,510,2,1,1,1.3333333333333333,At-Risk
CUST-002372,2,140.55348358115413,216,4,4,4,4.0,Champions
CUST-002373,1,2.5890274734629477,217,4,1,1,2.0,Other
CUST-002374,1,30.23143113369741,699,1,1,2,1.3333333333333333,At-Risk
CUST-002375,1,30.30984458449913,709,1,1,2,1.3333333333333333,At-Risk
CUST-002376,1,15.066112563571142,534,1,1,1,1.0,Lost
CUST-002377,2,67.9445750460952,190,4,4,3,3.6666666666666665,Potential Loyalists
CUST-002378,1,149.2935640177147,152,4,1,4,3.0,Other
CUST-002379,2,7455.779935286257,35,5,4,5,4.666666666666667,Champions
CUST-002380,1,8.734454902827169,178,4,1,1,2.0,Other
CUST-002381,1,6.121536369984611,596,1,1,1,1.0,Lost
CUST-002382,2,105.33299576223617,62,5,4,4,4.333333333333333,Champions
CUST-002383,3,111.18565433875844,53,5,5,4,4.666666666666667,Champions
CUST-002384,2,15.657918422188141,321,3,4,1,2.6666666666666665,Other
CUST-002385,2,39.56792216845683,304,3,4,2,3.0,Other
CUST-002386,3,7842.045366109589,291,3,5,5,4.333333333333333,Potential Loyalists
CUST-002387,1,36.329512964699106,603,1,1,2,1.3333333333333333,At-Risk
CUST-002388,2,273.0578912774257,49,5,4,5,4.666666666666667,Champions
CUST-002389,1,438.4259421232493,608,1,1,5,2.3333333333333335,At-Risk
CUST-002390,1,22.29768332860818,451,2,1,2,1.6666666666666667,At-Risk
CUST-002391,1,21.68402543358022,597,1,1,2,1.3333333333333333,At-Risk
CUST-002392,1,4.404399687370029,392,2,1,1,1.3333333333333333,At-Risk
CUST-002393,1,5410.105499033702,618,1,1,5,2.3333333333333335,At-Risk
CUST-002394,2,60.205756318959715,486,2,4,3,3.0,Other
CUST-002395,2,96.85491189099419,443,2,4,4,3.3333333333333335,Other
CUST-002396,2,154.7842775593075,442,2,4,4,3.3333333333333335,Other
CUST-002397,2,7203.016023974839,101,5,4,5,4.666666666666667,Champions
CUST-002398,1,9032.36582529888,708,1,1,5,2.3333333333333335,At-Risk
CUST-002399,2,98.42486072440785,380,2,4,4,3.3333333333333335,Other
CUST-002400,1,19.51464678545497,712,1,1,2,1.3333333333333333,At-Risk
CUST-002401,1,79.29085695708643,138,4,1,3,2.6666666666666665,Other
CUST-002402,1,95.32100379077286,542,1,1,4,2.0,At-Risk
CUST-002403,2,33.25873644003184,235,3,4,2,3.0,Other
CUST-002404,2,87.0182247031315,6,5,4,4,4.333333333333333,Champions
CUST-002405,1,56.05065293442275,453,2,1,3,2.0,At-Risk
CUST-002406,1,25.6395979820981,406,2,1,2,1.6666666666666667,At-Risk
CUST-002407,1,312.76475978550593,424,2,1,5,2.6666666666666665,At-Risk
CUST-002408,1,25.8639563506838,226,3,1,2,2.0,Other
CUST-002409,2,90.87937337208471,79,5,4,4,4.333333333333333,Champions
CUST-002410,2,43.859370874059536,346,3,4,3,3.3333333333333335,Potential Loyalists
CUST-002411,1,43.38165469378103,159,4,1,3,2.6666666666666665,Other
CUST-002412,2,39.19749187323902,31,5,4,2,3.6666666666666665,Other
CUST-002413,1,88.6092890309785,172,4,1,4,3.0,Other
CUST-002414,1,10.705156916504006,658,1,1,1,1.0,Lost
CUST-002415,1,5.212690481546716,150,4,1,1,2.0,Other
CUST-002416,2,73.75180044012767,217,4,4,3,3.6666666666666665,Potential Loyalists
CUST-002417,2,10117.272326980637,364,2,4,5,3.6666666666666665,Other
CUST-002418,1,220.2238675635043,152,4,1,5,3.3333333333333335,Other
CUST-002419,2,149.58956999173944,353,3,4,4,3.6666666666666665,Potential Loyalists
CUST-002420,2,249.94032888443738,102,5,4,5,4.666666666666667,Champions
CUST-002421,1,68.57369688356071,251,3,1,3,2.3333333333333335,Other
CUST-002422,2,79.66705163207422,347,3,4,3,3.3333333333333335,Potential Loyalists
CUST-002423,1,6.036080862097323,211,4,1,1,2.0,Other
CUST-002424,1,30.153805405548976,362,2,1,2,1.6666666666666667,At-Risk
CUST-002425,2,260.7334887602955,386,2,4,5,3.6666666666666665,Other
CUST-002426,1,673.7722627077125,150,4,1,5,3.3333333333333335,Other
CUST-002427,3,371.2055629606839,181,4,5,5,4.666666666666667,Champions
CUST-002428,2,32.08612497772516,2,5,4,2,3.6666666666666665,Other
CUST-002429,3,90.73175051922159,271,3,5,4,4.0,Potential Loyalists
CUST-002430,1,106.711559834672,85,5,1,4,3.3333333333333335,Other
CUST-002431,2,89.35723242476789,547,1,4,4,3.0,Other
CUST-002432,1,753.2931351249764,514,2,1,5,2.6666666666666665,At-Risk
CUST-002433,2,38.41832402942143,499,2,4,2,2.6666666666666665,Other
CUST-002434,3,1926.8010942542132,115,4,5,5,4.666666666666667,Champions
CUST-002435,1,9.93585941625727,128,4,1,1,2.0,Other
CUST-002436,1,14.905189049815636,315,3,1,1,1.6666666666666667,Other
CUST-002437,1,4.415278696261833,471,2,1,1,1.3333333333333333,At-Risk
CUST-002438,2,85.85986733394532,29,5,4,4,4.333333333333333,Champions
CUST-002439,2,28.852040938287693,182,4,4,2,3.3333333333333335,Other
CUST-002440,1,12.378952391145084,569,1,1,1,1.0,Lost
CUST-002441,2,82.40155925178473,409,2,4,4,3.3333333333333335,Other
CUST-002442,1,376.09972383703393,137,4,1,5,3.3333333333333335,Other
CUST-002443,1,39.174788394026805,183,4,1,2,2.3333333333333335,Other
CUST-002444,2,32.44691458119178,23,5,4,2,3.6666666666666665,Other
CUST-002446,1,84.15215128611673,599,1,1,4,2.0,At-Risk
CUST-002447,1,36.28449443805814,536,1,1,2,1.3333333333333333,At-Risk
CUST-002448,1,101.9025672096505,102,5,1,4,3.3333333333333335,Other
CUST-002449,1,235.74610530467507,90,5,1,5,3.6666666666666665,Other
CUST-002450,1,50.616570628988754,674,1,1,3,1.6666666666666667,At-Risk
CUST-002451,1,12.41752108583903,91,5,1,1,2.3333333333333335,Other
CUST-002452,2,126.38019688016212,10,5,4,4,4.333333333333333,Champions
CUST-002453,1,32.88696373819463,640,1,1,2,1.3333333333333333,At-Risk
CUST-002454,1,93.65157454313449,557,1,1,4,2.0,At-Risk
CUST-002455,4,102.66319360770181,356,3,5,4,4.0,Potential Loyalists
CUST-002456,1,4.319953425115864,471,2,1,1,1.3333333333333333,At-Risk
CUST-002457,1,12.932379886798076,507,2,1,1,1.3333333333333333,At-Risk
CUST-002458,1,19.395648589686058,305,3,1,2,2.0,Other
CUST-002459,1,65.66392396184669,548,1,1,3,1.6666666666666667,At-Risk
CUST-002460,1,4.610431657706432,675,1,1,1,1.0,Lost
CUST-002461,2,475.8511228004494,6,5,4,5,4.666666666666667,Champions
CUST-002462,3,436.3772127196082,3,5,5,5,5.0,Champions
CUST-002463,3,862.2726322620607,500,2,5,5,4.0,Other
CUST-002464,1,54.6120969681634,509,2,1,3,2.0,At-Risk
CUST-002465,1,7.394604544220074,6,5,1,1,2.3333333333333335,Other
CUST-002466,1,6.657305906373302,438,2,1,1,1.3333333333333333,At-Risk
CUST-002467,3,122.80748684747388,404,2,5,4,3.6666666666666665,Other
CUST-002468,1,96.3680167659233,64,5,1,4,3.3333333333333335,Other
CUST-002469,3,59.65605673954963,151,4,5,3,4.0,Potential Loyalists
CUST-002470,2,244.57595226073198,324,3,4,5,4.0,Potential Loyalists
CUST-002471,1,20.325388689212964,186,4,1,2,2.3333333333333335,Other
CUST-002472,1,46.62665531784208,530,1,1,3,1.6666666666666667,At-Risk
CUST-002473,4,352.04871164077224,119,4,5,5,4.666666666666667,Champions
CUST-002474,1,14.79204405203298,53,5,1,1,2.3333333333333335,Other
CUST-002475,1,46.261533313162765,27,5,1,3,3.0,Other
CUST-002476,2,129.62915717585233,201,4,4,4,4.0,Champions
CUST-002477,1,8791.066049939433,605,1,1,5,2.3333333333333335,At-Risk
CUST-002478,1,32.170934453739434,212,4,1,2,2.3333333333333335,Other
CUST-002479,1,48.07513015135979,251,3,1,3,2.3333333333333335,Other
CUST-002480,3,215.51881512185395,337,3,5,5,4.333333333333333,Potential Loyalists
CUST-002481,1,468.75925640007455,285,3,1,5,3.0,Other
CUST-002482,1,182.98741445853125,37,5,1,5,3.6666666666666665,Other
CUST-002483,2,104.51719525053963,4,5,4,4,4.333333333333333,Champions
CUST-002484,1,98.78096443468158,615,1,1,4,2.0,At-Risk
CUST-002485,1,5118.999765840237,356,3,1,5,3.0,Other
CUST-002486,1,30.749978392346883,84,5,1,2,2.6666666666666665,Other
CUST-002487,1,1.4707181015244954,444,2,1,1,1.3333333333333333,At-Risk
CUST-002488,1,215.5393800170301,427,2,1,5,2.6666666666666665,At-Risk
CUST-002489,1,5.973346109185284,706,1,1,1,1.0,Lost
CUST-002490,2,113.93048444218327,430,2,4,4,3.3333333333333335,Other
CUST-002491,2,361.34237958766084,301,3,4,5,4.0,Potential Loyalists
CUST-002492,2,230.266756670411,233,3,4,5,4.0,Potential Loyalists
CUST-002493,1,84.05599519140253,160,4,1,4,3.0,Other
CUST-002494,2,47.96819370731923,36,5,4,3,4.0,Potential Loyalists
CUST-002495,2,214.52086750425178,117,4,4,5,4.333333333333333,Champions
CUST-002496,1,1.6695522724558527,589,1,1,1,1.0,Lost
CUST-002497,2,9455.431733837499,131,4,4,5,4.333333333333333,Champions
CUST-002498,2,59.472018447838536,155,4,4,3,3.6666666666666665,Potential Loyalists
CUST-002499,1,6273.996354039625,683,1,1,5,2.3333333333333335,At-Risk
CUST-002500,1,398.1117516015997,386,2,1,5,2.6666666666666665,At-Risk
CUST-002501,1,16.16449039273061,153,4,1,1,2.0,Other
CUST-002502,1,157.35089749320403,563,1,1,4,2.0,At-Risk
CUST-002503,2,56.45179506571907,610,1,4,3,2.6666666666666665,Other
CUST-002504,1,29.99089526012731,436,2,1,2,1.6666666666666667,At-Risk
CUST-002505,4,359.55823001639703,1,5,5,5,5.0,Champions
CUST-002506,2,77.91051739750299,253,3,4,3,3.3333333333333335,Potential Loyalists
CUST-002507,1,86.05028965968766,164,4,1,4,3.0,Other
CUST-002508,1,28.24891971297161,387,2,1,2,1.6666666666666667,At-Risk
CUST-002510,1,37.23591698984277,576,1,1,2,1.3333333333333333,At-Risk
CUST-002511,1,4.494323561736835,625,1,1,1,1.0,Lost
CUST-002512,2,118.96178278896488,173,4,4,4,4.0,Champions
CUST-002513,1,537.9056605590615,511,2,1,5,2.6666666666666665,At-Risk
CUST-002514,1,15.70681162321907,339,3,1,1,1.6666666666666667,Other
CUST-002515,1,35.883008120205524,370,2,1,2,1.6666666666666667,At-Risk
CUST-002516,1,202.03414366838496,357,3,1,5,3.0,Other
CUST-002517,1,146.16192788154837,168,4,1,4,3.0,Other
CUST-002518,1,13.461763849865967,704,1,1,1,1.0,Lost
CUST-002519,1,213.525752124991,165,4,1,5,3.3333333333333335,Other
CUST-002520,1,17.17530996645303,628,1,1,1,1.0,Lost
CUST-002521,2,161.46536980187776,97,5,4,5,4.666666666666667,Champions
CUST-002522,1,404.9107818627665,141,4,1,5,3.3333333333333335,Other
CUST-002523,1,111.3547469246108,705,1,1,4,2.0,At-Risk
CUST-002524,1,4.267663742066111,97,5,1,1,2.3333333333333335,Other
CUST-002525,3,27.515495809265275,387,2,5,2,3.0,Other
CUST-002526,1,40.95225063744425,637,1,1,2,1.3333333333333333,At-Risk
CUST-002527,1,22.786119795017346,150,4,1,2,2.3333333333333335,Other
CUST-002528,1,87.01658094980758,61,5,1,4,3.3333333333333335,Other
CUST-002530,2,115.28546188281283,177,4,4,4,4.0,Champions
CUST-002531,2,31.787061691618796,395,2,4,2,2.6666666666666665,Other
CUST-002532,1,38.39988692561738,255,3,1,2,2.0,Other
CUST-002533,1,15.233305198185628,89,5,1,1,2.3333333333333335,Other
CUST-002534,1,6.3412506990706135,561,1,1,1,1.0,Lost
CUST-002535,1,25.2322482580063,157,4,1,2,2.3333333333333335,Other
CUST-002536,3,148.87888441270536,198,4,5,4,4.333333333333333,Champions
CUST-002537,1,10.071175139538791,164,4,1,1,2.0,Other
CUST-002538,2,12.94114068324242,103,5,4,1,3.3333333333333335,Other
CUST-002539,2,69.00590377493396,24,5,4,3,4.0,Potential Loyalists
CUST-002540,3,600.3668330834377,380,2,5,5,4.0,Other
CUST-002541,1,30.331353817355573,560,1,1,2,1.3333333333333333,At-Risk
CUST-002542,3,555.9975243822387,90,5,5,5,5.0,Champions
CUST-002543,1,64.59923979094776,495,2,1,3,2.0,At-Risk
CUST-002544,1,80.65702470641519,587,1,1,4,2.0,At-Risk
CUST-002545,1,7260.8815598955725,451,2,1,5,2.6666666666666665,At-Risk
CUST-002546,1,2.7227847249890864,124,4,1,1,2.0,Other
CUST-002547,1,3.010243896497713,692,1,1,1,1.0,Lost
CUST-002548,4,621.8378804867443,3,5,5,5,5.0,Champions
CUST-002549,1,21.674296161933345,564,1,1,2,1.3333333333333333,At-Risk
CUST-002550,1,146.44979559405886,456,2,1,4,2.3333333333333335,At-Risk
CUST-002551,1,41.968918210953575,709,1,1,3,1.6666666666666667,At-Risk
CUST-002552,3,253.76904947576816,31,5,5,5,5.0,Champions
CUST-002553,1,132.60459781262142,24,5,1,4,3.3333333333333335,Other
CUST-002554,1,21.18345125550097,164,4,1,2,2.3333333333333335,Other
CUST-002555,1,26.977068638298483,683,1,1,2,1.3333333333333333,At-Risk
CUST-002556,4,185.16068096137508,54,5,5,5,5.0,Champions
CUST-002557,1,3.4720262356564775,110,4,1,1,2.0,Other
CUST-002558,2,341.02821050685975,193,4,4,5,4.333333333333333,Champions
CUST-002559,2,221.54919700961764,443,2,4,5,3.6666666666666665,Other
CUST-002560,1,19.188657238847007,85,5,1,2,2.6666666666666665,Other
CUST-002561,3,259.9311501669731,54,5,5,5,5.0,Champions
CUST-002562,2,36.436188255367476,309,3,4,2,3.0,Other
CUST-002563,1,97.96507870047044,592,1,1,4,2.0,At-Risk
CUST-002564,2,24.158591442878986,409,2,4,2,2.6666666666666665,Other
CUST-002565,1,12.981453771817929,295,3,1,1,1.6666666666666667,Other
CUST-002566,2,62.38361842910567,459,2,4,3,3.0,Other
CUST-002567,3,199.91035241552646,22,5,5,5,5.0,Champions
CUST-002568,2,48.11070297819004,175,4,4,3,3.6666666666666665,Potential Loyalists
CUST-002569,2,9558.312428145427,151,4,4,5,4.333333333333333,Champions
CUST-002570,1,36.705437596061614,418,2,1,2,1.6666666666666667,At-Risk
CUST-002571,1,26.172693008426386,5,5,1,2,2.6666666666666665,Other
CUST-002572,1,22.687378834048808,84,5,1,2,2.6666666666666665,Other
CUST-002573,1,12.770593972352565,241,3,1,1,1.6666666666666667,Other
CUST-002574,2,179.63922278033243,492,2,4,5,3.6666666666666665,Other
CUST-002575,1,28.54727829798338,686,1,1,2,1.3333333333333333,At-Risk
CUST-002576,3,11643.320570020845,7,5,5,5,5.0,Champions
CUST-002577,1,38.95675857183497,293,3,1,2,2.0,Other
CUST-002578,1,24.00270527773372,663,1,1,2,1.3333333333333333,At-Risk
CUST-002579,1,11.16342176776107,638,1,1,1,1.0,Lost
CUST-002580,1,131.53877716422846,516,2,1,4,2.3333333333333335,At-Risk
CUST-002581,1,5751.735549537245,108,4,1,5,3.3333333333333335,Other
CUST-002582,4,52.05591005221891,71,5,5,3,4.333333333333333,Potential Loyalists
CUST-002584,1,71.59747540345711,38,5,1,3,3.0,Other
CUST-002585,1,107.18882427055252,354,3,1,4,2.6666666666666665,Other
CUST-002586,1,50.79187907272517,188,4,1,3,2.6666666666666665,Other
CUST-002587,1,45.46443098498572,328,3,1,3,2.3333333333333335,Other
CUST-002588,2,53.83802759780062,123,4,4,3,3.6666666666666665,Potential Loyalists
CUST-002589,1,27.06225285862188,141,4,1,2,2.3333333333333335,Other
CUST-002590,1,56.782227523364696,157,4,1,3,2.6666666666666665,Other
CUST-002591,2,35.72899930019651,10,5,4,2,3.6666666666666665,Other
CUST-002592,3,13666.22885621657,35,5,5,5,5.0,Champions
CUST-002593,1,25.65638765435738,118,4,1,2,2.3333333333333335,Other
CUST-002594,2,125.9885882898884,262,3,4,4,3.6666666666666665,Potential Loyalists
CUST-002595,1,149.37629249252635,404,2,1,4,2.3333333333333335,At-Risk
CUST-002596,1,467.4138034140947,363,2,1,5,2.6666666666666665,At-Risk
CUST-002597,1,26.692759464905578,330,3,1,2,2.0,Other
CUST-002598,2,39.94359966991143,535,1,4,2,2.3333333333333335,Other
CUST-002599,1,20.5014700213252,623,1,1,2,1.3333333333333333,At-Risk
CUST-002600,2,69.99827459061338,127,4,4,3,3.6666666666666665,Potential Loyalists
CUST-002601,2,248.11571355795326,341,3,4,5,4.0,Potential Loyalists
CUST-002602,1,65.47150122031599,596,1,1,3,1.6666666666666667,At-Risk
CUST-002603,1,39.40273202439547,481,2,1,2,1.6666666666666667,At-Risk
CUST-002604,1,16.74370580686129,209,4,1,1,2.0,Other
CUST-002605,3,71.33084728050225,117,4,5,3,4.0,Potential Loyalists
CUST-002606,1,3.994956917638427,407,2,1,1,1.3333333333333333,At-Risk
CUST-002607,4,214.10954100821755,28,5,5,5,5.0,Champions
CUST-002608,2,466.7291706349008,462,2,4,5,3.6666666666666665,Other
CUST-002609,1,128.82849283359997,92,5,1,4,3.3333333333333335,Other
CUST-002610,1,31.261794281508035,191,4,1,2,2.3333333333333335,Other
CUST-002611,3,313.1880495547018,14,5,5,5,5.0,Champions
CUST-002612,1,41.929867087370894,475,2,1,3,2.0,At-Risk
CUST-002613,2,167.49782552253217,341,3,4,5,4.0,Potential Loyalists
CUST-002614,1,44.29080568700823,511,2,1,3,2.0,At-Risk
CUST-002615,1,6.678251482775353,445,2,1,1,1.3333333333333333,At-Risk
CUST-002616,1,69.19202641595638,458,2,1,3,2.0,At-Risk
CUST-002617,1,13.524743163059808,420,2,1,1,1.3333333333333333,At-Risk
CUST-002618,1,43.16854022981934,619,1,1,3,1.6666666666666667,At-Risk
CUST-002619,3,208.51550195429917,91,5,5,5,5.0,Champions
CUST-002620,1,10.801766633831836,418,2,1,1,1.3333333333333333,At-Risk
CUST-002621,1,18.39578487718328,709,1,1,1,1.0,Lost
CUST-002622,1,18.81315486991426,503,2,1,2,1.6666666666666667,At-Risk
CUST-002623,1,21.12082345499018,485,2,1,2,1.6666666666666667,At-Risk
CUST-002624,1,10.300270856548364,336,3,1,1,1.6666666666666667,Other
CUST-002625,1,48.98946101139136,367,2,1,3,2.0,At-Risk
CUST-002626,1,32.25471730444721,142,4,1,2,2.3333333333333335,Other
CUST-002627,1,39.03130626828816,307,3,1,2,2.0,Other
CUST-002628,1,110.09262242261612,100,5,1,4,3.3333333333333335,Other
CUST-002629,1,27.65067073649417,225,3,1,2,2.0,Other
CUST-002630,1,337.09131945342887,242,3,1,5,3.0,Other
CUST-002631,1,10.281023282566244,727,1,1,1,1.0,Lost
CUST-002632,1,28.817742592206574,334,3,1,2,2.0,Other
CUST-002633,2,9308.239321446581,549,1,4,5,3.3333333333333335,Other
CUST-002634,1,10.22125814994645,503,2,1,1,1.3333333333333333,At-Risk
CUST-002635,1,10.649490311827073,149,4,1,1,2.0,Other
CUST-002636,2,63.636000906024265,469,2,4,3,3.0,Other
CUST-002637,1,13.329473271393852,631,1,1,1,1.0,Lost
CUST-002638,1,30.773352264720387,530,1,1,2,1.3333333333333333,At-Risk
CUST-002639,1,66.14252896109441,363,2,1,3,2.0,At-Risk
CUST-002640,1,0.5285322271083122,516,2,1,1,1.3333333333333333,At-Risk
CUST-002641,1,11.5710372716341,192,4,1,1,2.0,Other
CUST-002642,1,370.34538125578,558,1,1,5,2.3333333333333335,At-Risk
CUST-002643,2,32.11530501466533,172,4,4,2,3.3333333333333335,Other
CUST-002644,2,26.104633435460403,619,1,4,2,2.3333333333333335,Other
CUST-002645,1,2.402394585438831,220,4,1,1,2.0,Other
CUST-002646,4,213.25886671123635,145,4,5,5,4.666666666666667,Champions
CUST-002647,2,111.73827203103819,508,2,4,4,3.3333333333333335,Other
CUST-002648,1,467.2849457016832,588,1,1,5,2.3333333333333335,At-Risk
CUST-002649,1,0.9239934511329168,98,5,1,1,2.3333333333333335,Other
CUST-002650,2,143.18697313472242,599,1,4,4,3.0,Other
CUST-002651,1,58.63773286415956,596,1,1,3,1.6666666666666667,At-Risk
CUST-002653,1,75.44524171776024,418,2,1,3,2.0,At-Risk
CUST-002654,1,91.73163665844666,578,1,1,4,2.0,At-Risk
CUST-002655,2,99.45510471017062,495,2,4,4,3.3333333333333335,Other
CUST-002657,1,8.39037923752045,256,3,1,1,1.6666666666666667,Other
CUST-002658,2,60.68015376815477,47,5,4,3,4.0,Potential Loyalists
CUST-002659,2,178.57934454220165,26,5,4,5,4.666666666666667,Champions
CUST-002660,2,57.90780739017825,195,4,4,3,3.6666666666666665,Potential Loyalists
CUST-002661,1,42.93908261107533,295,3,1,3,2.3333333333333335,Other
CUST-002662,2,11.084214415759659,2,5,4,1,3.3333333333333335,Other
CUST-002663,1,47.585860498346584,127,4,1,3,2.6666666666666665,Other
CUST-002664,1,113.14949441879642,544,1,1,4,2.0,At-Risk
CUST-002665,1,40.037647581754904,667,1,1,2,1.3333333333333333,At-Risk
CUST-002666,2,25.868823068427183,69,5,4,2,3.6666666666666665,Other
CUST-002667,1,85.5073962202456,139,4,1,4,3.0,Other
CUST-002668,2,135.54469242134675,163,4,4,4,4.0,Champions
CUST-002669,1,50.63058344366354,311,3,1,3,2.3333333333333335,Other
CUST-002670,2,134.42403451879017,152,4,4,4,4.0,Champions
CUST-002671,1,157.24564593424898,49,5,1,4,3.3333333333333335,Other
CUST-002672,2,69.54580369323695,130,4,4,3,3.6666666666666665,Potential Loyalists
CUST-002673,2,103.40709759520226,167,4,4,4,4.0,Champions
CUST-002674,1,165.63043152044398,604,1,1,5,2.3333333333333335,At-Risk
CUST-002675,2,146.85979892457524,327,3,4,4,3.6666666666666665,Potential Loyalists
CUST-002676,1,44.42350395608084,26,5,1,3,3.0,Other
CUST-002677,1,138.87745035851,249,3,1,4,2.6666666666666665,Other
CUST-002678,1,82.21202478891183,533,1,1,4,2.0,At-Risk
CUST-002679,1,131.69963320733603,251,3,1,4,2.6666666666666665,Other
CUST-002680,3,197.6527848984901,495,2,5,5,4.0,Other
CUST-002681,1,34.88872567887753,41,5,1,2,2.6666666666666665,Other
CUST-002682,3,95.49840704204438,170,4,5,4,4.333333333333333,Champions
CUST-002683,1,82.46587132581813,340,3,1,4,2.6666666666666665,Other
CUST-002684,1,112.47258543911644,397,2,1,4,2.3333333333333335,At-Risk
CUST-002685,1,42.38636375045401,253,3,1,3,2.3333333333333335,Other
CUST-002686,1,15.926581762091606,419,2,1,1,1.3333333333333333,At-Risk
CUST-002687,1,114.49855303482974,54,5,1,4,3.3333333333333335,Other
CUST-002688,2,811.1881573744298,343,3,4,5,4.0,Potential Loyalists
CUST-002689,1,30.869945807125433,267,3,1,2,2.0,Other
CUST-002690,1,193.81172863420912,451,2,1,5,2.6666666666666665,At-Risk
CUST-002691,2,73.00898075161047,162,4,4,3,3.6666666666666665,Potential Loyalists
CUST-002692,1,21.720357665515063,374,2,1,2,1.6666666666666667,At-Risk
CUST-002693,1,12.1183849758563,463,2,1,1,1.3333333333333333,At-Risk
CUST-002694,2,93.07375109177329,260,3,4,4,3.6666666666666665,Potential Loyalists
CUST-002695,1,64.86557552415765,512,2,1,3,2.0,At-Risk
CUST-002696,2,49.74847086343387,583,1,4,3,2.6666666666666665,Other
CUST-002697,2,99.42178472178055,139,4,4,4,4.0,Champions
CUST-002698,1,13.18336790575223,464,2,1,1,1.3333333333333333,At-Risk
CUST-002699,1,59.50410695937601,3,5,1,3,3.0,Other
CUST-002700,1,162.81779025932855,220,4,1,5,3.3333333333333335,Other
CUST-002701,2,35.13869276166541,114,4,4,2,3.3333333333333335,Other
CUST-002702,1,37.9716818002922,562,1,1,2,1.3333333333333333,At-Risk
CUST-002703,2,142.92545879950694,202,4,4,4,4.0,Champions
CUST-002704,2,103.00146087740337,209,4,4,4,4.0,Champions
CUST-002705,1,4.16738445862479,125,4,1,1,2.0,Other
CUST-002706,1,15.915636973880096,580,1,1,1,1.0,Lost
CUST-002707,1,81.82023579007534,592,1,1,4,2.0,At-Risk
CUST-002708,1,7.290339337299186,598,1,1,1,1.0,Lost
CUST-002709,3,230.97277619682362,502,2,5,5,4.0,Other
CUST-002710,1,26.759529306252748,52,5,1,2,2.6666666666666665,Other
CUST-002711,2,175.46040584589116,311,3,4,5,4.0,Potential Loyalists
CUST-002712,3,361.7534367468926,38,5,5,5,5.0,Champions
CUST-002713,2,340.02834552861253,380,2,4,5,3.6666666666666665,Other
CUST-002714,2,164.15309428442856,58,5,4,5,4.666666666666667,Champions
CUST-002715,1,9.952484767041582,88,5,1,1,2.3333333333333335,Other
CUST-002716,1,22.655416629124577,13,5,1,2,2.6666666666666665,Other
CUST-002717,1,14.889890656346312,686,1,1,1,1.0,Lost
CUST-002718,2,102.14096435507786,32,5,4,4,4.333333333333333,Champions
CUST-002719,1,23.834919245892134,586,1,1,2,1.3333333333333333,At-Risk
CUST-002720,3,30.197352203429592,231,3,5,2,3.3333333333333335,Other
CUST-002721,2,8.732981277586285,550,1,4,1,2.0,Other
CUST-002722,1,23.158812916075583,463,2,1,2,1.6666666666666667,At-Risk
CUST-002723,1,27.30576335366391,354,3,1,2,2.0,Other
CUST-002724,2,204.89093559841746,594,1,4,5,3.3333333333333335,Other
CUST-002725,1,19.66435439455052,508,2,1,2,1.6666666666666667,At-Risk
CUST-002726,2,922.2320624792548,358,3,4,5,4.0,Potential Loyalists
CUST-002727,1,27.442193038705184,267,3,1,2,2.0,Other
CUST-002728,1,43.79792321071184,434,2,1,3,2.0,At-Risk
CUST-002729,1,103.9740717405117,352,3,1,4,2.6666666666666665,Other
CUST-002730,1,116.62216697817853,220,4,1,4,3.0,Other
CUST-002731,1,9.657097619970964,125,4,1,1,2.0,Other
CUST-002732,2,56.07946430088099,37,5,4,3,4.0,Potential Loyalists
CUST-002733,1,60.77013487633331,662,1,1,3,1.6666666666666667,At-Risk
CUST-002734,2,45.47696714085848,134,4,4,3,3.6666666666666665,Potential Loyalists
CUST-002735,3,251.31846834592397,150,4,5,5,4.666666666666667,Champions
CUST-002736,1,44.862141094694366,668,1,1,3,1.6666666666666667,At-Risk
CUST-002737,1,22.619931495350325,108,4,1,2,2.3333333333333335,Other
CUST-002738,1,32.40730927125164,615,1,1,2,1.3333333333333333,At-Risk
CUST-002739,2,117.0798018514826,28,5,4,4,4.333333333333333,Champions
CUST-002740,2,139.26073760676152,383,2,4,4,3.3333333333333335,Other
CUST-002741,2,65.99822857621552,126,4,4,3,3.6666666666666665,Potential Loyalists
CUST-002742,1,1.4855629730366329,7,5,1,1,2.3333333333333335,Other
CUST-002743,1,6.0414011730436155,415,2,1,1,1.3333333333333333,At-Risk
CUST-002744,2,91.56980723003544,147,4,4,4,4.0,Champions
CUST-002745,2,139.4886118734545,217,4,4,4,4.0,Champions
CUST-002746,4,484.9890076920232,279,3,5,5,4.333333333333333,Potential Loyalists
CUST-002747,1,93.57476080644996,702,1,1,4,2.0,At-Risk
CUST-002748,2,76.54669431375257,41,5,4,3,4.0,Potential Loyalists
CUST-002749,1,64.2809740236123,466,2,1,3,2.0,At-Risk
CUST-002750,2,135.72311254246446,142,4,4,4,4.0,Champions
CUST-002751,1,27.53354459752251,20,5,1,2,2.6666666666666665,Other
CUST-002752,1,52.60583251088394,471,2,1,3,2.0,At-Risk
CUST-002753,2,144.85617692223587,28,5,4,4,4.333333333333333,Champions
CUST-002755,1,45.03133192052871,92,5,1,3,3.0,Other
CUST-002756,1,89.0175856082028,83,5,1,4,3.3333333333333335,Other
CUST-002757,1,67.15098488850727,588,1,1,3,1.6666666666666667,At-Risk
CUST-002758,2,73.09699692762717,122,4,4,3,3.6666666666666665,Potential Loyalists
CUST-002759,1,37.25604941069373,310,3,1,2,2.0,Other
CUST-002760,1,34.74370094824626,449,2,1,2,1.6666666666666667,At-Risk
CUST-002761,1,7.223802406281647,197,4,1,1,2.0,Other
CUST-002762,4,266.6736398061563,428,2,5,5,4.0,Other
CUST-002763,1,96.01680175696352,248,3,1,4,2.6666666666666665,Other
CUST-002764,3,88.51187870041804,310,3,5,4,4.0,Potential Loyalists
CUST-002765,1,37.910010841148505,487,2,1,2,1.6666666666666667,At-Risk
CUST-002766,2,34.47826740219251,119,4,4,2,3.3333333333333335,Other
CUST-002767,1,98.77065093829324,225,3,1,4,2.6666666666666665,Other
CUST-002768,2,55.75484277166555,337,3,4,3,3.3333333333333335,Potential Loyalists
CUST-002769,2,138.5204362320014,241,3,4,4,3.6666666666666665,Potential Loyalists
CUST-002770,1,17.630931593214115,362,2,1,1,1.3333333333333333,At-Risk
CUST-002771,1,195.65556747169765,261,3,1,5,3.0,Other
CUST-002772,1,259.363401559366,242,3,1,5,3.0,Other
CUST-002773,2,30.21865518849816,334,3,4,2,3.0,Other
CUST-002774,3,249.7545384976403,163,4,5,5,4.666666666666667,Champions
CUST-002775,2,194.11689874523208,69,5,4,5,4.666666666666667,Champions
CUST-002776,2,32.05914600015814,326,3,4,2,3.0,Other
CUST-002777,2,48.626179555017416,381,2,4,3,3.0,Other
CUST-002778,1,238.84231922853547,577,1,1,5,2.3333333333333335,At-Risk
CUST-002779,2,621.5686771054541,463,2,4,5,3.6666666666666665,Other
CUST-002780,2,117.00550779152763,649,1,4,4,3.0,Other
CUST-002781,3,301.36448868358235,108,4,5,5,4.666666666666667,Champions
CUST-002782,1,44.11207107723553,349,3,1,3,2.3333333333333335,Other
CUST-002783,3,266.5451695150308,568,1,5,5,3.6666666666666665,Other
CUST-002784,2,52.71832862561432,486,2,4,3,3.0,Other
CUST-002785,1,20.893190757708417,200,4,1,2,2.3333333333333335,Other
CUST-002786,3,229.01784847266876,81,5,5,5,5.0,Champions
CUST-002787,3,286.52019793241095,293,3,5,5,4.333333333333333,Potential Loyalists
CUST-002788,2,66.4855387841207,283,3,4,3,3.3333333333333335,Potential Loyalists
CUST-002789,1,3.4307035417284113,63,5,1,1,2.3333333333333335,Other
CUST-002790,2,197.86125882895277,435,2,4,5,3.6666666666666665,Other
CUST-002791,1,12.211550078712186,74,5,1,1,2.3333333333333335,Other
CUST-002792,1,16.300064959559176,279,3,1,1,1.6666666666666667,Other
CUST-002793,2,64.09597990568979,15,5,4,3,4.0,Potential Loyalists
CUST-002794,1,16.08292757502256,527,1,1,1,1.0,Lost
CUST-002795,1,2.900773010077286,256,3,1,1,1.6666666666666667,Other
CUST-002796,1,399.11899922815417,39,5,1,5,3.6666666666666665,Other
CUST-002797,1,109.9995523224696,543,1,1,4,2.0,At-Risk
CUST-002798,2,51.137199235699896,83,5,4,3,4.0,Potential Loyalists
CUST-002799,1,37.871794935486314,144,4,1,2,2.3333333333333335,Other
CUST-002800,2,221.16807163807405,46,5,4,5,4.666666666666667,Champions
CUST-002801,3,187.60838184628906,166,4,5,5,4.666666666666667,Champions
CUST-002803,1,16.223775407192676,49,5,1,1,2.3333333333333335,Other
CUST-002804,2,58.16377184613269,59,5,4,3,4.0,Potential Loyalists
CUST-002805,1,3.0609005770187583,596,1,1,1,1.0,Lost
CUST-002806,1,37.326913294780645,192,4,1,2,2.3333333333333335,Other
CUST-002807,3,93.1417272593472,87,5,5,4,4.666666666666667,Champions
CUST-002808,1,24.901991665458613,410,2,1,2,1.6666666666666667,At-Risk
CUST-002809,3,844.246696433149,63,5,5,5,5.0,Champions
CUST-002810,1,32.327186444879665,642,1,1,2,1.3333333333333333,At-Risk
CUST-002811,2,20.403584914849805,438,2,4,2,2.6666666666666665,Other
CUST-002812,2,6182.518913960068,186,4,4,5,4.333333333333333,Champions
CUST-002813,1,15.439619840123436,698,1,1,1,1.0,Lost
CUST-002814,1,144.45287224681687,637,1,1,4,2.0,At-Risk
CUST-002815,2,65.62989922016261,75,5,4,3,4.0,Potential Loyalists
CUST-002816,1,7.822186086780509,719,1,1,1,1.0,Lost
CUST-002817,1,292.2955894922033,675,1,1,5,2.3333333333333335,At-Risk
CUST-002818,4,163.3744199567494,304,3,5,5,4.333333333333333,Potential Loyalists
CUST-002819,1,26.65770641611945,63,5,1,2,2.6666666666666665,Other
CUST-002820,2,39.31545936965908,291,3,4,2,3.0,Other
CUST-002821,1,30.124184006916085,198,4,1,2,2.3333333333333335,Other
CUST-002822,1,54.789313030185745,86,5,1,3,3.0,Other
CUST-002823,2,26.995625791955646,647,1,4,2,2.3333333333333335,Other
CUST-002824,1,1.8107388184080753,433,2,1,1,1.3333333333333333,At-Risk
CUST-002825,2,31.42164501984098,72,5,4,2,3.6666666666666665,Other
CUST-002826,1,12.118098236085771,21,5,1,1,2.3333333333333335,Other
CUST-002827,1,50.14797992716673,595,1,1,3,1.6666666666666667,At-Risk
CUST-002828,2,21.927453891416324,332,3,4,2,3.0,Other
CUST-002829,3,134.5942102481315,207,4,5,4,4.333333333333333,Champions
CUST-002830,1,24.404957137954913,29,5,1,2,2.6666666666666665,Other
CUST-002831,1,39.24881352449199,651,1,1,2,1.3333333333333333,At-Risk
CUST-002832,1,8.176920376721464,646,1,1,1,1.0,Lost
CUST-002833,4,11904.293903803915,15,5,5,5,5.0,Champions
CUST-002834,1,11.67120337584089,116,4,1,1,2.0,Other
CUST-002835,2,57.5937466105668,238,3,4,3,3.3333333333333335,Potential Loyalists
CUST-002836,1,36.08377353028501,699,1,1,2,1.3333333333333333,At-Risk
CUST-002837,1,28.011989662011004,201,4,1,2,2.3333333333333335,Other
CUST-002838,1,70.57329813093587,116,4,1,3,2.6666666666666665,Other
CUST-002839,2,44.3788669025288,433,2,4,3,3.0,Other
CUST-002840,3,216.17259053247577,461,2,5,5,4.0,Other
CUST-002842,2,122.70223212695102,59,5,4,4,4.333333333333333,Champions
CUST-002843,2,8336.206662058612,435,2,4,5,3.6666666666666665,Other
CUST-002844,2,13207.083553342167,318,3,4,5,4.0,Potential Loyalists
CUST-002845,2,165.174177407209,387,2,4,5,3.6666666666666665,Other
CUST-002846,2,112.35683269669804,94,5,4,4,4.333333333333333,Champions
CUST-002847,1,426.0671613833889,30,5,1,5,3.6666666666666665,Other
CUST-002848,1,12.596604355965292,557,1,1,1,1.0,Lost
CUST-002849,1,65.65869168289538,346,3,1,3,2.3333333333333335,Other
CUST-002850,1,63.88191321197635,106,5,1,3,3.0,Other
CUST-002851,3,205.95858512038942,36,5,5,5,5.0,Champions
CUST-002852,2,10.657055009954249,158,4,4,1,3.0,Other
CUST-002853,2,119.86369094358696,109,4,4,4,4.0,Champions
CUST-002854,1,24.76426192715673,38,5,1,2,2.6666666666666665,Other
CUST-002855,3,11978.74196174984,287,3,5,5,4.333333333333333,Potential Loyalists
CUST-002856,1,80.63949156002042,570,1,1,4,2.0,At-Risk
CUST-002857,1,218.2204265758819,514,2,1,5,2.6666666666666665,At-Risk
CUST-002858,1,6.489289856608242,108,4,1,1,2.0,Other
CUST-002860,1,354.91985406445133,37,5,1,5,3.6666666666666665,Other
CUST-002861,1,219.01172434111083,106,5,1,5,3.6666666666666665,Other
CUST-002862,1,25.15446811418144,340,3,1,2,2.0,Other
CUST-002863,1,83.27305245337558,364,2,1,4,2.3333333333333335,At-Risk
CUST-002864,2,43.126473181613285,418,2,4,3,3.0,Other
CUST-002865,1,223.3944808855982,89,5,1,5,3.6666666666666665,Other
CUST-002866,1,100.16959287685172,400,2,1,4,2.3333333333333335,At-Risk
CUST-002867,3,228.29689414658284,2,5,5,5,5.0,Champions
CUST-002868,1,8.12868594183641,576,1,1,1,1.0,Lost
CUST-002869,1,26.6582115113051,166,4,1,2,2.3333333333333335,Other
CUST-002870,2,94.3342478437278,273,3,4,4,3.6666666666666665,Potential Loyalists
CUST-002871,1,9464.586493804003,83,5,1,5,3.6666666666666665,Other
CUST-002872,3,160.44800347823846,90,5,5,4,4.666666666666667,Champions
CUST-002873,2,22.187809269667916,151,4,4,2,3.3333333333333335,Other
CUST-002874,1,12.351909291744338,226,3,1,1,1.6666666666666667,Other
CUST-002875,1,6.629285177863621,425,2,1,1,1.3333333333333333,At-Risk
CUST-002876,3,154.1085342857248,98,5,5,4,4.666666666666667,Champions
CUST-002877,1,38.00363637085919,320,3,1,2,2.0,Other
CUST-002878,1,14.087990690820554,350,3,1,1,1.6666666666666667,Other
CUST-002879,2,14.292055080113915,220,4,4,1,3.0,Other
CUST-002880,1,1105.733721565017,440,2,1,5,2.6666666666666665,At-Risk
CUST-002881,1,49.88342464391435,55,5,1,3,3.0,Other
CUST-002882,1,23.14024596967912,559,1,1,2,1.3333333333333333,At-Risk
CUST-002883,1,22.410517367160818,547,1,1,2,1.3333333333333333,At-Risk
CUST-002884,1,9.370507686701664,312,3,1,1,1.6666666666666667,Other
CUST-002885,1,36.16032181457847,390,2,1,2,1.6666666666666667,At-Risk
CUST-002886,1,39.43410511163638,130,4,1,2,2.3333333333333335,Other
CUST-002887,1,30.081681554164625,478,2,1,2,1.6666666666666667,At-Risk
CUST-002888,1,29.226597893237503,324,3,1,2,2.0,Other
CUST-002889,1,98.02442965901017,11,5,1,4,3.3333333333333335,Other
CUST-002890,1,88.47018055391432,304,3,1,4,2.6666666666666665,Other
CUST-002891,2,49.17921642977842,312,3,4,3,3.3333333333333335,Potential Loyalists
CUST-002892,3,50.45111732279688,243,3,5,3,3.6666666666666665,Potential Loyalists
CUST-002893,1,9.861353018141864,553,1,1,1,1.0,Lost
CUST-002894,1,12.956696298486882,146,4,1,1,2.0,Other
CUST-002895,1,22.173249886676825,277,3,1,2,2.0,Other
CUST-002896,2,107.37810905849877,253,3,4,4,3.6666666666666665,Potential Loyalists
CUST-002897,2,6023.490871576,284,3,4,5,4.0,Potential Loyalists
CUST-002898,1,40.02805300107753,233,3,1,2,2.0,Other
CUST-002899,2,449.2936732645006,541,1,4,5,3.3333333333333335,Other
CUST-002900,1,117.29031075045545,581,1,1,4,2.0,At-Risk
CUST-002902,1,84.52299346371336,253,3,1,4,2.6666666666666665,Other
CUST-002903,1,17.91134591479844,688,1,1,1,1.0,Lost
CUST-002904,1,11.49817172609099,69,5,1,1,2.3333333333333335,Other
CUST-002905,2,204.8627803236796,377,2,4,5,3.6666666666666665,Other
CUST-002906,1,51.93187742886861,530,1,1,3,1.6666666666666667,At-Risk
CUST-002907,1,34.51808191921982,82,5,1,2,2.6666666666666665,Other
CUST-002908,1,88.73815793375029,707,1,1,4,2.0,At-Risk
CUST-002909,1,11.019154516926246,678,1,1,1,1.0,Lost
CUST-002910,1,52.34947386437331,222,3,1,3,2.3333333333333335,Other
CUST-002911,1,121.25202821397924,716,1,1,4,2.0,At-Risk
CUST-002912,1,52.05991309016281,143,4,1,3,2.6666666666666665,Other
CUST-002913,2,47.78859651435702,203,4,4,3,3.6666666666666665,Potential Loyalists
CUST-002914,1,52.11032536101689,48,5,1,3,3.0,Other
CUST-002915,2,219.28045210738816,307,3,4,5,4.0,Potential Loyalists
CUST-002916,2,317.0226318320914,28,5,4,5,4.666666666666667,Champions
CUST-002917,1,10.418631034661235,473,2,1,1,1.3333333333333333,At-Risk
CUST-002918,1,14844.118491837387,252,3,1,5,3.0,Other
CUST-002919,1,3.702557337573577,636,1,1,1,1.0,Lost
CUST-002920,1,32.64678094374496,39,5,1,2,2.6666666666666665,Other
CUST-002921,2,112.77626449937944,45,5,4,4,4.333333333333333,Champions
CUST-002922,1,144.0573126968456,84,5,1,4,3.3333333333333335,Other
CUST-002923,1,23.18105259499274,347,3,1,2,2.0,Other
CUST-002924,2,78.45315365986707,490,2,4,3,3.0,Other
CUST-002926,2,14235.857214160867,118,4,4,5,4.333333333333333,Champions
CUST-002927,1,14.417395586815738,396,2,1,1,1.3333333333333333,At-Risk
CUST-002928,1,4.144721352214624,707,1,1,1,1.0,Lost
CUST-002929,1,15.911008899806555,531,1,1,1,1.0,Lost
CUST-002930,1,19.287218066321408,149,4,1,2,2.3333333333333335,Other
CUST-002931,1,27.635747049245474,406,2,1,2,1.6666666666666667,At-Risk
CUST-002932,3,5442.433914917419,532,1,5,5,3.6666666666666665,Other
CUST-002933,1,10.3979704316826,378,2,1,1,1.3333333333333333,At-Risk
CUST-002934,1,31.103208125680258,148,4,1,2,2.3333333333333335,Other
CUST-002935,1,18.24853354814935,447,2,1,1,1.3333333333333333,At-Risk
CUST-002936,1,9.262476845706992,179,4,1,1,2.0,Other
CUST-002937,1,72.49343412673035,79,5,1,3,3.0,Other
CUST-002939,1,120.7095580430591,548,1,1,4,2.0,At-Risk
CUST-002941,1,59.68505003953621,550,1,1,3,1.6666666666666667,At-Risk
CUST-002942,2,39.907960172291176,188,4,4,2,3.3333333333333335,Other
CUST-002943,2,153.91547036531506,81,5,4,4,4.333333333333333,Champions
CUST-002944,1,7.794139187394905,420,2,1,1,1.3333333333333333,At-Risk
CUST-002945,1,11.301862547003926,122,4,1,1,2.0,Other
CUST-002946,1,38.44360685033564,217,4,1,2,2.3333333333333335,Other
CUST-002947,3,60.6712133256095,28,5,5,3,4.333333333333333,Potential Loyalists
CUST-002948,1,7.64455950839045,117,4,1,1,2.0,Other
CUST-002949,1,46.259504078642685,680,1,1,3,1.6666666666666667,At-Risk
CUST-002950,3,113.87046843540617,238,3,5,4,4.0,Potential Loyalists
CUST-002951,2,18.18134219697105,160,4,4,1,3.0,Other
CUST-002952,2,22.753828622822397,117,4,4,2,3.3333333333333335,Other
CUST-002953,1,72.19540357924012,605,1,1,3,1.6666666666666667,At-Risk
CUST-002954,2,140.40101950724983,193,4,4,4,4.0,Champions
CUST-002955,1,44.65401816845977,127,4,1,3,2.6666666666666665,Other
CUST-002956,1,19.605106766921818,620,1,1,2,1.3333333333333333,At-Risk
CUST-002958,1,23.305653973818007,333,3,1,2,2.0,Other
CUST-002959,2,122.32618705479568,43,5,4,4,4.333333333333333,Champions
CUST-002960,1,30.396937456467825,493,2,1,2,1.6666666666666667,At-Risk
CUST-002962,2,97.36720230003473,435,2,4,4,3.3333333333333335,Other
CUST-002963,1,33.10632532468307,720,1,1,2,1.3333333333333333,At-Risk
CUST-002964,1,25.599337976833844,233,3,1,2,2.0,Other
CUST-002965,3,226.20440908783422,182,4,5,5,4.666666666666667,Champions
CUST-002966,2,152.57569131242187,255,3,4,4,3.6666666666666665,Potential Loyalists
CUST-002967,1,23.15997561588568,315,3,1,2,2.0,Other
CUST-002968,1,16.391941825725972,459,2,1,1,1.3333333333333333,At-Risk
CUST-002969,1,68.2924330693401,207,4,1,3,2.6666666666666665,Other
CUST-002970,2,37.4047948436665,137,4,4,2,3.3333333333333335,Other
CUST-002971,1,88.5895660151828,500,2,1,4,2.3333333333333335,At-Risk
CUST-002972,1,3.012921331660968,24,5,1,1,2.3333333333333335,Other
CUST-002973,3,126.56556364745063,235,3,5,4,4.0,Potential Loyalists
CUST-002974,1,26.442441622944216,727,1,1,2,1.3333333333333333,At-Risk
CUST-002975,1,66.12200991151002,297,3,1,3,2.3333333333333335,Other
CUST-002976,1,106.88235313173664,124,4,1,4,3.0,Other
CUST-002977,2,305.7342039048901,175,4,4,5,4.333333333333333,Champions
CUST-002978,1,52.78495716288305,404,2,1,3,2.0,At-Risk
CUST-002979,3,339.701933360057,265,3,5,5,4.333333333333333,Potential Loyalists
CUST-002980,3,80.0091479738422,7,5,5,4,4.666666666666667,Champions
CUST-002981,1,354.3155523058155,604,1,1,5,2.3333333333333335,At-Risk
CUST-002982,1,122.2656613112151,52,5,1,4,3.3333333333333335,Other
CUST-002983,1,32.48731300882297,592,1,1,2,1.3333333333333333,At-Risk
CUST-002984,2,81.47938794253486,296,3,4,4,3.6666666666666665,Potential Loyalists
CUST-002985,1,14.49772021344872,658,1,1,1,1.0,Lost
CUST-002986,2,53.61203067027806,357,3,4,3,3.3333333333333335,Potential Loyalists
CUST-002987,1,31.52856377212956,63,5,1,2,2.6666666666666665,Other
CUST-002988,1,15.996904279840482,179,4,1,1,2.0,Other
CUST-002989,1,3.425373282909954,702,1,1,1,1.0,Lost
CUST-002990,2,34.04118258421646,90,5,4,2,3.6666666666666665,Other
CUST-002991,3,89.18996609240949,198,4,5,4,4.333333333333333,Champions
CUST-002992,1,146.64781768651204,647,1,1,4,2.0,At-Risk
CUST-002993,1,68.35336341958016,99,5,1,3,3.0,Other
CUST-002994,1,43.115215019221125,608,1,1,3,1.6666666666666667,At-Risk
CUST-002995,3,224.98529739931814,23,5,5,5,5.0,Champions
CUST-002996,1,2.7327210193206386,68,5,1,1,2.3333333333333335,Other
CUST-002997,1,60.35467112298945,370,2,1,3,2.0,At-Risk
CUST-002998,1,80.61607840848382,447,2,1,4,2.3333333333333335,At-Risk
CUST-002999,1,189.3767815122289,602,1,1,5,2.3333333333333335,At-Risk
CUST-003001,1,31.157256069140825,49,5,1,2,2.6666666666666665,Other
CUST-003002,1,110.337315588251,95,5,1,4,3.3333333333333335,Other
CUST-003003,1,58.14526369356292,141,4,1,3,2.6666666666666665,Other
CUST-003004,1,10.184142195885904,224,3,1,1,1.6666666666666667,Other
CUST-003005,2,65.33114830636245,47,5,4,3,4.0,Potential Loyalists
CUST-003006,2,71.93887677362429,418,2,4,3,3.0,Other
CUST-003007,1,120.02347161272478,693,1,1,4,2.0,At-Risk
CUST-003008,1,10.366167993583096,597,1,1,1,1.0,Lost
CUST-003009,2,269.63976086285027,57,5,4,5,4.666666666666667,Champions
CUST-003010,4,341.2750602933214,193,4,5,5,4.666666666666667,Champions
CUST-003011,1,37.84049702553702,479,2,1,2,1.6666666666666667,At-Risk
CUST-003012,1,13977.61390085451,407,2,1,5,2.6666666666666665,At-Risk
CUST-003013,1,12.733533492543067,645,1,1,1,1.0,Lost
CUST-003014,1,20.31648306434044,325,3,1,2,2.0,Other
CUST-003016,1,1.037796491855363,711,1,1,1,1.0,Lost
CUST-003017,1,36.45581487215109,349,3,1,2,2.0,Other
CUST-003018,1,50.37832934417261,281,3,1,3,2.3333333333333335,Other
CUST-003019,1,9897.379448210731,566,1,1,5,2.3333333333333335,At-Risk
CUST-003020,1,16.091143808343936,598,1,1,1,1.0,Lost
CUST-003021,2,217.08654776279823,2,5,4,5,4.666666666666667,Champions
CUST-003022,1,137.9120361610525,149,4,1,4,3.0,Other
CUST-003023,1,63.32632119749362,722,1,1,3,1.6666666666666667,At-Risk
CUST-003024,1,175.55363016624958,545,1,1,5,2.3333333333333335,At-Risk
CUST-003025,1,107.3505172376618,296,3,1,4,2.6666666666666665,Other
CUST-003026,1,31.34661771840402,84,5,1,2,2.6666666666666665,Other
CUST-003027,1,23.277711115431295,163,4,1,2,2.3333333333333335,Other
CUST-003028,1,199.93130898915504,285,3,1,5,3.0,Other
CUST-003029,2,117.76727365871982,160,4,4,4,4.0,Champions
CUST-003030,1,153.3487214129745,276,3,1,4,2.6666666666666665,Other
CUST-003031,2,233.47677722206885,476,2,4,5,3.6666666666666665,Other
CUST-003032,1,75.13092160009609,523,1,1,3,1.6666666666666667,At-Risk
CUST-003033,1,10.432181541277302,443,2,1,1,1.3333333333333333,At-Risk
CUST-003034,1,11605.348296493636,373,2,1,5,2.6666666666666665,At-Risk
CUST-003035,1,95.196481042601,410,2,1,4,2.3333333333333335,At-Risk
CUST-003036,1,18.73295195634626,613,1,1,1,1.0,Lost
CUST-003037,2,96.40637235350829,27,5,4,4,4.333333333333333,Champions
CUST-003038,1,112.7520279481908,662,1,1,4,2.0,At-Risk
CUST-003039,1,518.5414095231051,600,1,1,5,2.3333333333333335,At-Risk
CUST-003040,1,230.5052534273192,230,3,1,5,3.0,Other
CUST-003041,2,1384.729922275686,243,3,4,5,4.0,Potential Loyalists
CUST-003042,2,112.15558327260734,373,2,4,4,3.3333333333333335,Other
CUST-003043,2,57.275435818812085,108,4,4,3,3.6666666666666665,Potential Loyalists
CUST-003044,1,7.510783955599366,439,2,1,1,1.3333333333333333,At-Risk
CUST-003045,1,58.60263085375976,457,2,1,3,2.0,At-Risk
CUST-003046,1,7.199213832838619,245,3,1,1,1.6666666666666667,Other
CUST-003047,2,209.21113504558795,50,5,4,5,4.666666666666667,Champions
CUST-003048,1,40.089977547441194,490,2,1,2,1.6666666666666667,At-Risk
CUST-003049,1,1.9013614022148788,313,3,1,1,1.6666666666666667,Other
CUST-003050,1,66.9703518954862,379,2,1,3,2.0,At-Risk
CUST-003051,1,36.20952756517666,486,2,1,2,1.6666666666666667,At-Risk
CUST-003052,2,353.27263766490233,190,4,4,5,4.333333333333333,Champions
CUST-003053,2,40.366600235758426,118,4,4,2,3.3333333333333335,Other
CUST-003054,1,12.623003859121024,263,3,1,1,1.6666666666666667,Other
CUST-003055,2,100.94044569603938,277,3,4,4,3.6666666666666665,Potential Loyalists
CUST-003056,1,29.389244077951997,597,1,1,2,1.3333333333333333,At-Risk
CUST-003057,2,60.48968886761611,105,5,4,3,4.0,Potential Loyalists
CUST-003058,1,50.18751580100824,464,2,1,3,2.0,At-Risk
CUST-003059,1,50.25542619903593,93,5,1,3,3.0,Other
CUST-003060,1,29.496574401167067,505,2,1,2,1.6666666666666667,At-Risk
CUST-003061,1,47.62938395648567,181,4,1,3,2.6666666666666665,Other
CUST-003062,1,19.616064906835312,146,4,1,2,2.3333333333333335,Other
CUST-003063,1,44.552602248908656,581,1,1,3,1.6666666666666667,At-Risk
CUST-003064,1,51.58753531364433,254,3,1,3,2.3333333333333335,Other
CUST-003065,1,125.00764776631132,180,4,1,4,3.0,Other
CUST-003066,1,56.60706612062306,283,3,1,3,2.3333333333333335,Other
CUST-003067,1,212.38464880653328,604,1,1,5,2.3333333333333335,At-Risk
CUST-003068,2,65.03793033700043,257,3,4,3,3.3333333333333335,Potential Loyalists
CUST-003069,1,4.419060643588724,154,4,1,1,2.0,Other
CUST-003070,1,20.303393995099995,676,1,1,2,1.3333333333333333,At-Risk
CUST-003071,1,608.9686247504341,670,1,1,5,2.3333333333333335,At-Risk
CUST-003072,1,39.58571022321204,701,1,1,2,1.3333333333333333,At-Risk
CUST-003073,6,587.3277629397596,128,4,5,5,4.666666666666667,Champions
CUST-003074,2,60.8931656436446,181,4,4,3,3.6666666666666665,Potential Loyalists
CUST-003075,2,41.49680860850508,449,2,4,3,3.0,Other
CUST-003076,3,365.21270172184825,186,4,5,5,4.666666666666667,Champions
CUST-003078,1,238.85620179966915,547,1,1,5,2.3333333333333335,At-Risk
CUST-003079,1,1.9911696227168505,422,2,1,1,1.3333333333333333,At-Risk
CUST-003080,1,28.245907090856473,234,3,1,2,2.0,Other
CUST-003081,1,6866.973283066388,36,5,1,5,3.6666666666666665,Other
CUST-003082,3,291.2036129237197,466,2,5,5,4.0,Other
CUST-003083,1,324.06312534688493,19,5,1,5,3.6666666666666665,Other
CUST-003084,2,221.03837292649183,570,1,4,5,3.3333333333333335,Other
CUST-003085,1,62.98382397948789,684,1,1,3,1.6666666666666667,At-Risk
CUST-003086,1,21.17277439519029,466,2,1,2,1.6666666666666667,At-Risk
CUST-003087,2,100.0539792141076,24,5,4,4,4.333333333333333,Champions
CUST-003088,1,81.2464988226721,631,1,1,4,2.0,At-Risk
CUST-003089,1,54.66010136692799,355,3,1,3,2.3333333333333335,Other
CUST-003090,1,33.9084466107475,5,5,1,2,2.6666666666666665,Other
CUST-003091,1,57.274391272778495,645,1,1,3,1.6666666666666667,At-Risk
CUST-003092,1,13.393866892740403,670,1,1,1,1.0,Lost
CUST-003093,2,95.95963622520378,576,1,4,4,3.0,Other
CUST-003094,3,159.2931512935768,367,2,5,4,3.6666666666666665,Other
CUST-003095,1,110.95874654013956,13,5,1,4,3.3333333333333335,Other
CUST-003096,1,289.6646745728916,307,3,1,5,3.0,Other
CUST-003097,3,182.088144287548,332,3,5,5,4.333333333333333,Potential Loyalists
CUST-003098,2,110.9579181942526,5,5,4,4,4.333333333333333,Champions
CUST-003099,1,554.0080764694792,532,1,1,5,2.3333333333333335,At-Risk
CUST-003100,2,106.11958819622285,368,2,4,4,3.3333333333333335,Other
CUST-003101,1,130.71844788872852,213,4,1,4,3.0,Other
CUST-003102,1,210.9251812119361,694,1,1,5,2.3333333333333335,At-Risk
CUST-003103,1,69.4484991253887,420,2,1,3,2.0,At-Risk
CUST-003104,2,254.82737647074947,426,2,4,5,3.6666666666666665,Other
CUST-003105,3,86.52051522077133,82,5,5,4,4.666666666666667,Champions
CUST-003106,1,7.3752974416666115,521,1,1,1,1.0,Lost
CUST-003107,1,8.329598242628137,655,1,1,1,1.0,Lost
CUST-003108,1,43.85319552827553,398,2,1,3,2.0,At-Risk
CUST-003109,2,73.82624871021135,550,1,4,3,2.6666666666666665,Other
CUST-003110,3,118.68519348324611,80,5,5,4,4.666666666666667,Champions
CUST-003111,1,7.03548952341992,404,2,1,1,1.3333333333333333,At-Risk
CUST-003112,1,7.352026862523443,671,1,1,1,1.0,Lost
CUST-003113,2,42.77057039772144,331,3,4,3,3.3333333333333335,Potential Loyalists
CUST-003114,1,555.440103371666,406,2,1,5,2.6666666666666665,At-Risk
CUST-003115,1,21.461968816930472,532,1,1,2,1.3333333333333333,At-Risk
CUST-003116,1,139.58745748391908,370,2,1,4,2.3333333333333335,At-Risk
CUST-003117,1,41.10104746961878,238,3,1,2,2.0,Other
CUST-003118,2,97.95401939219589,631,1,4,4,3.0,Other
CUST-003119,1,66.43234975515311,186,4,1,3,2.6666666666666665,Other
CUST-003120,2,118.01569294526513,554,1,4,4,3.0,Other
CUST-003121,1,38.448528904426894,513,2,1,2,1.6666666666666667,At-Risk
CUST-003122,2,60.1883214145018,178,4,4,3,3.6666666666666665,Potential Loyalists
CUST-003123,1,31.784915579949015,375,2,1,2,1.6666666666666667,At-Risk
CUST-003124,1,62.47215243215523,517,2,1,3,2.0,At-Risk
CUST-003125,4,135.12045909598356,5,5,5,4,4.666666666666667,Champions
CUST-003126,1,28.018942641573226,411,2,1,2,1.6666666666666667,At-Risk
CUST-003127,1,91.9113742722675,640,1,1,4,2.0,At-Risk
CUST-003128,1,18.643910956100896,672,1,1,1,1.0,Lost
CUST-003129,1,51.33244662569512,484,2,1,3,2.0,At-Risk
CUST-003130,2,95.1050404875992,124,4,4,4,4.0,Champions
CUST-003131,1,55.17060218113111,657,1,1,3,1.6666666666666667,At-Risk
CUST-003132,1,305.6768266657769,220,4,1,5,3.3333333333333335,Other
CUST-003133,1,53.259856780682696,41,5,1,3,3.0,Other
CUST-003134,1,212.18931176042105,33,5,1,5,3.6666666666666665,Other
CUST-003135,2,104.62095586921079,227,3,4,4,3.6666666666666665,Potential Loyalists
CUST-003136,2,86.45462529378327,106,5,4,4,4.333333333333333,Champions
CUST-003137,2,143.6599209216739,417,2,4,4,3.3333333333333335,Other
CUST-003138,2,39.32967409323385,494,2,4,2,2.6666666666666665,Other
CUST-003139,2,66.80756560078414,94,5,4,3,4.0,Potential Loyalists
CUST-003140,1,14.996389713130474,436,2,1,1,1.3333333333333333,At-Risk
CUST-003141,1,73.23399350597076,202,4,1,3,2.6666666666666665,Other
CUST-003142,2,69.30791649671518,1,5,4,3,4.0,Potential Loyalists
CUST-003144,1,29.753677022592104,611,1,1,2,1.3333333333333333,At-Risk
CUST-003145,3,535.1835219324621,241,3,5,5,4.333333333333333,Potential Loyalists
CUST-003146,1,3.696832474664879,339,3,1,1,1.6666666666666667,Other
CUST-003147,1,139.96400565856072,505,2,1,4,2.3333333333333335,At-Risk
CUST-003148,2,184.62404256376527,157,4,4,5,4.333333333333333,Champions
CUST-003149,1,22.487829592573593,667,1,1,2,1.3333333333333333,At-Risk
CUST-003150,1,240.06849449962445,498,2,1,5,2.6666666666666665,At-Risk
CUST-003151,1,17.129758830258652,190,4,1,1,2.0,Other
CUST-003152,1,19.10116051792319,435,2,1,2,1.6666666666666667,At-Risk
CUST-003153,2,140.3658303235903,443,2,4,4,3.3333333333333335,Other
CUST-003154,1,7.839930513281855,476,2,1,1,1.3333333333333333,At-Risk
CUST-003155,1,5.50718088596204,443,2,1,1,1.3333333333333333,At-Risk
CUST-003156,5,481.8046830529978,68,5,5,5,5.0,Champions
CUST-003157,2,154.1869617546179,265,3,4,4,3.6666666666666665,Potential Loyalists
CUST-003158,3,225.13560017763004,57,5,5,5,5.0,Champions
CUST-003159,1,385.6255122968024,297,3,1,5,3.0,Other
CUST-003160,1,56.23367968382996,560,1,1,3,1.6666666666666667,At-Risk
CUST-003161,1,16.39691397191605,283,3,1,1,1.6666666666666667,Other
CUST-003162,1,35.68870874566327,86,5,1,2,2.6666666666666665,Other
CUST-003163,3,56.13931322830688,290,3,5,3,3.6666666666666665,Potential Loyalists
CUST-003164,2,169.8510985211609,385,2,4,5,3.6666666666666665,Other
CUST-003165,2,390.89418161647546,410,2,4,5,3.6666666666666665,Other
CUST-003166,1,127.3164542274126,342,3,1,4,2.6666666666666665,Other
CUST-003167,1,35.09266362122898,130,4,1,2,2.3333333333333335,Other
CUST-003168,2,354.22520449465816,177,4,4,5,4.333333333333333,Champions
CUST-003169,2,94.3032173759353,499,2,4,4,3.3333333333333335,Other
CUST-003170,1,71.79130604768042,196,4,1,3,2.6666666666666665,Other
CUST-003171,4,761.2340812390614,63,5,5,5,5.0,Champions
CUST-003172,2,100.56425099312898,195,4,4,4,4.0,Champions
CUST-003173,1,14.935456646497917,586,1,1,1,1.0,Lost
CUST-003174,2,382.0121003046325,395,2,4,5,3.6666666666666665,Other
CUST-003175,2,401.4031629238606,17,5,4,5,4.666666666666667,Champions
CUST-003176,2,195.4409631853433,465,2,4,5,3.6666666666666665,Other
CUST-003177,2,58.33975134159536,283,3,4,3,3.3333333333333335,Potential Loyalists
CUST-003178,4,111.49058103050666,164,4,5,4,4.333333333333333,Champions
CUST-003179,3,149.50306674730442,300,3,5,4,4.0,Potential Loyalists
CUST-003180,2,67.61539905691107,667,1,4,3,2.6666666666666665,Other
CUST-003181,2,29.078138087101188,162,4,4,2,3.3333333333333335,Other
CUST-003182,1,88.03091248053133,671,1,1,4,2.0,At-Risk
CUST-003183,1,62.255809930580135,339,3,1,3,2.3333333333333335,Other
CUST-003184,2,15.356923340691168,373,2,4,1,2.3333333333333335,Other
CUST-003185,1,61.15935767980041,87,5,1,3,3.0,Other
CUST-003186,1,37.21618263406524,513,2,1,2,1.6666666666666667,At-Risk
CUST-003187,2,83.15937528884058,42,5,4,4,4.333333333333333,Champions
CUST-003188,1,6.862380183527153,568,1,1,1,1.0,Lost
CUST-003189,1,102.29936164985736,169,4,1,4,3.0,Other
CUST-003192,3,136.73159309041444,48,5,5,4,4.666666666666667,Champions
CUST-003193,2,343.7866353805475,62,5,4,5,4.666666666666667,Champions
CUST-003194,1,57.519075350786515,395,2,1,3,2.0,At-Risk
CUST-003195,1,9.751911411141895,139,4,1,1,2.0,Other
CUST-003196,2,87.77824989543873,398,2,4,4,3.3333333333333335,Other
CUST-003197,1,4.233912772591906,519,2,1,1,1.3333333333333333,At-Risk
CUST-003198,2,72.362223959675,28,5,4,3,4.0,Potential Loyalists
CUST-003199,2,358.2364480358696,211,4,4,5,4.333333333333333,Champions
CUST-003200,2,115.92768330079001,404,2,4,4,3.3333333333333335,Other
CUST-003201,2,227.33286064098758,111,4,4,5,4.333333333333333,Champions
CUST-003202,1,8.323534293704435,217,4,1,1,2.0,Other
CUST-003203,1,6.246189102083265,22,5,1,1,2.3333333333333335,Other
CUST-003204,1,20.69080545383786,446,2,1,2,1.6666666666666667,At-Risk
CUST-003205,1,46.20755016493788,504,2,1,3,2.0,At-Risk
CUST-003206,1,14.688790112532928,560,1,1,1,1.0,Lost
CUST-003207,1,10.773200266468647,68,5,1,1,2.3333333333333335,Other
CUST-003208,1,9.620142638746165,130,4,1,1,2.0,Other
CUST-003209,1,54.98298055384051,625,1,1,3,1.6666666666666667,At-Risk
CUST-003210,1,49.07673694328079,704,1,1,3,1.6666666666666667,At-Risk
CUST-003211,1,20.919728604972935,627,1,1,2,1.3333333333333333,At-Risk
CUST-003212,2,47.34551382927261,181,4,4,3,3.6666666666666665,Potential Loyalists
CUST-003213,2,210.3364771306516,18,5,4,5,4.666666666666667,Champions
CUST-003214,1,22.132593447262,55,5,1,2,2.6666666666666665,Other
CUST-003215,1,2.91349328451142,263,3,1,1,1.6666666666666667,Other
CUST-003216,1,23.27337307537904,138,4,1,2,2.3333333333333335,Other
CUST-003217,3,156.48514229499526,215,4,5,4,4.333333333333333,Champions
CUST-003218,2,119.48695046474623,483,2,4,4,3.3333333333333335,Other
CUST-003219,1,153.5112359326332,11,5,1,4,3.3333333333333335,Other
CUST-003221,2,48.9641837236585,346,3,4,3,3.3333333333333335,Potential Loyalists
CUST-003222,1,9.322665856948808,211,4,1,1,2.0,Other
CUST-003223,1,39.0513891041899,157,4,1,2,2.3333333333333335,Other
CUST-003224,2,66.09086259675679,378,2,4,3,3.0,Other
CUST-003225,2,112.01007411154484,343,3,4,4,3.6666666666666665,Potential Loyalists
CUST-003226,2,38.34261488947992,201,4,4,2,3.3333333333333335,Other
CUST-003227,2,81.98043115990019,135,4,4,4,4.0,Champions
CUST-003228,2,94.40824672192781,515,2,4,4,3.3333333333333335,Other
CUST-003229,2,43.62117355656852,78,5,4,3,4.0,Potential Loyalists
CUST-003230,1,89.31787728857832,463,2,1,4,2.3333333333333335,At-Risk
CUST-003231,2,173.42992591713713,285,3,4,5,4.0,Potential Loyalists
CUST-003232,1,65.32728585916941,217,4,1,3,2.6666666666666665,Other
CUST-003233,1,38.989704270236146,110,4,1,2,2.3333333333333335,Other
CUST-003234,1,29.230508436905055,139,4,1,2,2.3333333333333335,Other
CUST-003235,1,39.982900537171304,143,4,1,2,2.3333333333333335,Other
CUST-003236,1,90.34716698208108,549,1,1,4,2.0,At-Risk
CUST-003237,2,89.92425432756283,179,4,4,4,4.0,Champions
CUST-003238,2,91.59504757397113,62,5,4,4,4.333333333333333,Champions
CUST-003239,1,54.23523915215291,542,1,1,3,1.6666666666666667,At-Risk
CUST-003240,2,116.63503406175543,200,4,4,4,4.0,Champions
CUST-003241,2,312.2799135352917,435,2,4,5,3.6666666666666665,Other
CUST-003242,1,36.9226771520194,164,4,1,2,2.3333333333333335,Other
CUST-003243,2,104.66325028273792,170,4,4,4,4.0,Champions
CUST-003244,3,183.84279965021787,78,5,5,5,5.0,Champions
CUST-003245,1,11.46206030440575,467,2,1,1,1.3333333333333333,At-Risk
CUST-003246,1,12.172952474531757,635,1,1,1,1.0,Lost
CUST-003247,2,237.1514122590244,130,4,4,5,4.333333333333333,Champions
CUST-003248,1,112.84360446762771,162,4,1,4,3.0,Other
CUST-003249,1,63.518226703098584,702,1,1,3,1.6666666666666667,At-Risk
CUST-003250,2,201.63280610661505,393,2,4,5,3.6666666666666665,Other
CUST-003251,1,32.928558059037385,103,5,1,2,2.6666666666666665,Other
CUST-003252,1,48.26795721044716,485,2,1,3,2.0,At-Risk
CUST-003253,2,111.66483122334597,204,4,4,4,4.0,Champions
CUST-003254,2,109.10756539969861,375,2,4,4,3.3333333333333335,Other
CUST-003255,1,63.07594555040957,173,4,1,3,2.6666666666666665,Other
CUST-003256,2,159.37691553710425,103,5,4,4,4.333333333333333,Champions
CUST-003257,1,97.11892979001608,485,2,1,4,2.3333333333333335,At-Risk
CUST-003258,1,38.19520639182824,122,4,1,2,2.3333333333333335,Other
CUST-003259,3,482.59196577561426,540,1,5,5,3.6666666666666665,Other
CUST-003260,3,133.52759879856208,208,4,5,4,4.333333333333333,Champions
CUST-003261,1,98.7007553331474,424,2,1,4,2.3333333333333335,At-Risk
CUST-003262,1,15.834995439901736,703,1,1,1,1.0,Lost
CUST-003263,3,156.5153771175307,189,4,5,4,4.333333333333333,Champions
CUST-003264,1,17.236144062558242,181,4,1,1,2.0,Other
CUST-003266,1,13.15763243511092,105,5,1,1,2.3333333333333335,Other
CUST-003267,1,79.54094234139028,1,5,1,3,3.0,Other
CUST-003268,4,168.8045844825437,130,4,5,5,4.666666666666667,Champions
CUST-003269,1,5.424707432994059,269,3,1,1,1.6666666666666667,Other
CUST-003270,1,38.63545885159551,158,4,1,2,2.3333333333333335,Other
CUST-003271,1,4.597159135132986,535,1,1,1,1.0,Lost
CUST-003272,2,28.11596229225292,420,2,4,2,2.6666666666666665,Other
CUST-003273,1,27.811402344322428,407,2,1,2,1.6666666666666667,At-Risk
CUST-003274,4,41.6731488511295,80,5,5,3,4.333333333333333,Potential Loyalists
CUST-003275,1,19.186627231430855,487,2,1,2,1.6666666666666667,At-Risk
CUST-003276,1,18.5818993684351,452,2,1,1,1.3333333333333333,At-Risk
CUST-003277,2,197.26850226106052,515,2,4,5,3.6666666666666665,Other
CUST-003278,2,25.820083314877884,53,5,4,2,3.6666666666666665,Other
CUST-003279,2,60.628196898773396,591,1,4,3,2.6666666666666665,Other
CUST-003280,1,92.87663215734804,29,5,1,4,3.3333333333333335,Other
CUST-003281,1,119.26679965865551,182,4,1,4,3.0,Other
CUST-003282,1,339.4542091779183,4,5,1,5,3.6666666666666665,Other
CUST-003283,1,83.97316102593952,534,1,1,4,2.0,At-Risk
CUST-003284,1,128.99574819924098,718,1,1,4,2.0,At-Risk
CUST-003285,1,2.337554125051942,236,3,1,1,1.6666666666666667,Other
CUST-003286,1,43.34778271437,26,5,1,3,3.0,Other
CUST-003287,1,91.12757893539724,337,3,1,4,2.6666666666666665,Other
CUST-003289,1,26.281432558544996,619,1,1,2,1.3333333333333333,At-Risk
CUST-003290,1,77.4538707000709,602,1,1,3,1.6666666666666667,At-Risk
CUST-003291,1,24.698529303510103,532,1,1,2,1.3333333333333333,At-Risk
CUST-003292,3,119.70382584227534,20,5,5,4,4.666666666666667,Champions
CUST-003293,3,54.50829839220316,73,5,5,3,4.333333333333333,Potential Loyalists
CUST-003294,1,17.119062546711064,134,4,1,1,2.0,Other
CUST-003295,3,71.29630159006231,369,2,5,3,3.3333333333333335,Other
CUST-003296,1,189.83808456670604,473,2,1,5,2.6666666666666665,At-Risk
CUST-003297,1,15.361504637203016,298,3,1,1,1.6666666666666667,Other
CUST-003298,1,66.38231165799047,255,3,1,3,2.3333333333333335,Other
CUST-003299,1,14918.221126238486,86,5,1,5,3.6666666666666665,Other
CUST-003300,1,11.77900823589765,202,4,1,1,2.0,Other
CUST-003301,3,118.27105413024343,35,5,5,4,4.666666666666667,Champions
CUST-003302,1,176.05092284986927,145,4,1,5,3.3333333333333335,Other
CUST-003303,1,4.190030488565593,301,3,1,1,1.6666666666666667,Other
CUST-003304,2,21.01019213666679,643,1,4,2,2.3333333333333335,Other
CUST-003305,2,74.04992793389206,18,5,4,3,4.0,Potential Loyalists
CUST-003306,1,106.26841758688184,419,2,1,4,2.3333333333333335,At-Risk
CUST-003307,2,73.59299300483694,6,5,4,3,4.0,Potential Loyalists
CUST-003308,1,6.457221463312783,220,4,1,1,2.0,Other
CUST-003309,2,509.36137120440424,308,3,4,5,4.0,Potential Loyalists
CUST-003310,1,181.59685217879593,664,1,1,5,2.3333333333333335,At-Risk
CUST-003311,2,140.26804445794863,395,2,4,4,3.3333333333333335,Other
CUST-003312,2,109.47102253431852,158,4,4,4,4.0,Champions
CUST-003313,1,18.05265114807283,712,1,1,1,1.0,Lost
CUST-003314,2,92.67486537049552,288,3,4,4,3.6666666666666665,Potential Loyalists
CUST-003315,1,93.46124986683672,508,2,1,4,2.3333333333333335,At-Risk
CUST-003316,1,53.29484954812415,705,1,1,3,1.6666666666666667,At-Risk
CUST-003317,1,21.471100791007633,43,5,1,2,2.6666666666666665,Other
CUST-003318,1,6.734628143174903,241,3,1,1,1.6666666666666667,Other
CUST-003319,3,94.69329232077936,378,2,5,4,3.6666666666666665,Other
CUST-003320,1,335.8358171332667,362,2,1,5,2.6666666666666665,At-Risk
CUST-003321,1,280.28833475580217,47,5,1,5,3.6666666666666665,Other
CUST-003322,2,65.90577180915804,16,5,4,3,4.0,Potential Loyalists
CUST-003323,1,45.581806145460966,23,5,1,3,3.0,Other
CUST-003325,2,81.12639635157333,114,4,4,4,4.0,Champions
CUST-003326,1,26.71509532313474,98,5,1,2,2.6666666666666665,Other
CUST-003327,2,100.33917226394078,0,5,4,4,4.333333333333333,Champions
CUST-003328,3,67.99010663442628,191,4,5,3,4.0,Potential Loyalists
CUST-003329,1,3.6323809915065497,452,2,1,1,1.3333333333333333,At-Risk
CUST-003330,1,23.383434960799033,315,3,1,2,2.0,Other
CUST-003331,2,147.128713869983,328,3,4,4,3.6666666666666665,Potential Loyalists
CUST-003332,1,19.48223095437566,106,5,1,2,2.6666666666666665,Other
CUST-003333,1,79.39359920815714,514,2,1,3,2.0,At-Risk
CUST-003334,1,112.35790969999788,485,2,1,4,2.3333333333333335,At-Risk
CUST-003335,1,32.85490018555813,538,1,1,2,1.3333333333333333,At-Risk
CUST-003336,2,181.82919489525335,91,5,4,5,4.666666666666667,Champions
CUST-003337,1,23.814928043469735,609,1,1,2,1.3333333333333333,At-Risk
CUST-003338,1,16.961945358167977,419,2,1,1,1.3333333333333333,At-Risk
CUST-003339,1,1.3715549274606362,52,5,1,1,2.3333333333333335,Other
CUST-003340,1,23.05800609791287,494,2,1,2,1.6666666666666667,At-Risk
CUST-003341,2,42.29909371875557,76,5,4,3,4.0,Potential Loyalists
CUST-003342,1,90.81974241374782,435,2,1,4,2.3333333333333335,At-Risk
CUST-003343,2,33.102796194510674,266,3,4,2,3.0,Other
CUST-003344,3,176.4659840815069,199,4,5,5,4.666666666666667,Champions
CUST-003345,1,53.475904831794594,68,5,1,3,3.0,Other
CUST-003346,2,43.96030677104415,324,3,4,3,3.3333333333333335,Potential Loyalists
CUST-003347,2,134.35684610164006,54,5,4,4,4.333333333333333,Champions
CUST-003348,1,56.12863784870281,634,1,1,3,1.6666666666666667,At-Risk
CUST-003349,1,155.728635299266,649,1,1,4,2.0,At-Risk
CUST-003350,1,10.778837920932164,69,5,1,1,2.3333333333333335,Other
CUST-003351,1,93.19954690653944,353,3,1,4,2.6666666666666665,Other
CUST-003352,1,30.63920051404609,525,1,1,2,1.3333333333333333,At-Risk
CUST-003353,1,248.7877074309909,288,3,1,5,3.0,Other
CUST-003354,1,68.93610208884608,562,1,1,3,1.6666666666666667,At-Risk
CUST-003355,3,72.64238975578337,14,5,5,3,4.333333333333333,Potential Loyalists
CUST-003356,1,4.168394545470102,463,2,1,1,1.3333333333333333,At-Risk
CUST-003357,2,58.2059992969313,67,5,4,3,4.0,Potential Loyalists
CUST-003358,2,115.99071130340735,528,1,4,4,3.0,Other
CUST-003359,2,23.699727447671307,60,5,4,2,3.6666666666666665,Other
CUST-003360,2,22.721172120335552,469,2,4,2,2.6666666666666665,Other
CUST-003361,1,82.0592028549183,61,5,1,4,3.3333333333333335,Other
CUST-003362,2,724.1213582728549,323,3,4,5,4.0,Potential Loyalists
CUST-003363,1,5.1734330132828275,674,1,1,1,1.0,Lost
CUST-003364,2,296.09061978766226,124,4,4,5,4.333333333333333,Champions
CUST-003365,1,17.516547592532326,53,5,1,1,2.3333333333333335,Other
CUST-003366,1,61.21769660267519,249,3,1,3,2.3333333333333335,Other
CUST-003367,1,85.00060745240661,275,3,1,4,2.6666666666666665,Other
CUST-003368,1,28.978978020315385,161,4,1,2,2.3333333333333335,Other
CUST-003369,2,75.95308184178458,458,2,4,3,3.0,Other
CUST-003370,1,13.680855556594532,156,4,1,1,2.0,Other
CUST-003372,1,54.196897745981786,142,4,1,3,2.6666666666666665,Other
CUST-003373,1,95.28544623529127,415,2,1,4,2.3333333333333335,At-Risk
CUST-003374,3,307.843482936438,284,3,5,5,4.333333333333333,Potential Loyalists
CUST-003375,5,282.67078777700243,229,3,5,5,4.333333333333333,Potential Loyalists
CUST-003377,2,99.9745749173415,47,5,4,4,4.333333333333333,Champions
CUST-003378,1,21.95132107166396,600,1,1,2,1.3333333333333333,At-Risk
CUST-003379,1,54.5055511182859,128,4,1,3,2.6666666666666665,Other
CUST-003380,1,43.110880958246774,650,1,1,3,1.6666666666666667,At-Risk
CUST-003381,2,76.85680494292902,485,2,4,3,3.0,Other
CUST-003382,1,3.0537950791698165,586,1,1,1,1.0,Lost
CUST-003384,1,8.39350586417272,235,3,1,1,1.6666666666666667,Other
CUST-003385,1,14.570337200817088,655,1,1,1,1.0,Lost
CUST-003386,2,109.30846044750054,223,3,4,4,3.6666666666666665,Potential Loyalists
CUST-003387,1,328.322600306988,640,1,1,5,2.3333333333333335,At-Risk
CUST-003388,1,33.63545081985266,203,4,1,2,2.3333333333333335,Other
CUST-003389,1,10.629335351143808,689,1,1,1,1.0,Lost
CUST-003390,2,168.82273111161567,29,5,4,5,4.666666666666667,Champions
CUST-003391,1,15.603147714150884,177,4,1,1,2.0,Other
CUST-003392,2,49.003454709978094,125,4,4,3,3.6666666666666665,Potential Loyalists
CUST-003393,1,71.1010083777263,585,1,1,3,1.6666666666666667,At-Risk
CUST-003394,1,19.114675671045717,390,2,1,2,1.6666666666666667,At-Risk
CUST-003395,2,53.84380611643398,123,4,4,3,3.6666666666666665,Potential Loyalists
CUST-003396,1,26.04307067196919,623,1,1,2,1.3333333333333333,At-Risk
CUST-003397,1,47.88506102487084,72,5,1,3,3.0,Other
CUST-003398,1,3.896620796889081,14,5,1,1,2.3333333333333335,Other
CUST-003399,2,173.73480345144998,349,3,4,5,4.0,Potential Loyalists
CUST-003400,1,5.419423940395665,289,3,1,1,1.6666666666666667,Other
CUST-003401,1,102.25606582863468,335,3,1,4,2.6666666666666665,Other
CUST-003402,1,14.183720750470346,163,4,1,1,2.0,Other
CUST-003403,1,89.53684154071544,306,3,1,4,2.6666666666666665,Other
CUST-003404,1,7.279631830283672,249,3,1,1,1.6666666666666667,Other
CUST-003405,1,291.30437225854246,587,1,1,5,2.3333333333333335,At-Risk
CUST-003406,1,17.81540211332479,705,1,1,1,1.0,Lost
CUST-003407,3,120.10521242875052,105,5,5,4,4.666666666666667,Champions
CUST-003408,1,158.36228757100122,428,2,1,4,2.3333333333333335,At-Risk
CUST-003409,2,174.6991362269209,268,3,4,5,4.0,Potential Loyalists
CUST-003410,1,19.234919332668124,26,5,1,2,2.6666666666666665,Other
CUST-003411,1,789.5732259311467,471,2,1,5,2.6666666666666665,At-Risk
CUST-003412,1,12.255643393197255,293,3,1,1,1.6666666666666667,Other
CUST-003413,1,34.67656624472168,656,1,1,2,1.3333333333333333,At-Risk
CUST-003414,1,32.78918832188978,462,2,1,2,1.6666666666666667,At-Risk
CUST-003415,2,28.301137132625957,186,4,4,2,3.3333333333333335,Other
CUST-003416,2,25.873569009021253,292,3,4,2,3.0,Other
CUST-003417,2,35.42112031532818,125,4,4,2,3.3333333333333335,Other
CUST-003418,2,78.10894422944746,6,5,4,3,4.0,Potential Loyalists
CUST-003419,1,11.857107010461144,473,2,1,1,1.3333333333333333,At-Risk
CUST-003420,2,255.43347935796265,608,1,4,5,3.3333333333333335,Other
CUST-003421,3,40.920771407121094,31,5,5,2,4.0,Other
CUST-003422,1,39.518394883632126,439,2,1,2,1.6666666666666667,At-Risk
CUST-003423,1,15.875191177865412,440,2,1,1,1.3333333333333333,At-Risk
CUST-003424,2,76.84237760046658,17,5,4,3,4.0,Potential Loyalists
CUST-003425,1,7.103916805870199,269,3,1,1,1.6666666666666667,Other
CUST-003426,1,80.32928098800092,683,1,1,4,2.0,At-Risk
CUST-003427,2,228.2513150503026,143,4,4,5,4.333333333333333,Champions
CUST-003428,2,79.127722903121,159,4,4,3,3.6666666666666665,Potential Loyalists
CUST-003429,1,64.19991254849529,246,3,1,3,2.3333333333333335,Other
CUST-003430,1,590.7141078487257,522,1,1,5,2.3333333333333335,At-Risk
CUST-003431,2,96.3491939501751,417,2,4,4,3.3333333333333335,Other
CUST-003432,1,17.936036651368962,141,4,1,1,2.0,Other
CUST-003433,3,484.4677232089249,63,5,5,5,5.0,Champions
CUST-003434,1,103.65137963598428,663,1,1,4,2.0,At-Risk
CUST-003435,1,207.45487368871008,428,2,1,5,2.6666666666666665,At-Risk
CUST-003436,2,98.78869191789306,48,5,4,4,4.333333333333333,Champions
CUST-003437,2,248.65913171484112,128,4,4,5,4.333333333333333,Champions
CUST-003438,1,22.821163823696228,420,2,1,2,1.6666666666666667,At-Risk
CUST-003439,1,8.013660715607491,243,3,1,1,1.6666666666666667,Other
CUST-003440,2,85.5634872506831,209,4,4,4,4.0,Champions
CUST-003441,2,107.07421919463604,525,1,4,4,3.0,Other
CUST-003442,1,9.151504832741043,103,5,1,1,2.3333333333333335,Other
CUST-003443,1,19.906384759946324,482,2,1,2,1.6666666666666667,At-Risk
CUST-003444,1,19.196818148994517,230,3,1,2,2.0,Other
CUST-003445,1,52.06456981195747,672,1,1,3,1.6666666666666667,At-Risk
CUST-003446,1,52.78280643017558,722,1,1,3,1.6666666666666667,At-Risk
CUST-003447,2,122.09668595573592,455,2,4,4,3.3333333333333335,Other
CUST-003448,1,17.443602293308444,143,4,1,1,2.0,Other
CUST-003449,1,780.5979889704887,14,5,1,5,3.6666666666666665,Other
CUST-003450,1,151.5901547727849,589,1,1,4,2.0,At-Risk
CUST-003451,2,521.4934167876179,248,3,4,5,4.0,Potential Loyalists
CUST-003452,2,36.2226235084805,377,2,4,2,2.6666666666666665,Other
CUST-003453,2,42.43867763737969,600,1,4,3,2.6666666666666665,Other
CUST-003454,3,245.146966431882,66,5,5,5,5.0,Champions
CUST-003455,1,4.86327328052976,674,1,1,1,1.0,Lost
CUST-003456,1,24.564547847502933,639,1,1,2,1.3333333333333333,At-Risk
CUST-003457,3,192.82782644869815,70,5,5,5,5.0,Champions
CUST-003458,1,30.244342881573708,287,3,1,2,2.0,Other
CUST-003459,1,220.44815358476916,310,3,1,5,3.0,Other
CUST-003461,1,18.938302784984476,444,2,1,2,1.6666666666666667,At-Risk
CUST-003462,1,64.53571923512818,478,2,1,3,2.0,At-Risk
CUST-003463,2,91.15778307102411,7,5,4,4,4.333333333333333,Champions
CUST-003464,1,166.04213547830045,268,3,1,5,3.0,Other
CUST-003465,1,60.89543692194877,584,1,1,3,1.6666666666666667,At-Risk
CUST-003466,1,37.353497009838385,483,2,1,2,1.6666666666666667,At-Risk
CUST-003467,2,66.83208881808054,498,2,4,3,3.0,Other
CUST-003468,1,6.5388501157263965,584,1,1,1,1.0,Lost
CUST-003469,1,1.054161158532386,63,5,1,1,2.3333333333333335,Other
CUST-003470,1,41.78303019073129,445,2,1,3,2.0,At-Risk
CUST-003471,1,129.41716444475333,264,3,1,4,2.6666666666666665,Other
CUST-003472,2,61.24836234989928,165,4,4,3,3.6666666666666665,Potential Loyalists
CUST-003473,2,129.09444609354108,176,4,4,4,4.0,Champions
CUST-003474,1,31.426133892217695,599,1,1,2,1.3333333333333333,At-Risk
CUST-003476,1,14.040452713706596,184,4,1,1,2.0,Other
CUST-003477,2,296.68064879959314,146,4,4,5,4.333333333333333,Champions
CUST-003478,1,24.941848685501785,293,3,1,2,2.0,Other
CUST-003479,1,24.462099405895636,173,4,1,2,2.3333333333333335,Other
CUST-003480,1,33.933789357111486,111,4,1,2,2.3333333333333335,Other
CUST-003481,1,5.997264155899546,548,1,1,1,1.0,Lost
CUST-003482,1,102.08329818370484,144,4,1,4,3.0,Other
CUST-003483,1,11.1832646043363,130,4,1,1,2.0,Other
CUST-003484,1,297.40754382363923,661,1,1,5,2.3333333333333335,At-Risk
CUST-003485,1,49.6902894318365,427,2,1,3,2.0,At-Risk
CUST-003486,1,313.21946964451485,286,3,1,5,3.0,Other
CUST-003487,3,97.443509000803,126,4,5,4,4.333333333333333,Champions
CUST-003488,1,13.234595859695878,83,5,1,1,2.3333333333333335,Other
CUST-003489,1,113.45098391723828,685,1,1,4,2.0,At-Risk
CUST-003490,3,340.0647838628168,86,5,5,5,5.0,Champions
CUST-003491,4,233.51507849551146,208,4,5,5,4.666666666666667,Champions
CUST-003492,1,4.907470826902102,631,1,1,1,1.0,Lost
CUST-003493,1,61.78222122422313,182,4,1,3,2.6666666666666665,Other
CUST-003494,2,86.07270467443462,259,3,4,4,3.6666666666666665,Potential Loyalists
CUST-003495,2,106.8337375407583,266,3,4,4,3.6666666666666665,Potential Loyalists
CUST-003496,1,51.627589838288955,582,1,1,3,1.6666666666666667,At-Risk
CUST-003497,2,653.2791155301574,67,5,4,5,4.666666666666667,Champions
CUST-003498,1,57.31248867327799,640,1,1,3,1.6666666666666667,At-Risk
CUST-003499,1,67.75187020140991,610,1,1,3,1.6666666666666667,At-Risk
CUST-003500,1,30.69512510570179,252,3,1,2,2.0,Other
CUST-003501,2,313.0641412487743,307,3,4,5,4.0,Potential Loyalists
CUST-003502,1,22.36420273339149,217,4,1,2,2.3333333333333335,Other
CUST-003504,1,25.98438322252886,457,2,1,2,1.6666666666666667,At-Risk
CUST-003505,2,1026.5100313862397,144,4,4,5,4.333333333333333,Champions
CUST-003506,2,40.532596545488374,717,1,4,2,2.3333333333333335,Other
CUST-003507,2,52.088060249085906,287,3,4,3,3.3333333333333335,Potential Loyalists
CUST-003508,2,153.42196772498176,151,4,4,4,4.0,Champions
CUST-003509,1,9.18701286298812,285,3,1,1,1.6666666666666667,Other
CUST-003510,1,463.60281248801505,359,2,1,5,2.6666666666666665,At-Risk
CUST-003511,2,143.53919049627612,88,5,4,4,4.333333333333333,Champions
CUST-003512,2,236.9576301176792,28,5,4,5,4.666666666666667,Champions
CUST-003513,2,96.22097728500843,348,3,4,4,3.6666666666666665,Potential Loyalists
CUST-003514,1,29.09246131405101,616,1,1,2,1.3333333333333333,At-Risk
CUST-003515,1,52.608634087963665,6,5,1,3,3.0,Other
CUST-003516,1,60.22992323340327,538,1,1,3,1.6666666666666667,At-Risk
CUST-003517,3,38.71497849996521,142,4,5,2,3.6666666666666665,Other
CUST-003518,2,143.49166219043877,42,5,4,4,4.333333333333333,Champions
CUST-003519,1,19.24587351984353,544,1,1,2,1.3333333333333333,At-Risk
CUST-003520,1,22.29983282041572,622,1,1,2,1.3333333333333333,At-Risk
CUST-003521,1,13261.643706783889,698,1,1,5,2.3333333333333335,At-Risk
CUST-003522,2,476.48515589747603,39,5,4,5,4.666666666666667,Champions
CUST-003523,1,3.777879074583454,518,2,1,1,1.3333333333333333,At-Risk
CUST-003525,1,114.9825259719502,190,4,1,4,3.0,Other
CUST-003526,2,204.57092590088303,672,1,4,5,3.3333333333333335,Other
CUST-003527,1,63.93140891039232,247,3,1,3,2.3333333333333335,Other
CUST-003528,1,31.460082810489624,156,4,1,2,2.3333333333333335,Other
CUST-003530,1,50.12342111244165,683,1,1,3,1.6666666666666667,At-Risk
CUST-003531,3,140.41914340034728,95,5,5,4,4.666666666666667,Champions
CUST-003532,2,20.859318705037346,286,3,4,2,3.0,Other
CUST-003533,1,103.0847944046958,692,1,1,4,2.0,At-Risk
CUST-003534,1,47.76297942940903,384,2,1,3,2.0,At-Risk
CUST-003535,1,59.35211759910936,398,2,1,3,2.0,At-Risk
CUST-003537,2,263.8311937477366,325,3,4,5,4.0,Potential Loyalists
CUST-003538,2,420.05604188688943,272,3,4,5,4.0,Potential Loyalists
CUST-003539,1,9.338347615219954,298,3,1,1,1.6666666666666667,Other
CUST-003540,2,41.39635401649345,305,3,4,3,3.3333333333333335,Potential Loyalists
CUST-003541,1,21.9624244014689,502,2,1,2,1.6666666666666667,At-Risk
CUST-003542,1,4.439498115057023,673,1,1,1,1.0,Lost
CUST-003543,1,33.053562632628456,146,4,1,2,2.3333333333333335,Other
CUST-003544,1,20.172255273341676,266,3,1,2,2.0,Other
CUST-003545,1,251.48537696413584,94,5,1,5,3.6666666666666665,Other
CUST-003546,1,51.77611048683827,49,5,1,3,3.0,Other
CUST-003547,1,14.5243233954336,624,1,1,1,1.0,Lost
CUST-003548,1,33.88099345976263,279,3,1,2,2.0,Other
CUST-003549,1,1.4032880672496264,80,5,1,1,2.3333333333333335,Other
CUST-003550,2,188.16171272399816,47,5,4,5,4.666666666666667,Champions
CUST-003551,1,13.696020766534684,522,1,1,1,1.0,Lost
CUST-003552,2,151.01318541989215,490,2,4,4,3.3333333333333335,Other
CUST-003553,2,499.4339355291113,157,4,4,5,4.333333333333333,Champions
CUST-003554,2,30.787159589309518,343,3,4,2,3.0,Other
CUST-003555,2,43.627824147152396,166,4,4,3,3.6666666666666665,Potential Loyalists
CUST-003556,1,80.39774161416716,157,4,1,4,3.0,Other
CUST-003557,1,161.50040131345762,517,2,1,5,2.6666666666666665,At-Risk
CUST-003558,1,201.6063055535924,454,2,1,5,2.6666666666666665,At-Risk
CUST-003559,3,83.4681460744929,231,3,5,4,4.0,Potential Loyalists
CUST-003560,1,1.4876774273609807,368,2,1,1,1.3333333333333333,At-Risk
CUST-003561,2,90.32540077394091,523,1,4,4,3.0,Other
CUST-003562,4,144.21931314706052,40,5,5,4,4.666666666666667,Champions
CUST-003563,1,7.252124158795187,684,1,1,1,1.0,Lost
CUST-003564,1,62.13867368394651,51,5,1,3,3.0,Other
CUST-003565,2,77.95391081085948,441,2,4,3,3.0,Other
CUST-003566,1,3.0109966904096064,270,3,1,1,1.6666666666666667,Other
CUST-003567,1,177.5638060533919,267,3,1,5,3.0,Other
CUST-003568,1,90.8812746887243,104,5,1,4,3.3333333333333335,Other
CUST-003569,2,102.19496905557295,441,2,4,4,3.3333333333333335,Other
CUST-003570,2,70.41791114947067,202,4,4,3,3.6666666666666665,Potential Loyalists
CUST-003571,1,156.15881999337816,385,2,1,4,2.3333333333333335,At-Risk
CUST-003572,1,128.48084866874237,352,3,1,4,2.6666666666666665,Other
CUST-003573,2,96.94042391940502,270,3,4,4,3.6666666666666665,Potential Loyalists
CUST-003574,1,12.423764423484128,50,5,1,1,2.3333333333333335,Other
CUST-003575,1,33.49093796104934,327,3,1,2,2.0,Other
CUST-003576,2,21.999740969903183,121,4,4,2,3.3333333333333335,Other
CUST-003577,1,11.608731205819268,701,1,1,1,1.0,Lost
CUST-003578,1,128.68640216406638,569,1,1,4,2.0,At-Risk
CUST-003579,1,14.752513966777087,603,1,1,1,1.0,Lost
CUST-003580,2,78.86162446020633,351,3,4,3,3.3333333333333335,Potential Loyalists
CUST-003581,1,66.3455054973424,246,3,1,3,2.3333333333333335,Other
CUST-003582,2,48.19594595149469,422,2,4,3,3.0,Other
CUST-003583,1,120.7511923007869,103,5,1,4,3.3333333333333335,Other
CUST-003584,2,107.34830092811538,272,3,4,4,3.6666666666666665,Potential Loyalists
CUST-003585,2,156.7798610164314,519,2,4,4,3.3333333333333335,Other
CUST-003586,1,75.86913011589483,377,2,1,3,2.0,At-Risk
CUST-003587,2,466.2521569225674,398,2,4,5,3.6666666666666665,Other
CUST-003588,1,8.370006678513342,670,1,1,1,1.0,Lost
CUST-003589,1,22.89872393077921,282,3,1,2,2.0,Other
CUST-003590,1,59.377061247281915,407,2,1,3,2.0,At-Risk
CUST-003591,2,13428.894055371115,338,3,4,5,4.0,Potential Loyalists
CUST-003592,2,199.5182130785879,345,3,4,5,4.0,Potential Loyalists
CUST-003593,1,72.81874653808747,695,1,1,3,1.6666666666666667,At-Risk
CUST-003594,1,34.08243259902385,298,3,1,2,2.0,Other
CUST-003595,2,286.72691918276155,37,5,4,5,4.666666666666667,Champions
CUST-003596,1,5.924788363935687,291,3,1,1,1.6666666666666667,Other
CUST-003597,2,118.39920667643088,165,4,4,4,4.0,Champions
CUST-003598,1,11.32027570652554,715,1,1,1,1.0,Lost
CUST-003599,2,58.417979275849554,9,5,4,3,4.0,Potential Loyalists
CUST-003600,1,85.05841410008053,433,2,1,4,2.3333333333333335,At-Risk
CUST-003601,2,147.2070717897088,105,5,4,4,4.333333333333333,Champions
CUST-003602,1,96.84280002518048,122,4,1,4,3.0,Other
CUST-003603,1,37.95420209210835,357,3,1,2,2.0,Other
CUST-003604,1,97.63501711934774,168,4,1,4,3.0,Other
CUST-003605,2,472.05194223745224,9,5,4,5,4.666666666666667,Champions
CUST-003606,1,15.902096376247297,501,2,1,1,1.3333333333333333,At-Risk
CUST-003607,1,60.413464772070846,463,2,1,3,2.0,At-Risk
CUST-003608,3,158.28252787384582,118,4,5,4,4.333333333333333,Champions
CUST-003609,1,47.03937305090084,225,3,1,3,2.3333333333333335,Other
CUST-003610,1,22.906689571204787,282,3,1,2,2.0,Other
CUST-003611,4,195.36881628587466,192,4,5,5,4.666666666666667,Champions
CUST-003612,1,89.21958325737054,62,5,1,4,3.3333333333333335,Other
CUST-003613,2,105.36882813891621,38,5,4,4,4.333333333333333,Champions
CUST-003614,1,109.32283279682144,436,2,1,4,2.3333333333333335,At-Risk
CUST-003615,1,75.23337768859865,587,1,1,3,1.6666666666666667,At-Risk
CUST-003616,1,39.92763753089302,552,1,1,2,1.3333333333333333,At-Risk
CUST-003617,1,36.622805344791665,205,4,1,2,2.3333333333333335,Other
CUST-003618,1,5.612193799320281,279,3,1,1,1.6666666666666667,Other
CUST-003619,2,71.40258113255337,444,2,4,3,3.0,Other
CUST-003620,2,101.35266384470776,484,2,4,4,3.3333333333333335,Other
CUST-003621,1,25.153982575682615,497,2,1,2,1.6666666666666667,At-Risk
CUST-003622,1,206.406012912556,280,3,1,5,3.0,Other
CUST-003623,2,109.60611374557355,300,3,4,4,3.6666666666666665,Potential Loyalists
CUST-003624,1,30.951473345863125,694,1,1,2,1.3333333333333333,At-Risk
CUST-003625,1,17.014752141634418,69,5,1,1,2.3333333333333335,Other
CUST-003626,1,16.883327337901164,307,3,1,1,1.6666666666666667,Other
CUST-003627,1,18.53965930513638,137,4,1,1,2.0,Other
CUST-003628,3,229.16830317328524,37,5,5,5,5.0,Champions
CUST-003629,2,246.0672735658777,186,4,4,5,4.333333333333333,Champions
CUST-003630,4,370.89614698403534,69,5,5,5,5.0,Champions
CUST-003631,2,58.26866205545157,513,2,4,3,3.0,Other
CUST-003632,2,50.51757768438764,41,5,4,3,4.0,Potential Loyalists
CUST-003633,1,64.5917214416768,355,3,1,3,2.3333333333333335,Other
CUST-003634,2,134.8438064444505,177,4,4,4,4.0,Champions
CUST-003635,1,307.99738318692476,220,4,1,5,3.3333333333333335,Other
CUST-003636,1,9.973099778531065,365,2,1,1,1.3333333333333333,At-Risk
CUST-003637,3,143.71181716051285,88,5,5,4,4.666666666666667,Champions
CUST-003638,3,147.03118592056492,425,2,5,4,3.6666666666666665,Other
CUST-003639,3,261.79564708214997,230,3,5,5,4.333333333333333,Potential Loyalists
CUST-003640,1,6.825434865077289,602,1,1,1,1.0,Lost
CUST-003641,2,161.88459613671142,122,4,4,5,4.333333333333333,Champions
CUST-003642,2,40.01510974097256,510,2,4,2,2.6666666666666665,Other
CUST-003643,2,82.33485318831418,20,5,4,4,4.333333333333333,Champions
CUST-003644,1,9.480411483669412,14,5,1,1,2.3333333333333335,Other
CUST-003645,4,29.698468456409213,222,3,5,2,3.3333333333333335,Other
CUST-003646,3,61.64563533468147,185,4,5,3,4.0,Potential Loyalists
CUST-003647,1,89.20364254274254,504,2,1,4,2.3333333333333335,At-Risk
CUST-003648,1,19.734536758655064,636,1,1,2,1.3333333333333333,At-Risk
CUST-003649,2,96.83230759666712,302,3,4,4,3.6666666666666665,Potential Loyalists
CUST-003650,1,8.08043040830454,346,3,1,1,1.6666666666666667,Other
CUST-003652,1,20.95172534386015,383,2,1,2,1.6666666666666667,At-Risk
CUST-003653,1,72.4786318041718,538,1,1,3,1.6666666666666667,At-Risk
CUST-003654,1,42.14633281514281,507,2,1,3,2.0,At-Risk
CUST-003655,2,66.10972482696059,207,4,4,3,3.6666666666666665,Potential Loyalists
CUST-003656,2,241.49219749495666,252,3,4,5,4.0,Potential Loyalists
CUST-003657,1,21.16075825483729,279,3,1,2,2.0,Other
CUST-003658,1,166.76001135143582,427,2,1,5,2.6666666666666665,At-Risk
CUST-003659,1,9.343763755074736,91,5,1,1,2.3333333333333335,Other
CUST-003660,1,52.4010633451603,508,2,1,3,2.0,At-Risk
CUST-003661,1,14928.796351976527,495,2,1,5,2.6666666666666665,At-Risk
CUST-003662,1,118.6100929927232,598,1,1,4,2.0,At-Risk
CUST-003663,1,11.80938548283951,379,2,1,1,1.3333333333333333,At-Risk
CUST-003664,2,47.44342094249143,597,1,4,3,2.6666666666666665,Other
CUST-003665,2,129.173993971421,299,3,4,4,3.6666666666666665,Potential Loyalists
CUST-003666,2,81.95387887803419,343,3,4,4,3.6666666666666665,Potential Loyalists
CUST-003667,1,22.404998156228167,357,3,1,2,2.0,Other
CUST-003668,2,43.53652856382143,297,3,4,3,3.3333333333333335,Potential Loyalists
CUST-003669,1,12.082456269358667,181,4,1,1,2.0,Other
CUST-003670,1,52.792190726944135,228,3,1,3,2.3333333333333335,Other
CUST-003671,2,156.42822624480849,204,4,4,4,4.0,Champions
CUST-003672,1,30.171147579453592,636,1,1,2,1.3333333333333333,At-Risk
CUST-003673,3,446.5027669804466,271,3,5,5,4.333333333333333,Potential Loyalists
CUST-003674,1,10.26128318544663,227,3,1,1,1.6666666666666667,Other
CUST-003675,2,43.771315517963345,137,4,4,3,3.6666666666666665,Potential Loyalists
CUST-003676,2,2318.7323538382693,441,2,4,5,3.6666666666666665,Other
CUST-003677,3,126.9438808799825,1,5,5,4,4.666666666666667,Champions
CUST-003678,1,20.60256391455208,595,1,1,2,1.3333333333333333,At-Risk
CUST-003679,1,130.72197614069077,643,1,1,4,2.0,At-Risk
CUST-003680,1,67.6574016679335,300,3,1,3,2.3333333333333335,Other
CUST-003681,1,436.21510268481103,669,1,1,5,2.3333333333333335,At-Risk
CUST-003682,1,15.125847603197142,44,5,1,1,2.3333333333333335,Other
CUST-003683,1,21.49431524555767,601,1,1,2,1.3333333333333333,At-Risk
CUST-003684,2,17.888934658897107,231,3,4,1,2.6666666666666665,Other
CUST-003685,1,18.333113258329277,716,1,1,1,1.0,Lost
CUST-003686,1,102.3373968749679,257,3,1,4,2.6666666666666665,Other
CUST-003687,1,85.12819616929683,638,1,1,4,2.0,At-Risk
CUST-003688,2,190.50657080737554,347,3,4,5,4.0,Potential Loyalists
CUST-003689,1,14.443287644943258,22,5,1,1,2.3333333333333335,Other
CUST-003690,1,31.79303541582467,460,2,1,2,1.6666666666666667,At-Risk
CUST-003691,2,52.56946638251454,339,3,4,3,3.3333333333333335,Potential Loyalists
CUST-003692,1,15.0608566009214,304,3,1,1,1.6666666666666667,Other
CUST-003693,1,8.47652847856687,172,4,1,1,2.0,Other
CUST-003694,1,8.575438351846948,654,1,1,1,1.0,Lost
CUST-003695,1,236.1460943101846,670,1,1,5,2.3333333333333335,At-Risk
CUST-003696,2,62.120552096242534,155,4,4,3,3.6666666666666665,Potential Loyalists
CUST-003697,3,125.94149222887296,98,5,5,4,4.666666666666667,Champions
CUST-003698,1,72.32159805677757,538,1,1,3,1.6666666666666667,At-Risk
CUST-003699,1,81.14940685628571,481,2,1,4,2.3333333333333335,At-Risk
CUST-003700,2,13.095310891993169,524,1,4,1,2.0,Other
CUST-003701,2,451.577754719473,247,3,4,5,4.0,Potential Loyalists
CUST-003702,3,131.76790266712655,8,5,5,4,4.666666666666667,Champions
CUST-003703,1,636.1591438404348,160,4,1,5,3.3333333333333335,Other
CUST-003704,1,24.653978457115983,607,1,1,2,1.3333333333333333,At-Risk
CUST-003705,1,51.48782988746888,56,5,1,3,3.0,Other
CUST-003706,1,244.58646724422616,288,3,1,5,3.0,Other
CUST-003707,1,124.76176085916396,358,3,1,4,2.6666666666666665,Other
CUST-003708,1,8.723732657842548,410,2,1,1,1.3333333333333333,At-Risk
CUST-003709,1,16.94766226108538,711,1,1,1,1.0,Lost
CUST-003710,3,228.3239153832218,142,4,5,5,4.666666666666667,Champions
CUST-003711,1,55.97889737560059,697,1,1,3,1.6666666666666667,At-Risk
CUST-003712,2,337.54062178789934,179,4,4,5,4.333333333333333,Champions
CUST-003713,2,8273.1035419083,501,2,4,5,3.6666666666666665,Other
CUST-003714,2,45.11541946643361,175,4,4,3,3.6666666666666665,Potential Loyalists
CUST-003715,2,104.04912848880457,417,2,4,4,3.3333333333333335,Other
CUST-003716,2,150.6584999062003,622,1,4,4,3.0,Other
CUST-003717,3,475.8698779309689,183,4,5,5,4.666666666666667,Champions
CUST-003718,1,45.91546921001686,133,4,1,3,2.6666666666666665,Other
CUST-003719,2,44.96373788506374,529,1,4,3,2.6666666666666665,Other
CUST-003720,6,191.18107221711762,39,5,5,5,5.0,Champions
CUST-003721,1,65.86674338132202,142,4,1,3,2.6666666666666665,Other
CUST-003722,1,111.61157483990152,173,4,1,4,3.0,Other
CUST-003723,3,7131.6883729837555,153,4,5,5,4.666666666666667,Champions
CUST-003724,1,40.16784280912804,170,4,1,2,2.3333333333333335,Other
CUST-003725,1,38.71335480097566,467,2,1,2,1.6666666666666667,At-Risk
CUST-003726,2,51.618310591400366,526,1,4,3,2.6666666666666665,Other
CUST-003727,2,32.63328522653198,433,2,4,2,2.6666666666666665,Other
CUST-003728,2,34.927979964174405,475,2,4,2,2.6666666666666665,Other
CUST-003729,1,67.51205561337099,14,5,1,3,3.0,Other
CUST-003730,1,38.287197497045824,503,2,1,2,1.6666666666666667,At-Risk
CUST-003731,2,13.968386362184823,330,3,4,1,2.6666666666666665,Other
CUST-003732,2,47.79145975549126,18,5,4,3,4.0,Potential Loyalists
CUST-003733,1,11.537450226929227,321,3,1,1,1.6666666666666667,Other
CUST-003734,1,36.719694505659426,63,5,1,2,2.6666666666666665,Other
CUST-003735,1,3.593034407131262,455,2,1,1,1.3333333333333333,At-Risk
CUST-003736,3,95.76385952235843,146,4,5,4,4.333333333333333,Champions
CUST-003737,1,105.62000251428704,573,1,1,4,2.0,At-Risk
CUST-003738,1,4.982441181231807,43,5,1,1,2.3333333333333335,Other
CUST-003739,2,126.91683353253882,44,5,4,4,4.333333333333333,Champions
CUST-003740,1,85.16527851634405,78,5,1,4,3.3333333333333335,Other
CUST-003741,2,8282.269347341042,298,3,4,5,4.0,Potential Loyalists
CUST-003742,3,133.62871465154538,359,2,5,4,3.6666666666666665,Other
CUST-003743,1,21.245750701654615,102,5,1,2,2.6666666666666665,Other
CUST-003744,2,34.459211357554004,332,3,4,2,3.0,Other
CUST-003745,4,241.18791258538562,22,5,5,5,5.0,Champions
CUST-003746,1,2.6938576669061276,706,1,1,1,1.0,Lost
CUST-003747,1,11.38519127001598,183,4,1,1,2.0,Other
CUST-003748,3,58.42633682652676,333,3,5,3,3.6666666666666665,Potential Loyalists
CUST-003749,5,471.89979483265427,68,5,5,5,5.0,Champions
CUST-003750,1,9180.280743100871,190,4,1,5,3.3333333333333335,Other
CUST-003751,2,41.64696398561526,277,3,4,3,3.3333333333333335,Potential Loyalists
CUST-003753,1,135.29211121627176,303,3,1,4,2.6666666666666665,Other
CUST-003754,1,43.86349797373113,308,3,1,3,2.3333333333333335,Other
CUST-003755,2,71.9868764219064,226,3,4,3,3.3333333333333335,Potential Loyalists
CUST-003756,1,7218.975044747574,123,4,1,5,3.3333333333333335,Other
CUST-003757,2,15.403610682288953,150,4,4,1,3.0,Other
CUST-003758,1,79.53431763139308,127,4,1,3,2.6666666666666665,Other
CUST-003759,2,89.24083725320851,334,3,4,4,3.6666666666666665,Potential Loyalists
CUST-003760,2,10842.466592019096,45,5,4,5,4.666666666666667,Champions
CUST-003761,3,485.87751043370946,251,3,5,5,4.333333333333333,Potential Loyalists
CUST-003762,1,13.586836111491357,482,2,1,1,1.3333333333333333,At-Risk
CUST-003763,2,66.90329931247084,270,3,4,3,3.3333333333333335,Potential Loyalists
CUST-003764,2,47.00164180726863,236,3,4,3,3.3333333333333335,Potential Loyalists
CUST-003765,3,127.74073505444353,357,3,5,4,4.0,Potential Loyalists
CUST-003766,2,318.1031598878985,87,5,4,5,4.666666666666667,Champions
CUST-003767,2,6016.731566947644,583,1,4,5,3.3333333333333335,Other
CUST-003768,1,42.15695476020781,392,2,1,3,2.0,At-Risk
CUST-003769,1,137.57614050665032,316,3,1,4,2.6666666666666665,Other
CUST-003770,2,871.5614341850693,62,5,4,5,4.666666666666667,Champions
CUST-003771,1,7.22375586228181,571,1,1,1,1.0,Lost
CUST-003772,1,167.20686311437854,266,3,1,5,3.0,Other
CUST-003773,1,58.067595104705575,708,1,1,3,1.6666666666666667,At-Risk
CUST-003774,1,22.401523624536843,320,3,1,2,2.0,Other
CUST-003775,1,122.70976193320604,689,1,1,4,2.0,At-Risk
CUST-003776,2,21.408314794839,51,5,4,2,3.6666666666666665,Other
CUST-003777,1,77.27242746521678,721,1,1,3,1.6666666666666667,At-Risk
CUST-003778,1,17.657272059384614,488,2,1,1,1.3333333333333333,At-Risk
CUST-003779,2,9923.562675576639,172,4,4,5,4.333333333333333,Champions
CUST-003780,1,27.491359102636853,161,4,1,2,2.3333333333333335,Other
CUST-003782,1,21.16870755941159,415,2,1,2,1.6666666666666667,At-Risk
CUST-003783,1,17.228529735717206,10,5,1,1,2.3333333333333335,Other
CUST-003784,2,29.1476736148255,182,4,4,2,3.3333333333333335,Other
CUST-003785,1,5.66675523872929,10,5,1,1,2.3333333333333335,Other
CUST-003786,1,31.904311515351413,408,2,1,2,1.6666666666666667,At-Risk
CUST-003787,2,29.017638573869093,67,5,4,2,3.6666666666666665,Other
CUST-003788,1,223.97118011054624,563,1,1,5,2.3333333333333335,At-Risk
CUST-003789,2,74.1244301350467,426,2,4,3,3.0,Other
CUST-003790,2,65.59356871365864,10,5,4,3,4.0,Potential Loyalists
CUST-003791,1,146.6843272304298,703,1,1,4,2.0,At-Risk
CUST-003792,2,44.91443908047012,33,5,4,3,4.0,Potential Loyalists
CUST-003793,3,9127.478275532789,115,4,5,5,4.666666666666667,Champions
CUST-003794,1,18.391508019589935,174,4,1,1,2.0,Other
CUST-003795,1,1.3659787516454125,133,4,1,1,2.0,Other
CUST-003796,1,490.5881891012978,636,1,1,5,2.3333333333333335,At-Risk
CUST-003797,2,140.3789902949908,237,3,4,4,3.6666666666666665,Potential Loyalists
CUST-003798,2,156.88372428266734,457,2,4,4,3.3333333333333335,Other
CUST-003799,1,6.732631036817623,492,2,1,1,1.3333333333333333,At-Risk
CUST-003800,1,141.1923579130616,447,2,1,4,2.3333333333333335,At-Risk
CUST-003801,1,62.84050784901683,631,1,1,3,1.6666666666666667,At-Risk
CUST-003802,2,94.41248797843762,326,3,4,4,3.6666666666666665,Potential Loyalists
CUST-003803,3,99.42745183452023,87,5,5,4,4.666666666666667,Champions
CUST-003804,1,52.20078890757498,415,2,1,3,2.0,At-Risk
CUST-003805,1,125.14422521020748,664,1,1,4,2.0,At-Risk
CUST-003806,2,354.5941417862896,25,5,4,5,4.666666666666667,Champions
CUST-003807,2,135.31087033713158,365,2,4,4,3.3333333333333335,Other
CUST-003808,2,164.6901654394154,37,5,4,5,4.666666666666667,Champions
CUST-003809,2,168.54588955700376,212,4,4,5,4.333333333333333,Champions
CUST-003810,2,7855.025367431838,285,3,4,5,4.0,Potential Loyalists
CUST-003811,2,158.6521354885205,54,5,4,4,4.333333333333333,Champions
CUST-003812,2,82.11784943898739,581,1,4,4,3.0,Other
CUST-003813,2,71.708485904098,154,4,4,3,3.6666666666666665,Potential Loyalists
CUST-003815,2,45.63129687034717,654,1,4,3,2.6666666666666665,Other
CUST-003816,1,64.44345660463608,357,3,1,3,2.3333333333333335,Other
CUST-003817,2,28.515707443618794,343,3,4,2,3.0,Other
CUST-003818,1,177.0246588627067,132,4,1,5,3.3333333333333335,Other
CUST-003819,1,24.793330330285443,709,1,1,2,1.3333333333333333,At-Risk
CUST-003820,1,45.333913701372296,239,3,1,3,2.3333333333333335,Other
CUST-003821,1,18.60983221889275,367,2,1,1,1.3333333333333333,At-Risk
CUST-003822,1,49.16986558820214,475,2,1,3,2.0,At-Risk
CUST-003823,1,11.24715713828354,109,4,1,1,2.0,Other
CUST-003824,2,9615.44734362796,445,2,4,5,3.6666666666666665,Other
CUST-003825,2,46.354157682017224,351,3,4,3,3.3333333333333335,Potential Loyalists
CUST-003826,2,38.23103670381293,67,5,4,2,3.6666666666666665,Other
CUST-003827,1,51.27332778859904,220,4,1,3,2.6666666666666665,Other
CUST-003828,1,160.8120139240061,695,1,1,5,2.3333333333333335,At-Risk
CUST-003829,3,149.10383334915792,181,4,5,4,4.333333333333333,Champions
CUST-003830,1,59.04843185899769,32,5,1,3,3.0,Other
CUST-003831,2,59.69783686934002,464,2,4,3,3.0,Other
CUST-003832,2,147.55196689952083,486,2,4,4,3.3333333333333335,Other
CUST-003833,1,31.077128721183133,612,1,1,2,1.3333333333333333,At-Risk
CUST-003834,1,3.4691097737855503,73,5,1,1,2.3333333333333335,Other
CUST-003835,1,3.6460490221508817,305,3,1,1,1.6666666666666667,Other
CUST-003836,2,34.30106226932405,260,3,4,2,3.0,Other
CUST-003837,1,114.82706502036876,52,5,1,4,3.3333333333333335,Other
CUST-003838,1,2.176052825143982,584,1,1,1,1.0,Lost
CUST-003839,1,97.95879883548815,187,4,1,4,3.0,Other
CUST-003840,3,56.02428460889011,229,3,5,3,3.6666666666666665,Potential Loyalists
CUST-003841,2,40.545595902889204,123,4,4,2,3.3333333333333335,Other
CUST-003842,2,115.51850677908203,72,5,4,4,4.333333333333333,Champions
CUST-003843,1,10.644035970168233,342,3,1,1,1.6666666666666667,Other
CUST-003844,2,237.85138448000572,41,5,4,5,4.666666666666667,Champions
CUST-003845,1,25.380770831838596,71,5,1,2,2.6666666666666665,Other
CUST-003846,2,11.9394301176111,54,5,4,1,3.3333333333333335,Other
CUST-003847,1,26.456158969434313,159,4,1,2,2.3333333333333335,Other
CUST-003848,2,101.49568946813082,449,2,4,4,3.3333333333333335,Other
CUST-003849,1,151.50253606403217,73,5,1,4,3.3333333333333335,Other
CUST-003850,2,382.6445040226887,240,3,4,5,4.0,Potential Loyalists
CUST-003851,3,193.76177748140248,195,4,5,5,4.666666666666667,Champions
CUST-003852,1,41.45785181531995,204,4,1,3,2.6666666666666665,Other
CUST-003853,1,33.43686713145637,266,3,1,2,2.0,Other
CUST-003854,1,25.167478193620987,590,1,1,2,1.3333333333333333,At-Risk
CUST-003855,5,441.0394857581158,4,5,5,5,5.0,Champions
CUST-003856,1,14.413229607035149,543,1,1,1,1.0,Lost
CUST-003857,2,40.15354280164421,554,1,4,2,2.3333333333333335,Other
CUST-003858,1,33.318234501263916,192,4,1,2,2.3333333333333335,Other
CUST-003859,1,6.231503255366108,639,1,1,1,1.0,Lost
CUST-003860,1,110.52837475671735,503,2,1,4,2.3333333333333335,At-Risk
CUST-003861,1,7.485694059279747,529,1,1,1,1.0,Lost
CUST-003862,2,174.679475264201,52,5,4,5,4.666666666666667,Champions
CUST-003863,1,119.0930937064642,150,4,1,4,3.0,Other
CUST-003864,1,31.14912385758373,615,1,1,2,1.3333333333333333,At-Risk
CUST-003865,2,66.40055929270999,350,3,4,3,3.3333333333333335,Potential Loyalists
CUST-003866,1,101.10127268278436,490,2,1,4,2.3333333333333335,At-Risk
CUST-003867,3,85.67276357093286,189,4,5,4,4.333333333333333,Champions
CUST-003868,3,161.93259885349522,71,5,5,5,5.0,Champions
CUST-003869,2,52.07860765912082,220,4,4,3,3.6666666666666665,Potential Loyalists
CUST-003870,1,22.39134778454958,247,3,1,2,2.0,Other
CUST-003871,1,49.550354461494926,362,2,1,3,2.0,At-Risk
CUST-003872,2,195.4856607123591,499,2,4,5,3.6666666666666665,Other
CUST-003873,1,66.95962158673586,331,3,1,3,2.3333333333333335,Other
CUST-003874,1,169.19394136514765,595,1,1,5,2.3333333333333335,At-Risk
CUST-003875,2,25.450198889476763,201,4,4,2,3.3333333333333335,Other
CUST-003876,2,187.9718219198618,166,4,4,5,4.333333333333333,Champions
CUST-003877,2,19.986868751931887,257,3,4,2,3.0,Other
CUST-003878,1,10.283726334493332,308,3,1,1,1.6666666666666667,Other
CUST-003879,1,13.274575383678489,491,2,1,1,1.3333333333333333,At-Risk
CUST-003880,1,24.038397108847292,217,4,1,2,2.3333333333333335,Other
CUST-003881,1,5.91945447498135,122,4,1,1,2.0,Other
CUST-003882,1,128.55707541862824,23,5,1,4,3.3333333333333335,Other
CUST-003883,2,102.5985596060461,53,5,4,4,4.333333333333333,Champions
CUST-003884,1,59.53446407868512,558,1,1,3,1.6666666666666667,At-Risk
CUST-003885,1,58.49431684576351,591,1,1,3,1.6666666666666667,At-Risk
CUST-003886,1,50.14445619064691,375,2,1,3,2.0,At-Risk
CUST-003887,1,68.96589552710294,352,3,1,3,2.3333333333333335,Other
CUST-003888,1,17.602481210042843,696,1,1,1,1.0,Lost
CUST-003889,1,23.620580009640005,433,2,1,2,1.6666666666666667,At-Risk
CUST-003890,1,79.36255170435612,128,4,1,3,2.6666666666666665,Other
CUST-003891,2,77.69753593335992,353,3,4,3,3.3333333333333335,Potential Loyalists
CUST-003892,1,141.3090141175024,96,5,1,4,3.3333333333333335,Other
CUST-003893,2,22.249426646100805,286,3,4,2,3.0,Other
CUST-003894,3,201.41286790974107,84,5,5,5,5.0,Champions
CUST-003895,1,302.0360948083826,537,1,1,5,2.3333333333333335,At-Risk
CUST-003896,1,8.729641523647922,269,3,1,1,1.6666666666666667,Other
CUST-003897,1,2.406141825901135,414,2,1,1,1.3333333333333333,At-Risk
CUST-003898,2,89.0015223811115,360,2,4,4,3.3333333333333335,Other
CUST-003899,1,37.262774234496675,323,3,1,2,2.0,Other
CUST-003900,1,44.42232265341979,528,1,1,3,1.6666666666666667,At-Risk
CUST-003901,2,62.078268923156116,91,5,4,3,4.0,Potential Loyalists
CUST-003902,2,19.625139939951488,592,1,4,2,2.3333333333333335,Other
CUST-003903,1,12.982228044471984,676,1,1,1,1.0,Lost
CUST-003904,1,161.68424475466765,706,1,1,5,2.3333333333333335,At-Risk
CUST-003905,3,57.17875808473419,46,5,5,3,4.333333333333333,Potential Loyalists
CUST-003906,1,64.46250954407091,186,4,1,3,2.6666666666666665,Other
CUST-003907,2,72.47175874313129,405,2,4,3,3.0,Other
CUST-003908,2,176.68595630049143,122,4,4,5,4.333333333333333,Champions
CUST-003909,1,41.04322043242438,639,1,1,2,1.3333333333333333,At-Risk
CUST-003910,1,158.243590862788,260,3,1,4,2.6666666666666665,Other
CUST-003912,2,60.918285323059465,104,5,4,3,4.0,Potential Loyalists
CUST-003913,1,20.418854399134815,505,2,1,2,1.6666666666666667,At-Risk
CUST-003914,2,69.07210143317211,415,2,4,3,3.0,Other
CUST-003915,1,61.7877097260256,496,2,1,3,2.0,At-Risk
CUST-003916,2,209.11177981187555,63,5,4,5,4.666666666666667,Champions
CUST-003917,1,18.08103198558684,117,4,1,1,2.0,Other
CUST-003918,1,633.3843629130116,328,3,1,5,3.0,Other
CUST-003919,1,51.114332266172056,122,4,1,3,2.6666666666666665,Other
CUST-003920,1,3.1892795936168743,617,1,1,1,1.0,Lost
CUST-003921,2,87.52082081763467,601,1,4,4,3.0,Other
CUST-003922,1,295.85426417156594,175,4,1,5,3.3333333333333335,Other
CUST-003923,2,91.62098764500442,34,5,4,4,4.333333333333333,Champions
CUST-003924,2,13937.709492748892,187,4,4,5,4.333333333333333,Champions
CUST-003925,2,11.147037757914788,211,4,4,1,3.0,Other
CUST-003926,2,34.939485319185074,302,3,4,2,3.0,Other
CUST-003927,2,5732.464050121804,392,2,4,5,3.6666666666666665,Other
CUST-003928,2,43.91244114747403,155,4,4,3,3.6666666666666665,Potential Loyalists
CUST-003929,1,50.299239145909894,422,2,1,3,2.0,At-Risk
CUST-003930,2,54.975875730175815,32,5,4,3,4.0,Potential Loyalists
CUST-003931,2,30.299179700191267,67,5,4,2,3.6666666666666665,Other
CUST-003932,1,55.31895316366236,315,3,1,3,2.3333333333333335,Other
CUST-003933,2,83.97008749645474,399,2,4,4,3.3333333333333335,Other
CUST-003934,1,3.7663324983226945,221,3,1,1,1.6666666666666667,Other
CUST-003935,1,295.07233446863603,503,2,1,5,2.6666666666666665,At-Risk
CUST-003936,2,93.7135678530509,66,5,4,4,4.333333333333333,Champions
CUST-003937,1,1.667846587628697,148,4,1,1,2.0,Other
CUST-003938,1,46.66786347343431,636,1,1,3,1.6666666666666667,At-Risk
CUST-003939,1,21.289636384970144,608,1,1,2,1.3333333333333333,At-Risk
CUST-003940,2,78.08529830753989,313,3,4,3,3.3333333333333335,Potential Loyalists
CUST-003941,2,314.9597707201002,93,5,4,5,4.666666666666667,Champions
CUST-003942,1,2.040134096527651,241,3,1,1,1.6666666666666667,Other
CUST-003943,1,48.3233152767728,247,3,1,3,2.3333333333333335,Other
CUST-003944,2,340.6109708544319,146,4,4,5,4.333333333333333,Champions
CUST-003945,1,41.499219212681815,135,4,1,3,2.6666666666666665,Other
CUST-003946,1,14.074846992761728,149,4,1,1,2.0,Other
CUST-003947,1,142.03236570346556,98,5,1,4,3.3333333333333335,Other
CUST-003948,2,89.44376612731782,19,5,4,4,4.333333333333333,Champions
CUST-003949,1,29.304035844088453,547,1,1,2,1.3333333333333333,At-Risk
CUST-003950,1,32.70622116658887,466,2,1,2,1.6666666666666667,At-Risk
CUST-003951,1,4.713545174410085,116,4,1,1,2.0,Other
CUST-003952,2,296.7071768964983,258,3,4,5,4.0,Potential Loyalists
CUST-003953,1,15.550810333637893,664,1,1,1,1.0,Lost
CUST-003954,2,85.4200561865205,159,4,4,4,4.0,Champions
CUST-003955,1,148.71674063492992,235,3,1,4,2.6666666666666665,Other
CUST-003956,1,11.84981683418451,155,4,1,1,2.0,Other
CUST-003957,2,70.0770685333363,161,4,4,3,3.6666666666666665,Potential Loyalists
CUST-003958,2,206.61332860536356,446,2,4,5,3.6666666666666665,Other
CUST-003959,1,16.076829042649027,142,4,1,1,2.0,Other
CUST-003960,3,9134.348971931675,42,5,5,5,5.0,Champions
CUST-003961,1,12.139171108931254,107,4,1,1,2.0,Other
CUST-003962,2,28.47467010502481,333,3,4,2,3.0,Other
CUST-003963,2,878.179705542376,253,3,4,5,4.0,Potential Loyalists
CUST-003964,1,229.04350324775817,10,5,1,5,3.6666666666666665,Other
CUST-003965,1,17.213113899024503,186,4,1,1,2.0,Other
CUST-003966,2,157.6175577058393,669,1,4,4,3.0,Other
CUST-003967,2,40.06734471348646,399,2,4,2,2.6666666666666665,Other
CUST-003968,2,119.43596091819364,138,4,4,4,4.0,Champions
CUST-003969,2,176.32925494974714,597,1,4,5,3.3333333333333335,Other
CUST-003970,2,142.4786921316894,240,3,4,4,3.6666666666666665,Potential Loyalists
CUST-003971,4,104.56769518411197,253,3,5,4,4.0,Potential Loyalists
CUST-003972,1,7.481997049775604,36,5,1,1,2.3333333333333335,Other
CUST-003973,2,82.61524881280218,253,3,4,4,3.6666666666666665,Potential Loyalists
CUST-003974,1,0.7022524441654523,352,3,1,1,1.6666666666666667,Other
CUST-003975,2,252.31055541226078,105,5,4,5,4.666666666666667,Champions
CUST-003976,1,38.93326357302099,182,4,1,2,2.3333333333333335,Other
CUST-003977,2,172.20948358304898,297,3,4,5,4.0,Potential Loyalists
CUST-003978,1,15.866047455879777,131,4,1,1,2.0,Other
CUST-003979,1,25.09589572172125,137,4,1,2,2.3333333333333335,Other
CUST-003980,1,77.3276448364447,283,3,1,3,2.3333333333333335,Other
CUST-003981,1,70.82448305364758,249,3,1,3,2.3333333333333335,Other
CUST-003982,2,324.090732850555,304,3,4,5,4.0,Potential Loyalists
CUST-003983,2,49.72545168999555,181,4,4,3,3.6666666666666665,Potential Loyalists
CUST-003984,3,14259.588110196119,92,5,5,5,5.0,Champions
CUST-003985,1,27.87502117948623,680,1,1,2,1.3333333333333333,At-Risk
CUST-003986,1,10.768458197438628,495,2,1,1,1.3333333333333333,At-Risk
CUST-003987,1,23.649147061047127,138,4,1,2,2.3333333333333335,Other
CUST-003988,2,37.55049745114847,443,2,4,2,2.6666666666666665,Other
CUST-003990,1,19.404415552233996,54,5,1,2,2.6666666666666665,Other
CUST-003991,1,56.734815540549114,409,2,1,3,2.0,At-Risk
CUST-003992,1,142.1449394776039,392,2,1,4,2.3333333333333335,At-Risk
CUST-003993,1,14.392058549769448,651,1,1,1,1.0,Lost
CUST-003994,2,96.8738682439065,62,5,4,4,4.333333333333333,Champions
CUST-003995,1,195.69848598839732,290,3,1,5,3.0,Other
CUST-003996,1,37.217138998063355,374,2,1,2,1.6666666666666667,At-Risk
CUST-003997,1,82.18495796450435,447,2,1,4,2.3333333333333335,At-Risk
CUST-003998,1,51.40324730620202,101,5,1,3,3.0,Other
CUST-003999,2,60.234646410076266,68,5,4,3,4.0,Potential Loyalists
CUST-004000,1,40.823023987719715,407,2,1,2,1.6666666666666667,At-Risk
CUST-004001,5,611.8120124953322,99,5,5,5,5.0,Champions
CUST-004002,1,9.755954026034344,362,2,1,1,1.3333333333333333,At-Risk
CUST-004003,1,86.15131600707828,721,1,1,4,2.0,At-Risk
CUST-004004,1,2.9612161287701007,554,1,1,1,1.0,Lost
CUST-004005,1,62.28137018776851,245,3,1,3,2.3333333333333335,Other
CUST-004006,3,142.3101588348666,230,3,5,4,4.0,Potential Loyalists
CUST-004007,2,87.85950296328727,284,3,4,4,3.6666666666666665,Potential Loyalists
CUST-004009,3,93.17571655785503,13,5,5,4,4.666666666666667,Champions
CUST-004010,3,170.26509190785066,366,2,5,5,4.0,Other
CUST-004011,1,41.022888911080784,308,3,1,2,2.0,Other
CUST-004012,1,98.21842366887124,48,5,1,4,3.3333333333333335,Other
CUST-004013,1,22.414372212983466,190,4,1,2,2.3333333333333335,Other
CUST-004014,1,1.5517084120769116,163,4,1,1,2.0,Other
CUST-004015,2,22.898551105206156,410,2,4,2,2.6666666666666665,Other
CUST-004016,1,12.77219763541707,179,4,1,1,2.0,Other
CUST-004017,1,20.47302763353677,40,5,1,2,2.6666666666666665,Other
CUST-004018,2,37.72888376136762,130,4,4,2,3.3333333333333335,Other
CUST-004019,2,84.78769733036891,226,3,4,4,3.6666666666666665,Potential Loyalists
CUST-004020,1,5.600740119080328,656,1,1,1,1.0,Lost
CUST-004021,2,245.76742943700856,65,5,4,5,4.666666666666667,Champions
CUST-004022,2,224.0357443135091,254,3,4,5,4.0,Potential Loyalists
CUST-004023,1,147.97518269034308,578,1,1,4,2.0,At-Risk
CUST-004024,1,84.16400585337429,209,4,1,4,3.0,Other
CUST-004025,1,62.04173588354749,555,1,1,3,1.6666666666666667,At-Risk
CUST-004026,2,87.54076248134932,200,4,4,4,4.0,Champions
CUST-004027,1,37.52971602511338,156,4,1,2,2.3333333333333335,Other
CUST-004028,2,107.31154861466553,80,5,4,4,4.333333333333333,Champions
CUST-004029,1,13.432404777355424,322,3,1,1,1.6666666666666667,Other
CUST-004030,1,12.144542824913277,652,1,1,1,1.0,Lost
CUST-004031,1,36.037191730287475,212,4,1,2,2.3333333333333335,Other
CUST-004032,1,182.20809964906044,331,3,1,5,3.0,Other
CUST-004033,1,19.123825811338488,146,4,1,2,2.3333333333333335,Other
CUST-004034,5,123.68271463042252,121,4,5,4,4.333333333333333,Champions
CUST-004035,1,17.921970709032497,232,3,1,1,1.6666666666666667,Other
CUST-004036,1,85.8509466688013,342,3,1,4,2.6666666666666665,Other
CUST-004037,2,161.01440089805286,466,2,4,5,3.6666666666666665,Other
CUST-004038,2,17.476915047063542,446,2,4,1,2.3333333333333335,Other
CUST-004039,1,20.363744346130915,26,5,1,2,2.6666666666666665,Other
CUST-004040,2,10687.353787324766,21,5,4,5,4.666666666666667,Champions
CUST-004041,1,18.342724484699197,60,5,1,1,2.3333333333333335,Other
CUST-004042,1,77.15157710968973,109,4,1,3,2.6666666666666665,Other
CUST-004043,3,197.48710631734298,53,5,5,5,5.0,Champions
CUST-004044,1,53.95592044461477,376,2,1,3,2.0,At-Risk
CUST-004045,1,50.61657223764548,30,5,1,3,3.0,Other
CUST-004046,1,4.810990036152292,591,1,1,1,1.0,Lost
CUST-004047,1,3.0556176830014614,121,4,1,1,2.0,Other
CUST-004049,1,45.033229934015424,346,3,1,3,2.3333333333333335,Other
CUST-004050,1,35.55981306066058,422,2,1,2,1.6666666666666667,At-Risk
CUST-004051,1,187.67596143863244,634,1,1,5,2.3333333333333335,At-Risk
CUST-004052,2,276.8677272801974,510,2,4,5,3.6666666666666665,Other
CUST-004053,1,15.621379281396726,208,4,1,1,2.0,Other
CUST-004054,1,9.234420330974464,32,5,1,1,2.3333333333333335,Other
CUST-004055,2,96.51999064543367,77,5,4,4,4.333333333333333,Champions
CUST-004056,1,159.13522483322885,528,1,1,4,2.0,At-Risk
CUST-004057,1,11.324058503909953,725,1,1,1,1.0,Lost
CUST-004059,1,39.47670977519721,189,4,1,2,2.3333333333333335,Other
CUST-004060,2,189.66377565685784,373,2,4,5,3.6666666666666665,Other
CUST-004061,1,30.913587965255974,546,1,1,2,1.3333333333333333,At-Risk
CUST-004062,2,26.249917025096615,20,5,4,2,3.6666666666666665,Other
CUST-004063,1,29.58171421828236,546,1,1,2,1.3333333333333333,At-Risk
CUST-004064,2,267.3247382580962,538,1,4,5,3.3333333333333335,Other
CUST-004065,1,109.22024238194004,284,3,1,4,2.6666666666666665,Other
CUST-004066,1,5359.140934767711,80,5,1,5,3.6666666666666665,Other
CUST-004067,2,330.22774678724835,48,5,4,5,4.666666666666667,Champions
CUST-004068,1,25.962474167327297,709,1,1,2,1.3333333333333333,At-Risk
CUST-004069,2,21.872075993419504,387,2,4,2,2.6666666666666665,Other
CUST-004070,1,20.49224210326264,39,5,1,2,2.6666666666666665,Other
CUST-004071,2,31.868539398671658,375,2,4,2,2.6666666666666665,Other
CUST-004072,1,70.39987120777198,428,2,1,3,2.0,At-Risk
CUST-004073,2,92.93088121937585,444,2,4,4,3.3333333333333335,Other
CUST-004075,1,40.60690896319221,378,2,1,2,1.6666666666666667,At-Risk
CUST-004076,1,13729.26553591475,711,1,1,5,2.3333333333333335,At-Risk
CUST-004077,1,5.443802604087923,323,3,1,1,1.6666666666666667,Other
CUST-004078,1,4.160781511458776,169,4,1,1,2.0,Other
CUST-004079,2,113.06950769246775,316,3,4,4,3.6666666666666665,Potential Loyalists
CUST-004080,3,91.01918241809648,24,5,5,4,4.666666666666667,Champions
CUST-004081,1,230.79974581773016,52,5,1,5,3.6666666666666665,Other
CUST-004082,1,50.98247571804796,134,4,1,3,2.6666666666666665,Other
CUST-004083,3,213.2754208060696,324,3,5,5,4.333333333333333,Potential Loyalists
CUST-004084,1,28.355274353552804,646,1,1,2,1.3333333333333333,At-Risk
CUST-004085,1,0.970490013855366,596,1,1,1,1.0,Lost
CUST-004086,2,304.99071890046093,574,1,4,5,3.3333333333333335,Other
CUST-004087,1,49.84159044150057,64,5,1,3,3.0,Other
CUST-004088,1,160.6180531571875,190,4,1,5,3.3333333333333335,Other
CUST-004089,2,26.287085506892943,92,5,4,2,3.6666666666666665,Other
CUST-004090,1,81.43544888757907,224,3,1,4,2.6666666666666665,Other
CUST-004091,1,21.71809287951316,291,3,1,2,2.0,Other
CUST-004092,1,6.545179997195343,357,3,1,1,1.6666666666666667,Other
CUST-004093,1,4.28262744011261,517,2,1,1,1.3333333333333333,At-Risk
CUST-004094,1,11.011459441998916,64,5,1,1,2.3333333333333335,Other
CUST-004095,1,95.08534965869148,307,3,1,4,2.6666666666666665,Other
CUST-004096,1,62.39581983296204,316,3,1,3,2.3333333333333335,Other
CUST-004097,1,25.308396001414767,235,3,1,2,2.0,Other
CUST-004098,1,8.969046163771086,232,3,1,1,1.6666666666666667,Other
CUST-004099,1,60.23971870370354,37,5,1,3,3.0,Other
CUST-004100,1,8.15334313019384,277,3,1,1,1.6666666666666667,Other
CUST-004101,1,32.38398385448427,147,4,1,2,2.3333333333333335,Other
CUST-004102,1,30.097025389116407,537,1,1,2,1.3333333333333333,At-Risk
CUST-004103,1,130.73345305828985,502,2,1,4,2.3333333333333335,At-Risk
CUST-004104,2,78.57007556769017,132,4,4,3,3.6666666666666665,Potential Loyalists
CUST-004105,1,39.208399335319434,417,2,1,2,1.6666666666666667,At-Risk
CUST-004106,1,156.76510509474087,92,5,1,4,3.3333333333333335,Other
CUST-004107,1,34.08499720939744,710,1,1,2,1.3333333333333333,At-Risk
CUST-004108,3,38.50143680211322,71,5,5,2,4.0,Other
CUST-004109,2,35.80923858890402,45,5,4,2,3.6666666666666665,Other
CUST-004110,2,16.761831736655203,571,1,4,1,2.0,Other
CUST-004111,1,224.2458760955849,596,1,1,5,2.3333333333333335,At-Risk
CUST-004112,1,20.79410513852574,693,1,1,2,1.3333333333333333,At-Risk
CUST-004113,1,90.940984304268,114,4,1,4,3.0,Other
CUST-004114,1,145.35269471153248,441,2,1,4,2.3333333333333335,At-Risk
CUST-004115,2,58.53351501330785,566,1,4,3,2.6666666666666665,Other
CUST-004116,1,31.373003400834705,629,1,1,2,1.3333333333333333,At-Risk
CUST-004117,2,261.46316066025054,245,3,4,5,4.0,Potential Loyalists
CUST-004118,4,7429.726347516365,132,4,5,5,4.666666666666667,Champions
CUST-004119,1,10.799932145624169,721,1,1,1,1.0,Lost
CUST-004120,1,4.780738195529574,258,3,1,1,1.6666666666666667,Other
CUST-004121,2,121.89193592016393,319,3,4,4,3.6666666666666665,Potential Loyalists
CUST-004122,1,9.75436868920247,513,2,1,1,1.3333333333333333,At-Risk
CUST-004123,1,19.274969932845792,211,4,1,2,2.3333333333333335,Other
CUST-004124,1,45.51468127788501,37,5,1,3,3.0,Other
CUST-004125,2,114.88047010475759,183,4,4,4,4.0,Champions
CUST-004126,1,86.6185378196631,720,1,1,4,2.0,At-Risk
CUST-004128,1,70.33888749917404,65,5,1,3,3.0,Other
CUST-004129,1,16.332597302462943,320,3,1,1,1.6666666666666667,Other
CUST-004130,1,21.236463627449496,322,3,1,2,2.0,Other
CUST-004131,1,22.460318993101605,36,5,1,2,2.6666666666666665,Other
CUST-004132,3,249.78601455160057,145,4,5,5,4.666666666666667,Champions
CUST-004133,1,8.667650039960325,311,3,1,1,1.6666666666666667,Other
CUST-004134,2,106.7974574561268,123,4,4,4,4.0,Champions
CUST-004135,2,66.48193922876735,173,4,4,3,3.6666666666666665,Potential Loyalists
CUST-004136,3,54.095739144016356,462,2,5,3,3.3333333333333335,Other
CUST-004137,1,52.725546119829005,98,5,1,3,3.0,Other
CUST-004138,1,15.478470179513971,481,2,1,1,1.3333333333333333,At-Risk
CUST-004139,1,48.180756224089905,242,3,1,3,2.3333333333333335,Other
CUST-004140,1,15.94710548778937,313,3,1,1,1.6666666666666667,Other
CUST-004141,1,49.708968151335334,586,1,1,3,1.6666666666666667,At-Risk
CUST-004142,1,13.41067269928787,636,1,1,1,1.0,Lost
CUST-004143,2,153.79091498807847,230,3,4,4,3.6666666666666665,Potential Loyalists
CUST-004144,3,92.16615344076888,34,5,5,4,4.666666666666667,Champions
CUST-004145,1,7.594913783921362,485,2,1,1,1.3333333333333333,At-Risk
CUST-004146,2,268.19773778232565,293,3,4,5,4.0,Potential Loyalists
CUST-004147,4,133.6477382015623,380,2,5,4,3.6666666666666665,Other
CUST-004148,1,4.483755916584126,690,1,1,1,1.0,Lost
CUST-004149,1,151.20010939852045,71,5,1,4,3.3333333333333335,Other
CUST-004150,1,152.77125100068218,676,1,1,4,2.0,At-Risk
CUST-004151,2,144.63202311018108,54,5,4,4,4.333333333333333,Champions
CUST-004152,1,62.43089011917608,386,2,1,3,2.0,At-Risk
CUST-004153,2,116.31297889853259,265,3,4,4,3.6666666666666665,Potential Loyalists
CUST-004154,1,22.19434704309707,602,1,1,2,1.3333333333333333,At-Risk
CUST-004155,2,11373.245876122859,347,3,4,5,4.0,Potential Loyalists
CUST-004156,2,47.36538555475863,165,4,4,3,3.6666666666666665,Potential Loyalists
CUST-004157,1,1027.098865646344,688,1,1,5,2.3333333333333335,At-Risk
CUST-004158,1,144.00178763559703,642,1,1,4,2.0,At-Risk
CUST-004159,2,783.5897722163736,264,3,4,5,4.0,Potential Loyalists
CUST-004160,2,33.97596052014781,288,3,4,2,3.0,Other
CUST-004161,2,70.42592734219986,24,5,4,3,4.0,Potential Loyalists
CUST-004162,1,181.7092494079479,661,1,1,5,2.3333333333333335,At-Risk
CUST-004163,1,31.57938365444751,709,1,1,2,1.3333333333333333,At-Risk
CUST-004164,1,6.963051579842157,643,1,1,1,1.0,Lost
CUST-004165,3,31.10850789504061,56,5,5,2,4.0,Other
CUST-004166,1,13.525720729411688,341,3,1,1,1.6666666666666667,Other
CUST-004167,1,37.82965383614825,203,4,1,2,2.3333333333333335,Other
CUST-004168,2,28.995885446037484,46,5,4,2,3.6666666666666665,Other
CUST-004169,1,12.094824696181384,263,3,1,1,1.6666666666666667,Other
CUST-004170,1,27.205265874393067,351,3,1,2,2.0,Other
CUST-004171,1,362.40022170873016,369,2,1,5,2.6666666666666665,At-Risk
CUST-004172,2,195.34734720060973,111,4,4,5,4.333333333333333,Champions
CUST-004173,2,54.008577368682545,311,3,4,3,3.3333333333333335,Potential Loyalists
CUST-004174,1,30.95118618387562,554,1,1,2,1.3333333333333333,At-Risk
CUST-004175,1,86.57740481640452,237,3,1,4,2.6666666666666665,Other
CUST-004176,1,23.41747510581646,412,2,1,2,1.6666666666666667,At-Risk
CUST-004177,1,14.359154722374075,136,4,1,1,2.0,Other
CUST-004178,3,558.0272837152085,239,3,5,5,4.333333333333333,Potential Loyalists
CUST-004179,3,159.35935746227645,219,4,5,4,4.333333333333333,Champions
CUST-004180,2,282.82781678997435,376,2,4,5,3.6666666666666665,Other
CUST-004181,1,13.887005282118883,351,3,1,1,1.6666666666666667,Other
CUST-004182,1,10.378546074165444,394,2,1,1,1.3333333333333333,At-Risk
CUST-004183,2,50.21259613462426,137,4,4,3,3.6666666666666665,Potential Loyalists
CUST-004184,2,160.7446793384542,204,4,4,5,4.333333333333333,Champions
CUST-004185,1,7.958997328797945,207,4,1,1,2.0,Other
CUST-004186,1,20.836191372922023,219,4,1,2,2.3333333333333335,Other
CUST-004187,2,163.84318905981397,142,4,4,5,4.333333333333333,Champions
CUST-004188,1,37.66513763661702,432,2,1,2,1.6666666666666667,At-Risk
CUST-004189,3,109.43637314944617,74,5,5,4,4.666666666666667,Champions
CUST-004190,1,319.15353549719464,148,4,1,5,3.3333333333333335,Other
CUST-004191,1,40.574713410065165,108,4,1,2,2.3333333333333335,Other
CUST-004192,1,20.14495729198474,147,4,1,2,2.3333333333333335,Other
CUST-004193,1,160.85563489640083,62,5,1,5,3.6666666666666665,Other
CUST-004194,1,19.130230226609175,604,1,1,2,1.3333333333333333,At-Risk
CUST-004195,1,2.2775010614772837,524,1,1,1,1.0,Lost
CUST-004196,2,116.26839395768303,172,4,4,4,4.0,Champions
CUST-004197,1,9.61860636905931,29,5,1,1,2.3333333333333335,Other
CUST-004198,3,329.9102250293342,186,4,5,5,4.666666666666667,Champions
CUST-004199,2,192.4210619487692,539,1,4,5,3.3333333333333335,Other
CUST-004200,3,142.5770060711904,345,3,5,4,4.0,Potential Loyalists
CUST-004201,4,123.53006051599243,356,3,5,4,4.0,Potential Loyalists
CUST-004202,1,123.62256747803936,78,5,1,4,3.3333333333333335,Other
CUST-004203,1,258.6519098588489,652,1,1,5,2.3333333333333335,At-Risk
CUST-004204,2,180.13682733135468,143,4,4,5,4.333333333333333,Champions
CUST-004205,2,120.34860599389782,415,2,4,4,3.3333333333333335,Other
CUST-004206,1,4.194572177634823,360,2,1,1,1.3333333333333333,At-Risk
CUST-004207,2,85.48677377962625,88,5,4,4,4.333333333333333,Champions
CUST-004208,1,22.194759196279527,85,5,1,2,2.6666666666666665,Other
CUST-004209,3,350.8882722387799,30,5,5,5,5.0,Champions
CUST-004210,1,12059.02014370345,381,2,1,5,2.6666666666666665,At-Risk
CUST-004211,1,173.5909259280988,229,3,1,5,3.0,Other
CUST-004212,2,61.75919249368192,217,4,4,3,3.6666666666666665,Potential Loyalists
CUST-004213,2,81.00980466153935,204,4,4,4,4.0,Champions
CUST-004214,3,178.27209225904042,5,5,5,5,5.0,Champions
CUST-004215,2,88.10607454790481,144,4,4,4,4.0,Champions
CUST-004216,1,9.235576294691782,342,3,1,1,1.6666666666666667,Other
CUST-004217,1,107.92223128466917,710,1,1,4,2.0,At-Risk
CUST-004218,1,530.3643929163426,520,2,1,5,2.6666666666666665,At-Risk
CUST-004219,3,124.32104408678468,210,4,5,4,4.333333333333333,Champions
CUST-004220,1,53.85810659619807,557,1,1,3,1.6666666666666667,At-Risk
CUST-004221,1,20.492798412519782,513,2,1,2,1.6666666666666667,At-Risk
CUST-004222,1,9.172082911785363,401,2,1,1,1.3333333333333333,At-Risk
CUST-004223,1,107.75950386231987,266,3,1,4,2.6666666666666665,Other
CUST-004224,2,46.766142361615834,26,5,4,3,4.0,Potential Loyalists
CUST-004225,1,6.842381163434803,434,2,1,1,1.3333333333333333,At-Risk
CUST-004226,4,395.2477346136888,105,5,5,5,5.0,Champions
CUST-004227,1,334.5278294575999,569,1,1,5,2.3333333333333335,At-Risk
CUST-004228,2,141.92362746376722,66,5,4,4,4.333333333333333,Champions
CUST-004229,1,36.174039051524225,319,3,1,2,2.0,Other
CUST-004230,1,17.975802369215824,145,4,1,1,2.0,Other
CUST-004231,1,2.7369010097679576,175,4,1,1,2.0,Other
CUST-004232,1,8.060251225422432,358,3,1,1,1.6666666666666667,Other
CUST-004233,4,122.5501250626148,262,3,5,4,4.0,Potential Loyalists
CUST-004234,1,752.59019509634,374,2,1,5,2.6666666666666665,At-Risk
CUST-004235,3,208.51852220615538,474,2,5,5,4.0,Other
CUST-004236,1,46.75617406648391,395,2,1,3,2.0,At-Risk
CUST-004237,2,70.43585036660073,90,5,4,3,4.0,Potential Loyalists
CUST-004238,1,10.563397302500375,426,2,1,1,1.3333333333333333,At-Risk
CUST-004239,1,118.28166164365008,135,4,1,4,3.0,Other
CUST-004240,1,26.872976947005174,468,2,1,2,1.6666666666666667,At-Risk
CUST-004241,1,131.96113670038318,195,4,1,4,3.0,Other
CUST-004243,2,110.99028485074038,381,2,4,4,3.3333333333333335,Other
CUST-004244,2,71.01695577512876,400,2,4,3,3.0,Other
CUST-004245,1,173.93590622860853,137,4,1,5,3.3333333333333335,Other
CUST-004246,1,123.06018161606444,300,3,1,4,2.6666666666666665,Other
CUST-004247,1,15.14367648922678,382,2,1,1,1.3333333333333333,At-Risk
CUST-004248,2,86.79030922886031,42,5,4,4,4.333333333333333,Champions
CUST-004249,1,182.73980512760835,51,5,1,5,3.6666666666666665,Other
CUST-004250,3,255.41927686956507,28,5,5,5,5.0,Champions
CUST-004251,1,49.39635128112889,176,4,1,3,2.6666666666666665,Other
CUST-004252,2,69.33664548193403,317,3,4,3,3.3333333333333335,Potential Loyalists
CUST-004253,1,5.7555753943589245,156,4,1,1,2.0,Other
CUST-004254,1,20.275249157934994,380,2,1,2,1.6666666666666667,At-Risk
CUST-004255,1,84.16468916845393,297,3,1,4,2.6666666666666665,Other
CUST-004256,2,63.96656698527878,501,2,4,3,3.0,Other
CUST-004257,1,25.86746383334304,705,1,1,2,1.3333333333333333,At-Risk
CUST-004259,1,76.38475101117366,46,5,1,3,3.0,Other
CUST-004260,2,94.5072060314152,81,5,4,4,4.333333333333333,Champions
CUST-004261,2,83.2723796398168,227,3,4,4,3.6666666666666665,Potential Loyalists
CUST-004262,2,295.6380157034142,527,1,4,5,3.3333333333333335,Other
CUST-004263,1,22.181087245168506,591,1,1,2,1.3333333333333333,At-Risk
CUST-004264,1,109.83892795768963,1,5,1,4,3.3333333333333335,Other
CUST-004265,1,28.61011952518894,565,1,1,2,1.3333333333333333,At-Risk
CUST-004266,1,19.655558402013767,156,4,1,2,2.3333333333333335,Other
CUST-004267,2,210.09822036212563,349,3,4,5,4.0,Potential Loyalists
CUST-004268,1,24.877242789508376,416,2,1,2,1.6666666666666667,At-Risk
CUST-004269,3,119.53754869456402,267,3,5,4,4.0,Potential Loyalists
CUST-004270,1,45.17237979890646,193,4,1,3,2.6666666666666665,Other
CUST-004272,1,9.100808357711928,78,5,1,1,2.3333333333333335,Other
CUST-004273,1,6.681198767590888,371,2,1,1,1.3333333333333333,At-Risk
CUST-004274,1,252.83814161702395,720,1,1,5,2.3333333333333335,At-Risk
CUST-004275,1,31.39073170592141,320,3,1,2,2.0,Other
CUST-004276,1,292.3864548522066,652,1,1,5,2.3333333333333335,At-Risk
CUST-004277,2,86.20329948380932,273,3,4,4,3.6666666666666665,Potential Loyalists
CUST-004278,1,103.88045191604026,44,5,1,4,3.3333333333333335,Other
CUST-004279,2,56.872220436576754,221,3,4,3,3.3333333333333335,Potential Loyalists
CUST-004280,1,157.4645586326549,712,1,1,4,2.0,At-Risk
CUST-004281,1,116.64239460906612,176,4,1,4,3.0,Other
CUST-004282,1,140.91858292943584,132,4,1,4,3.0,Other
CUST-004283,2,161.46679766980355,258,3,4,5,4.0,Potential Loyalists
CUST-004284,2,105.01570356899924,222,3,4,4,3.6666666666666665,Potential Loyalists
CUST-004285,1,15.578867631928423,68,5,1,1,2.3333333333333335,Other
CUST-004286,2,322.0800429081018,243,3,4,5,4.0,Potential Loyalists
CUST-004287,2,32.942282807637014,212,4,4,2,3.3333333333333335,Other
CUST-004288,3,238.45502704567286,179,4,5,5,4.666666666666667,Champions
CUST-004289,1,38.09556807451268,124,4,1,2,2.3333333333333335,Other
CUST-004290,2,132.31386062060568,31,5,4,4,4.333333333333333,Champions
CUST-004291,3,7456.311913441786,78,5,5,5,5.0,Champions
CUST-004292,1,58.38124412523032,332,3,1,3,2.3333333333333335,Other
CUST-004293,1,8.334067149355702,641,1,1,1,1.0,Lost
CUST-004294,2,277.13951548951144,697,1,4,5,3.3333333333333335,Other
CUST-004295,1,196.97268387655276,602,1,1,5,2.3333333333333335,At-Risk
CUST-004296,1,71.39536666433956,428,2,1,3,2.0,At-Risk
CUST-004297,1,8.28629816939391,0,5,1,1,2.3333333333333335,Other
CUST-004298,2,56.11572374059463,639,1,4,3,2.6666666666666665,Other
CUST-004299,2,293.4167748047844,514,2,4,5,3.6666666666666665,Other
CUST-004300,1,52.69721776850527,591,1,1,3,1.6666666666666667,At-Risk
CUST-004301,2,83.13370817254996,364,2,4,4,3.3333333333333335,Other
CUST-004302,1,6.643029537112849,702,1,1,1,1.0,Lost
CUST-004303,1,9.96271747571008,567,1,1,1,1.0,Lost
CUST-004304,1,36.96531694342016,76,5,1,2,2.6666666666666665,Other
CUST-004305,1,52.356117496686394,178,4,1,3,2.6666666666666665,Other
CUST-004306,1,156.1611178642865,392,2,1,4,2.3333333333333335,At-Risk
CUST-004307,2,109.74139585544859,111,4,4,4,4.0,Champions
CUST-004308,2,198.8421309117928,635,1,4,5,3.3333333333333335,Other
CUST-004309,1,20.857723132580155,600,1,1,2,1.3333333333333333,At-Risk
CUST-004310,1,185.5622133293743,524,1,1,5,2.3333333333333335,At-Risk
CUST-004311,1,14891.085724980394,191,4,1,5,3.3333333333333335,Other
CUST-004312,2,90.20561867088831,30,5,4,4,4.333333333333333,Champions
CUST-004313,2,174.06692057186535,173,4,4,5,4.333333333333333,Champions
CUST-004314,1,88.14800964069106,98,5,1,4,3.3333333333333335,Other
CUST-004315,1,53.13205252306411,323,3,1,3,2.3333333333333335,Other
CUST-004316,1,473.6932922406004,326,3,1,5,3.0,Other
CUST-004317,2,30.970015086964356,0,5,4,2,3.6666666666666665,Other
CUST-004318,1,7.351310079931746,671,1,1,1,1.0,Lost
CUST-004319,2,79.8900522657591,114,4,4,3,3.6666666666666665,Potential Loyalists
CUST-004320,2,151.69956388038457,9,5,4,4,4.333333333333333,Champions
CUST-004321,1,5.209603209630446,76,5,1,1,2.3333333333333335,Other
CUST-004322,1,11.836233545770932,554,1,1,1,1.0,Lost
CUST-004323,2,18.240541490380107,163,4,4,1,3.0,Other
CUST-004324,1,10502.745671301673,357,3,1,5,3.0,Other
CUST-004325,2,291.84165990073654,639,1,4,5,3.3333333333333335,Other
CUST-004326,1,338.91150078573105,89,5,1,5,3.6666666666666665,Other
CUST-004327,1,51.15899491513037,402,2,1,3,2.0,At-Risk
CUST-004328,1,25.16081019910733,253,3,1,2,2.0,Other
CUST-004329,1,47.65813647178945,658,1,1,3,1.6666666666666667,At-Risk
CUST-004330,1,189.66212178711115,384,2,1,5,2.6666666666666665,At-Risk
CUST-004331,3,378.23707241232364,282,3,5,5,4.333333333333333,Potential Loyalists
CUST-004332,2,341.6673050383545,162,4,4,5,4.333333333333333,Champions
CUST-004333,1,44.5603624824434,353,3,1,3,2.3333333333333335,Other
CUST-004334,1,24.712958765823057,100,5,1,2,2.6666666666666665,Other
CUST-004335,2,156.71342293100778,60,5,4,4,4.333333333333333,Champions
CUST-004336,1,106.62385711269012,686,1,1,4,2.0,At-Risk
CUST-004337,1,11.716016996801809,211,4,1,1,2.0,Other
CUST-004338,1,4.262561884826738,365,2,1,1,1.3333333333333333,At-Risk
CUST-004340,1,11.53106569951803,408,2,1,1,1.3333333333333333,At-Risk
CUST-004341,2,78.97961233666615,286,3,4,3,3.3333333333333335,Potential Loyalists
CUST-004342,1,25.566117885899875,19,5,2,2,3.0,Other
CUST-004343,1,16.129228609090156,312,3,2,1,2.0,Other
CUST-004344,1,20.43627404975288,551,1,2,2,1.6666666666666667,At-Risk
CUST-004345,1,55.20411475493111,65,5,2,3,3.3333333333333335,Other
CUST-004346,1,59.667746625076695,327,3,2,3,2.6666666666666665,Other
CUST-004347,1,7.89572851933846,545,1,2,1,1.3333333333333333,At-Risk
CUST-004348,1,83.08046541543575,60,5,2,4,3.6666666666666665,Other
CUST-004349,1,33.93918356914058,574,1,2,2,1.6666666666666667,At-Risk
CUST-004350,2,71.21097955778608,470,2,4,3,3.0,Other
CUST-004351,1,34.029361523838105,430,2,2,2,2.0,At-Risk
CUST-004352,1,112.24563297678606,341,3,2,4,3.0,Other
CUST-004353,1,13473.321379664329,149,4,2,5,3.6666666666666665,Other
CUST-004354,1,139.93745885734933,386,2,2,4,2.6666666666666665,At-Risk
CUST-004355,1,168.66874715531736,181,4,2,5,3.6666666666666665,Other
CUST-004356,1,23.15422407204465,549,1,2,2,1.6666666666666667,At-Risk
CUST-004357,2,300.7116824035844,283,3,4,5,4.0,Potential Loyalists
CUST-004358,2,39.77658279167353,474,2,4,2,2.6666666666666665,Other
CUST-004359,2,78.27102400939401,512,2,4,3,3.0,Other
CUST-004360,1,11.333614259433674,450,2,2,1,1.6666666666666667,At-Risk
CUST-004361,2,214.33781825653068,134,4,4,5,4.333333333333333,Champions
CUST-004362,2,129.5581011681839,289,3,4,4,3.6666666666666665,Potential Loyalists
CUST-004363,2,87.38595000715459,146,4,4,4,4.0,Champions
CUST-004364,2,18.5786623682392,424,2,4,1,2.3333333333333335,Other
CUST-004365,2,33.188950027456244,456,2,4,2,2.6666666666666665,Other
CUST-004367,1,175.4545805312585,3,5,2,5,4.0,Other
CUST-004368,1,18.827164635430396,577,1,2,2,1.6666666666666667,At-Risk
CUST-004369,1,34.74027141180518,682,1,2,2,1.6666666666666667,At-Risk
CUST-004370,2,41.00852404131959,90,5,4,2,3.6666666666666665,Other
CUST-004371,2,108.89436855085117,200,4,4,4,4.0,Champions
CUST-004372,1,14.775719871726569,624,1,2,1,1.3333333333333333,At-Risk
CUST-004373,1,34.64219892032837,200,4,2,2,2.6666666666666665,Other
CUST-004374,1,54.32607497713792,500,2,2,3,2.3333333333333335,At-Risk
CUST-004376,1,46.30681097231694,75,5,2,3,3.3333333333333335,Other
CUST-004377,1,16.632246186208924,169,4,2,1,2.3333333333333335,Other
CUST-004378,1,32.51594058776805,590,1,2,2,1.6666666666666667,At-Risk
CUST-004379,2,612.6703885290435,321,3,4,5,4.0,Potential Loyalists
CUST-004380,1,123.39488690189278,114,4,2,4,3.3333333333333335,Other
CUST-004381,3,53.77774197157579,92,5,5,3,4.333333333333333,Potential Loyalists
CUST-004382,1,76.84654631899944,507,2,2,3,2.3333333333333335,At-Risk
CUST-004383,1,103.49672278859391,720,1,2,4,2.3333333333333335,At-Risk
CUST-004384,2,117.15163080381134,204,4,4,4,4.0,Champions
CUST-004385,2,126.7584823928081,559,1,4,4,3.0,Other
CUST-004386,1,29.52587699105659,692,1,2,2,1.6666666666666667,At-Risk
CUST-004387,2,100.05672608769088,318,3,4,4,3.6666666666666665,Potential Loyalists
CUST-004388,1,87.07791423699277,454,2,2,4,2.6666666666666665,At-Risk
CUST-004389,2,89.13348835711112,47,5,4,4,4.333333333333333,Champions
CUST-004390,2,161.34759608833082,171,4,4,5,4.333333333333333,Champions
CUST-004391,2,74.44534570169364,341,3,4,3,3.3333333333333335,Potential Loyalists
CUST-004392,1,24.633598511809733,217,4,2,2,2.6666666666666665,Other
CUST-004393,1,91.75360401497454,149,4,2,4,3.3333333333333335,Other
CUST-004394,1,42.077481135888576,438,2,2,3,2.3333333333333335,At-Risk
CUST-004395,1,18.71495859411837,123,4,2,1,2.3333333333333335,Other
CUST-004396,1,10.84379902775318,181,4,2,1,2.3333333333333335,Other
CUST-004397,2,112.0142733669416,292,3,4,4,3.6666666666666665,Potential Loyalists
CUST-004398,1,99.3197844710637,580,1,2,4,2.3333333333333335,At-Risk
CUST-004399,1,229.47383198566484,46,5,2,5,4.0,Other
CUST-004400,3,17549.14163732528,398,2,5,5,4.0,Other
CUST-004401,1,25.178575541011153,173,4,2,2,2.6666666666666665,Other
CUST-004402,1,6.8883421751625225,647,1,2,1,1.3333333333333333,At-Risk
CUST-004403,2,105.84306138284344,57,5,4,4,4.333333333333333,Champions
CUST-004404,1,6.508929308710272,280,3,2,1,2.0,Other
CUST-004405,1,4.378356584817041,442,2,2,1,1.6666666666666667,At-Risk
CUST-004406,2,176.827047246336,129,4,4,5,4.333333333333333,Champions
CUST-004407,2,36.771652642055955,36,5,4,2,3.6666666666666665,Other
CUST-004408,1,6.57172933902224,617,1,2,1,1.3333333333333333,At-Risk
CUST-004409,2,86.20187565458957,210,4,4,4,4.0,Champions
CUST-004410,1,12.874512799796204,89,5,2,1,2.6666666666666665,Other
CUST-004412,1,137.9113988779849,130,4,2,4,3.3333333333333335,Other
CUST-004413,1,12.913211129839375,414,2,2,1,1.6666666666666667,At-Risk
CUST-004414,2,54.38962816004082,13,5,4,3,4.0,Potential Loyalists
CUST-004415,1,25.392952712194973,272,3,2,2,2.3333333333333335,Other
CUST-004416,1,15.824584906997297,318,3,2,1,2.0,Other
CUST-004417,1,432.7456703589104,317,3,2,5,3.3333333333333335,Other
CUST-004418,1,24.465211449823272,418,2,2,2,2.0,At-Risk
CUST-004419,1,22.168415034110748,551,1,2,2,1.6666666666666667,At-Risk
CUST-004420,1,24.00953036809737,480,2,2,2,2.0,At-Risk
CUST-004421,1,36.17485652672906,383,2,2,2,2.0,At-Risk
CUST-004422,1,44.88020873348328,651,1,2,3,2.0,At-Risk
CUST-004423,2,60.373742154654124,354,3,4,3,3.3333333333333335,Potential Loyalists
CUST-004425,2,28.88220048704678,127,4,4,2,3.3333333333333335,Other
CUST-004426,2,73.34248994853007,134,4,4,3,3.6666666666666665,Potential Loyalists
CUST-004427,4,432.3862780016449,120,4,5,5,4.666666666666667,Champions
CUST-004428,2,5.342662638910121,196,4,4,1,3.0,Other
CUST-004429,1,5.7584499191355984,106,5,2,1,2.6666666666666665,Other
CUST-004430,1,7.318364048640896,574,1,2,1,1.3333333333333333,At-Risk
CUST-004431,2,22.317929605451212,359,2,4,2,2.6666666666666665,Other
CUST-004432,3,137.63019475818047,4,5,5,4,4.666666666666667,Champions
CUST-004433,2,151.00821682884293,388,2,4,4,3.3333333333333335,Other
CUST-004434,2,39.17431171177265,36,5,4,2,3.6666666666666665,Other
CUST-004435,2,176.62542446818904,372,2,4,5,3.6666666666666665,Other
CUST-004436,2,314.9519820087521,529,1,4,5,3.3333333333333335,Other
CUST-004437,1,4.554059469528931,142,4,2,1,2.3333333333333335,Other
CUST-004438,2,151.08073985838263,16,5,4,4,4.333333333333333,Champions
CUST-004440,1,21.599235462223024,671,1,2,2,1.6666666666666667,At-Risk
CUST-004441,3,143.84224895685847,24,5,5,4,4.666666666666667,Champions
CUST-004442,1,117.92351126979848,213,4,2,4,3.3333333333333335,Other
CUST-004443,1,3.2845457769854267,285,3,2,1,2.0,Other
CUST-004444,2,51.00805396556634,22,5,4,3,4.0,Potential Loyalists
CUST-004445,2,72.47013150286178,72,5,4,3,4.0,Potential Loyalists
CUST-004446,2,144.7548393641669,501,2,4,4,3.3333333333333335,Other
CUST-004447,1,30.295541441004175,213,4,2,2,2.6666666666666665,Other
CUST-004448,1,11985.56003279308,8,5,2,5,4.0,Other
CUST-004449,1,14.709391793063723,298,3,2,1,2.0,Other
CUST-004450,1,239.4975432275818,347,3,2,5,3.3333333333333335,Other
CUST-004451,1,13.854763054762085,144,4,2,1,2.3333333333333335,Other
CUST-004452,2,82.28238150452115,528,1,4,4,3.0,Other
CUST-004453,2,192.7937580845167,499,2,4,5,3.6666666666666665,Other
CUST-004454,1,17.438697411521463,594,1,2,1,1.3333333333333333,At-Risk
CUST-004455,1,209.29725167795175,326,3,2,5,3.3333333333333335,Other
CUST-004456,1,10.952572345083372,396,2,2,1,1.6666666666666667,At-Risk
CUST-004457,2,57.23327373816126,131,4,4,3,3.6666666666666665,Potential Loyalists
CUST-004458,1,18.71446737282015,356,3,2,1,2.0,Other
CUST-004459,3,128.87676077017358,0,5,5,4,4.666666666666667,Champions
CUST-004460,1,9.156228177202925,383,2,2,1,1.6666666666666667,At-Risk
CUST-004461,2,54.46178327102751,436,2,4,3,3.0,Other
CUST-004462,1,35.5524486710569,238,3,2,2,2.3333333333333335,Other
CUST-004463,1,5.856590858629955,229,3,2,1,2.0,Other
CUST-004464,1,252.0479940112518,276,3,2,5,3.3333333333333335,Other
CUST-004465,1,28.264940063958317,481,2,2,2,2.0,At-Risk
CUST-004466,2,89.51705461319708,198,4,4,4,4.0,Champions
CUST-004467,1,20.397229645713537,505,2,2,2,2.0,At-Risk
CUST-004468,1,20.83600829978724,402,2,2,2,2.0,At-Risk
CUST-004469,2,76.07185703929726,555,1,4,3,2.6666666666666665,Other
CUST-004470,1,17.682096384272764,217,4,2,1,2.3333333333333335,Other
CUST-004471,2,57.0308526330942,414,2,4,3,3.0,Other
CUST-004472,2,82.37283819490797,223,3,4,4,3.6666666666666665,Potential Loyalists
CUST-004473,1,3.160987400891928,14,5,2,1,2.6666666666666665,Other
CUST-004474,2,69.97012300347241,483,2,4,3,3.0,Other
CUST-004475,1,7.728718494737946,4,5,2,1,2.6666666666666665,Other
CUST-004476,1,9.18131551795212,555,1,2,1,1.3333333333333333,At-Risk
CUST-004477,1,18.700212334661312,176,4,2,1,2.3333333333333335,Other
CUST-004478,1,31.803074609775617,402,2,2,2,2.0,At-Risk
CUST-004479,3,256.9721610349781,189,4,5,5,4.666666666666667,Champions
CUST-004480,1,10.650213213812393,487,2,2,1,1.6666666666666667,At-Risk
CUST-004481,1,281.1123233307804,180,4,2,5,3.6666666666666665,Other
CUST-004482,2,34.975716223853766,84,5,4,2,3.6666666666666665,Other
CUST-004483,2,223.4753025257237,391,2,4,5,3.6666666666666665,Other
CUST-004484,1,150.6062860301225,569,1,2,4,2.3333333333333335,At-Risk
CUST-004485,1,2.699103906353305,434,2,2,1,1.6666666666666667,At-Risk
CUST-004486,3,26.596347089270658,103,5,5,2,4.0,Other
CUST-004487,1,30.517805860055223,725,1,2,2,1.6666666666666667,At-Risk
CUST-004488,1,29.79726822794873,97,5,2,2,3.0,Other
CUST-004489,2,696.1065264527898,51,5,4,5,4.666666666666667,Champions
CUST-004490,1,62.270889483683405,489,2,2,3,2.3333333333333335,At-Risk
CUST-004491,1,15.61425067541474,504,2,2,1,1.6666666666666667,At-Risk
CUST-004492,3,19.67757270480563,347,3,5,2,3.3333333333333335,Other
CUST-004493,2,460.2471500497464,19,5,4,5,4.666666666666667,Champions
CUST-004494,4,192.89973431315576,171,4,5,5,4.666666666666667,Champions
CUST-004495,2,129.26406773381728,36,5,4,4,4.333333333333333,Champions
CUST-004496,2,48.26974317164828,214,4,4,3,3.6666666666666665,Potential Loyalists
CUST-004497,2,31.748836751323907,412,2,4,2,2.6666666666666665,Other
CUST-004498,2,49.20219839396355,253,3,4,3,3.3333333333333335,Potential Loyalists
CUST-004499,1,21.04444860249686,516,2,2,2,2.0,At-Risk
CUST-004500,2,8760.36759855172,583,1,4,5,3.3333333333333335,Other
CUST-004501,3,131.35841693619574,72,5,5,4,4.666666666666667,Champions
CUST-004502,1,46.330920422232914,240,3,2,3,2.6666666666666665,Other
CUST-004503,1,15.459077606323376,233,3,2,1,2.0,Other
CUST-004504,1,9.459748067394193,433,2,2,1,1.6666666666666667,At-Risk
CUST-004505,1,22.075756628895057,51,5,2,2,3.0,Other
CUST-004506,1,80.55939762174759,263,3,2,4,3.0,Other
CUST-004507,1,35.1866553694109,566,1,2,2,1.6666666666666667,At-Risk
CUST-004508,2,630.4108643592874,254,3,4,5,4.0,Potential Loyalists
CUST-004509,1,8135.236725260058,369,2,2,5,3.0,At-Risk
CUST-004510,1,41.85596739829777,489,2,2,3,2.3333333333333335,At-Risk
CUST-004511,1,50.69158585195754,118,4,2,3,3.0,Other
CUST-004512,1,197.72373477858977,503,2,2,5,3.0,At-Risk
CUST-004513,2,123.5597484551989,22,5,4,4,4.333333333333333,Champions
CUST-004514,1,5.092111841377919,329,3,2,1,2.0,Other
CUST-004515,1,2.4192816469495035,432,2,2,1,1.6666666666666667,At-Risk
CUST-004516,1,50.345051004995845,81,5,2,3,3.3333333333333335,Other
CUST-004517,2,300.47833745607295,206,4,4,5,4.333333333333333,Champions
CUST-004518,2,95.62193370452597,289,3,4,4,3.6666666666666665,Potential Loyalists
CUST-004519,1,90.43706822026888,457,2,2,4,2.6666666666666665,At-Risk
CUST-004520,1,10.260274532861883,210,4,2,1,2.3333333333333335,Other
CUST-004521,1,13.369402973050102,510,2,2,1,1.6666666666666667,At-Risk
CUST-004522,1,31.21330187883955,604,1,2,2,1.6666666666666667,At-Risk
CUST-004523,1,14.9288669824823,588,1,2,1,1.3333333333333333,At-Risk
CUST-004524,2,120.76492911347165,460,2,4,4,3.3333333333333335,Other
CUST-004525,5,319.78546526541413,149,4,5,5,4.666666666666667,Champions
CUST-004526,1,36.261495374606504,51,5,2,2,3.0,Other
CUST-004527,1,28.36889958997512,515,2,2,2,2.0,At-Risk
CUST-004528,1,62.99172590723658,3,5,2,3,3.3333333333333335,Other
CUST-004530,2,123.6117582198633,712,1,4,4,3.0,Other
CUST-004531,2,468.579752652469,315,3,4,5,4.0,Potential Loyalists
CUST-004532,2,102.52165747232428,167,4,4,4,4.0,Champions
CUST-004533,1,7.042490394958818,629,1,2,1,1.3333333333333333,At-Risk
CUST-004534,1,17.413441038232975,150,4,2,1,2.3333333333333335,Other
CUST-004535,1,21.608955912177656,34,5,2,2,3.0,Other
CUST-004536,2,41.371488966723035,195,4,4,3,3.6666666666666665,Potential Loyalists
CUST-004537,1,24.092906310255376,284,3,2,2,2.3333333333333335,Other
CUST-004538,1,30.26302093241878,586,1,2,2,1.6666666666666667,At-Risk
CUST-004539,3,500.9363027308366,158,4,5,5,4.666666666666667,Champions
CUST-004540,1,11.47642916300201,417,2,2,1,1.6666666666666667,At-Risk
CUST-004541,1,81.78130404655691,627,1,2,4,2.3333333333333335,At-Risk
CUST-004542,1,32.958175854435034,403,2,2,2,2.0,At-Risk
CUST-004543,1,10.75063185872578,603,1,2,1,1.3333333333333333,At-Risk
CUST-004544,2,28.94102402772386,334,3,4,2,3.0,Other
CUST-004545,1,50.40732746794029,670,1,2,3,2.0,At-Risk
CUST-004546,2,129.18777310737383,265,3,4,4,3.6666666666666665,Potential Loyalists
CUST-004547,1,7.391030868530437,242,3,2,1,2.0,Other
CUST-004548,2,109.43639871325401,206,4,4,4,4.0,Champions
CUST-004549,2,9.172079753797398,149,4,4,1,3.0,Other
CUST-004550,1,6966.823883748018,304,3,2,5,3.3333333333333335,Other
CUST-004551,1,38.49836033680282,399,2,2,2,2.0,At-Risk
CUST-004552,1,20.503810651426715,26,5,2,2,3.0,Other
CUST-004553,3,11625.599062027391,125,4,5,5,4.666666666666667,Champions
CUST-004555,1,210.0277287066726,314,3,2,5,3.3333333333333335,Other
CUST-004556,4,262.1386970610039,95,5,5,5,5.0,Champions
CUST-004557,1,95.8181753329463,718,1,2,4,2.3333333333333335,At-Risk
CUST-004558,2,41.9780966395014,160,4,4,3,3.6666666666666665,Potential Loyalists
CUST-004559,2,118.52297405345448,68,5,4,4,4.333333333333333,Champions
CUST-004560,2,100.57142181693072,141,4,4,4,4.0,Champions
CUST-004561,1,86.48257215481215,518,2,2,4,2.6666666666666665,At-Risk
CUST-004562,1,5.738406065289906,388,2,2,1,1.6666666666666667,At-Risk
CUST-004563,1,52.012325401681814,618,1,2,3,2.0,At-Risk
CUST-004564,2,49.744608185624934,106,5,4,3,4.0,Potential Loyalists
CUST-004565,1,45.75713201626443,669,1,2,3,2.0,At-Risk
CUST-004566,1,46.07897723462461,595,1,2,3,2.0,At-Risk
CUST-004567,3,265.3977504196564,10,5,5,5,5.0,Champions
CUST-004568,2,128.81053213823327,94,5,4,4,4.333333333333333,Champions
CUST-004569,1,14.285808181364375,46,5,2,1,2.6666666666666665,Other
CUST-004570,2,61.64154471101247,209,4,4,3,3.6666666666666665,Potential Loyalists
CUST-004571,2,49.075562717657064,207,4,4,3,3.6666666666666665,Potential Loyalists
CUST-004572,2,323.7224765942382,28,5,4,5,4.666666666666667,Champions
CUST-004573,1,18.76079356634382,657,1,2,1,1.3333333333333333,At-Risk
CUST-004574,1,21.88391276216007,146,4,2,2,2.6666666666666665,Other
CUST-004575,1,3.440056071002819,286,3,2,1,2.0,Other
CUST-004576,1,20.768704822118966,126,4,2,2,2.6666666666666665,Other
CUST-004577,2,501.18280434336725,126,4,4,5,4.333333333333333,Champions
CUST-004578,2,114.6378507779838,58,5,4,4,4.333333333333333,Champions
CUST-004579,2,84.75857160382688,325,3,4,4,3.6666666666666665,Potential Loyalists
CUST-004580,2,50.770902883711734,584,1,4,3,2.6666666666666665,Other
CUST-004581,1,79.66095972435399,700,1,2,3,2.0,At-Risk
CUST-004582,1,1.446145315624911,352,3,2,1,2.0,Other
CUST-004583,1,254.453956116298,471,2,2,5,3.0,At-Risk
CUST-004584,1,5.162404521692225,501,2,2,1,1.6666666666666667,At-Risk
CUST-004585,1,3.114757996463288,526,1,2,1,1.3333333333333333,At-Risk
CUST-004586,2,80.87713817826858,89,5,4,4,4.333333333333333,Champions
CUST-004587,2,148.71272451060173,544,1,4,4,3.0,Other
CUST-004588,1,38.78839060753459,432,2,2,2,2.0,At-Risk
CUST-004589,1,3.4128041542888803,233,3,2,1,2.0,Other
CUST-004590,2,46.421354288028276,385,2,4,3,3.0,Other
CUST-004591,1,27.20809554289052,621,1,2,2,1.6666666666666667,At-Risk
CUST-004592,3,50.79932591483376,256,3,5,3,3.6666666666666665,Potential Loyalists
CUST-004593,1,38.02751232232704,274,3,2,2,2.3333333333333335,Other
CUST-004595,2,157.62168302029028,354,3,4,4,3.6666666666666665,Potential Loyalists
CUST-004596,2,166.2871491613921,355,3,4,5,4.0,Potential Loyalists
CUST-004597,2,44.55892906217901,18,5,4,3,4.0,Potential Loyalists
CUST-004598,1,9.79116672713508,607,1,2,1,1.3333333333333333,At-Risk
CUST-004599,1,33.29745820923605,627,1,2,2,1.6666666666666667,At-Risk
CUST-004600,2,88.00115293242659,207,4,4,4,4.0,Champions
CUST-004601,1,35.91682280230138,700,1,2,2,1.6666666666666667,At-Risk
CUST-004602,1,36.42441225052568,159,4,2,2,2.6666666666666665,Other
CUST-004603,1,18.19370783645814,68,5,2,1,2.6666666666666665,Other
CUST-004604,2,442.1276426824425,28,5,4,5,4.666666666666667,Champions
CUST-004605,1,175.2048445674379,589,1,2,5,2.6666666666666665,At-Risk
CUST-004606,1,13.867991916754102,367,2,2,1,1.6666666666666667,At-Risk
CUST-004607,1,21.72901590860692,342,3,2,2,2.3333333333333335,Other
CUST-004608,1,8.213209756310995,522,1,2,1,1.3333333333333333,At-Risk
CUST-004609,1,22.636474407873862,509,2,2,2,2.0,At-Risk
CUST-004610,1,25.789177520598596,529,1,2,2,1.6666666666666667,At-Risk
CUST-004611,1,58.40036629936375,44,5,2,3,3.3333333333333335,Other
CUST-004612,2,95.25638505750706,272,3,4,4,3.6666666666666665,Potential Loyalists
CUST-004613,3,155.44391480117565,30,5,5,4,4.666666666666667,Champions
CUST-004614,1,181.90684040192136,188,4,2,5,3.6666666666666665,Other
CUST-004615,1,30.790589323301273,581,1,2,2,1.6666666666666667,At-Risk
CUST-004616,2,125.71420387469452,287,3,4,4,3.6666666666666665,Potential Loyalists
CUST-004617,2,15.97034865226323,67,5,4,1,3.3333333333333335,Other
CUST-004618,1,135.12313061181607,175,4,2,4,3.3333333333333335,Other
CUST-004619,1,34.37037232278677,631,1,2,2,1.6666666666666667,At-Risk
CUST-004620,1,60.57740108742816,187,4,2,3,3.0,Other
CUST-004621,2,180.681348313208,368,2,4,5,3.6666666666666665,Other
CUST-004622,3,183.40838595204042,44,5,5,5,5.0,Champions
CUST-004623,1,3.3998376708120417,570,1,2,1,1.3333333333333333,At-Risk
CUST-004624,1,10.837432878873038,11,5,2,1,2.6666666666666665,Other
CUST-004625,3,89.64100723614482,367,2,5,4,3.6666666666666665,Other
CUST-004626,1,11.27500010891539,691,1,2,1,1.3333333333333333,At-Risk
CUST-004627,1,6.185869739116893,303,3,2,1,2.0,Other
CUST-004628,2,37.8060493263822,87,5,4,2,3.6666666666666665,Other
CUST-004629,2,100.2890126678705,174,4,4,4,4.0,Champions
CUST-004630,1,26.264790233429256,228,3,2,2,2.3333333333333335,Other
CUST-004631,1,102.9396280107374,80,5,2,4,3.6666666666666665,Other
CUST-004632,1,25.235818970488815,325,3,2,2,2.3333333333333335,Other
CUST-004633,2,42.99228103235929,59,5,4,3,4.0,Potential Loyalists
CUST-004634,2,33.88696182064137,285,3,4,2,3.0,Other
CUST-004635,1,6.17141954841258,371,2,2,1,1.6666666666666667,At-Risk
CUST-004636,1,234.8257150979072,81,5,2,5,4.0,Other
CUST-004637,1,14.283863974186394,137,4,2,1,2.3333333333333335,Other
CUST-004638,3,188.4109479507894,153,4,5,5,4.666666666666667,Champions
CUST-004639,1,73.55489072410526,240,3,2,3,2.6666666666666665,Other
CUST-004640,1,20.557830326427776,296,3,2,2,2.3333333333333335,Other
CUST-004641,1,4.939435396110796,54,5,2,1,2.6666666666666665,Other
CUST-004642,1,1.5281414458354856,565,1,2,1,1.3333333333333333,At-Risk
CUST-004643,2,174.38463177448656,499,2,4,5,3.6666666666666665,Other
CUST-004644,1,3.803299321929808,393,2,2,1,1.6666666666666667,At-Risk
CUST-004645,2,90.0134295248337,215,4,4,4,4.0,Champions
CUST-004646,1,2.0427523499358897,235,3,2,1,2.0,Other
CUST-004647,2,21.297112855364052,40,5,4,2,3.6666666666666665,Other
CUST-004648,2,40.887507417652046,410,2,4,2,2.6666666666666665,Other
CUST-004649,3,114.2478370657312,577,1,5,4,3.3333333333333335,Other
CUST-004650,1,26.86838252203939,562,1,2,2,1.6666666666666667,At-Risk
CUST-004651,1,186.6019186275091,420,2,2,5,3.0,At-Risk
CUST-004652,2,158.19065904020636,80,5,4,4,4.333333333333333,Champions
CUST-004653,2,111.14509674751145,300,3,4,4,3.6666666666666665,Potential Loyalists
CUST-004654,1,10.16542912315666,538,1,2,1,1.3333333333333333,At-Risk
CUST-004655,3,130.37216961226164,135,4,5,4,4.333333333333333,Champions
CUST-004656,1,11.74922077099446,92,5,2,1,2.6666666666666665,Other
CUST-004657,1,24.04317747567335,636,1,2,2,1.6666666666666667,At-Risk
CUST-004658,1,24.455360540671425,538,1,2,2,1.6666666666666667,At-Risk
CUST-004659,3,65.12777619310299,483,2,5,3,3.3333333333333335,Other
CUST-004660,1,92.36963849980484,635,1,2,4,2.3333333333333335,At-Risk
CUST-004661,1,14.513096281108725,414,2,2,1,1.6666666666666667,At-Risk
CUST-004662,1,21.848696756433384,718,1,2,2,1.6666666666666667,At-Risk
CUST-004663,2,69.30145383480554,311,3,4,3,3.3333333333333335,Potential Loyalists
CUST-004664,1,46.868796967289626,216,4,2,3,3.0,Other
CUST-004665,1,23.505907002515965,162,4,2,2,2.6666666666666665,Other
CUST-004666,1,19.04717541951895,487,2,2,2,2.0,At-Risk
CUST-004667,2,78.91464983061485,9,5,4,3,4.0,Potential Loyalists
CUST-004668,1,22.28599433655025,60,5,2,2,3.0,Other
CUST-004669,2,32.097445619725185,577,1,4,2,2.3333333333333335,Other
CUST-004670,2,20.007250137426894,348,3,4,2,3.0,Other
CUST-004671,3,80.53596947921963,298,3,5,4,4.0,Potential Loyalists
CUST-004672,1,126.1850910885663,492,2,2,4,2.6666666666666665,At-Risk
CUST-004673,1,74.48603145750533,382,2,2,3,2.3333333333333335,At-Risk
CUST-004674,3,248.31583359251425,318,3,5,5,4.333333333333333,Potential Loyalists
CUST-004675,1,133.82632254692356,334,3,2,4,3.0,Other
CUST-004676,4,922.7412771862919,456,2,5,5,4.0,Other
CUST-004677,1,36.6494979035892,649,1,2,2,1.6666666666666667,At-Risk
CUST-004678,2,73.06582578311438,5,5,4,3,4.0,Potential Loyalists
CUST-004679,1,19.519614287479502,536,1,2,2,1.6666666666666667,At-Risk
CUST-004680,1,6.954747046964526,514,2,2,1,1.6666666666666667,At-Risk
CUST-004681,1,81.55148984777769,377,2,2,4,2.6666666666666665,At-Risk
CUST-004682,1,47.705237020875806,194,4,2,3,3.0,Other
CUST-004683,1,6.204910324146727,185,4,2,1,2.3333333333333335,Other
CUST-004684,2,236.38010104936552,236,3,4,5,4.0,Potential Loyalists
CUST-004685,1,54.09343391498624,311,3,2,3,2.6666666666666665,Other
CUST-004686,1,158.55442512593672,509,2,2,4,2.6666666666666665,At-Risk
CUST-004687,2,374.8599111503789,547,1,4,5,3.3333333333333335,Other
CUST-004688,1,287.0063729117153,457,2,2,5,3.0,At-Risk
CUST-004689,1,72.94056047678814,151,4,2,3,3.0,Other
CUST-004690,1,6.685523283530828,633,1,2,1,1.3333333333333333,At-Risk
CUST-004691,2,86.98519275000218,583,1,4,4,3.0,Other
CUST-004692,1,30.11205130682239,504,2,2,2,2.0,At-Risk
CUST-004693,1,156.53675318996903,640,1,2,4,2.3333333333333335,At-Risk
CUST-004694,1,70.96596844943078,109,4,2,3,3.0,Other
CUST-004696,1,43.593703433998726,393,2,2,3,2.3333333333333335,At-Risk
CUST-004697,1,34.80260871240459,180,4,2,2,2.6666666666666665,Other
CUST-004698,2,40.33353456725655,355,3,4,2,3.0,Other
CUST-004699,1,152.66702112476636,226,3,2,4,3.0,Other
CUST-004700,2,14065.113367798951,169,4,4,5,4.333333333333333,Champions
CUST-004702,1,353.1376977104068,62,5,2,5,4.0,Other
CUST-004703,1,11.47836736518625,607,1,2,1,1.3333333333333333,At-Risk
CUST-004704,2,80.18112290433419,16,5,4,4,4.333333333333333,Champions
CUST-004705,1,8.083624176748986,676,1,2,1,1.3333333333333333,At-Risk
CUST-004706,1,12.909553255876178,704,1,2,1,1.3333333333333333,At-Risk
CUST-004707,1,62.66709039002365,413,2,2,3,2.3333333333333335,At-Risk
CUST-004708,1,37.31703400994416,656,1,2,2,1.6666666666666667,At-Risk
CUST-004709,1,44.81285980960205,422,2,2,3,2.3333333333333335,At-Risk
CUST-004710,1,123.46945075097736,559,1,2,4,2.3333333333333335,At-Risk
CUST-004711,1,9.692727520160826,243,3,2,1,2.0,Other
CUST-004712,1,31.056677899256172,270,3,2,2,2.3333333333333335,Other
CUST-004713,1,5.930450172386634,530,1,2,1,1.3333333333333333,At-Risk
CUST-004714,4,92.81378022303088,42,5,5,4,4.666666666666667,Champions
CUST-004715,1,41.10061016671936,407,2,2,2,2.0,At-Risk
CUST-004716,1,28.869990976796903,200,4,2,2,2.6666666666666665,Other
CUST-004717,1,8.199407907642001,349,3,2,1,2.0,Other
CUST-004718,1,131.2032918615854,499,2,2,4,2.6666666666666665,At-Risk
CUST-004719,1,34.091674672979906,412,2,2,2,2.0,At-Risk
CUST-004720,2,55.52224819181564,350,3,4,3,3.3333333333333335,Potential Loyalists
CUST-004721,1,165.0159703874755,299,3,2,5,3.3333333333333335,Other
CUST-004722,1,169.04029748894428,429,2,2,5,3.0,At-Risk
CUST-004723,1,23.06741661131902,79,5,2,2,3.0,Other
CUST-004724,1,80.31884148026803,55,5,2,4,3.6666666666666665,Other
CUST-004725,1,13.61537019545778,361,2,2,1,1.6666666666666667,At-Risk
CUST-004726,1,32.461250750969434,63,5,2,2,3.0,Other
CUST-004727,1,41.400068507556,604,1,2,3,2.0,At-Risk
CUST-004728,2,240.17219564878675,487,2,4,5,3.6666666666666665,Other
CUST-004729,2,33.36129965395595,167,4,4,2,3.3333333333333335,Other
CUST-004730,3,271.40946980630423,301,3,5,5,4.333333333333333,Potential Loyalists
CUST-004731,1,111.19557510907788,74,5,2,4,3.6666666666666665,Other
CUST-004732,1,21.423376218898348,624,1,2,2,1.6666666666666667,At-Risk
CUST-004733,2,49.394916430577965,390,2,4,3,3.0,Other
CUST-004734,2,51.514112883535624,305,3,4,3,3.3333333333333335,Potential Loyalists
CUST-004735,1,131.7934823261717,657,1,2,4,2.3333333333333335,At-Risk
CUST-004736,3,1081.7443361980456,237,3,5,5,4.333333333333333,Potential Loyalists
CUST-004737,2,461.39211388457073,333,3,4,5,4.0,Potential Loyalists
CUST-004738,3,258.43767397580007,69,5,5,5,5.0,Champions
CUST-004739,1,52.30492842453747,55,5,2,3,3.3333333333333335,Other
CUST-004740,1,18.580547138760295,576,1,2,1,1.3333333333333333,At-Risk
CUST-004741,1,77.84916085349937,294,3,2,3,2.6666666666666665,Other
CUST-004742,1,30.188134416368516,93,5,2,2,3.0,Other
CUST-004743,1,75.13183401526312,294,3,2,3,2.6666666666666665,Other
CUST-004744,1,16.85911010901044,83,5,2,1,2.6666666666666665,Other
CUST-004745,2,12285.533967787494,423,2,4,5,3.6666666666666665,Other
CUST-004746,1,15.425298234840565,277,3,2,1,2.0,Other
CUST-004747,1,35.360379329697096,585,1,2,2,1.6666666666666667,At-Risk
CUST-004748,1,60.880959609056454,623,1,2,3,2.0,At-Risk
CUST-004749,2,155.965973794693,496,2,4,4,3.3333333333333335,Other
CUST-004750,2,26.160363012731914,118,4,4,2,3.3333333333333335,Other
CUST-004752,1,3.9420932712424657,166,4,2,1,2.3333333333333335,Other
CUST-004753,2,61.5593516919846,165,4,4,3,3.6666666666666665,Potential Loyalists
CUST-004754,1,6.303425131613587,170,4,2,1,2.3333333333333335,Other
CUST-004755,1,215.69839275706585,687,1,2,5,2.6666666666666665,At-Risk
CUST-004756,1,5.370127523177528,418,2,2,1,1.6666666666666667,At-Risk
CUST-004757,1,48.67405287552127,124,4,2,3,3.0,Other
CUST-004758,5,315.2983120047288,12,5,5,5,5.0,Champions
CUST-004759,1,20.42007341821918,188,4,2,2,2.6666666666666665,Other
CUST-004760,1,1.7738353953576282,673,1,2,1,1.3333333333333333,At-Risk
CUST-004761,2,200.24015531976306,297,3,4,5,4.0,Potential Loyalists
CUST-004762,2,204.1111795147963,432,2,4,5,3.6666666666666665,Other
CUST-004763,1,190.95005077756375,463,2,2,5,3.0,At-Risk
CUST-004764,2,90.27517164339702,362,2,4,4,3.3333333333333335,Other
CUST-004765,1,126.1264606630618,451,2,2,4,2.6666666666666665,At-Risk
CUST-004766,2,263.90161363723905,28,5,4,5,4.666666666666667,Champions
CUST-004767,1,21.965195948818874,381,2,2,2,2.0,At-Risk
CUST-004768,1,39.20808092951682,478,2,2,2,2.0,At-Risk
CUST-004769,1,291.34419542785037,309,3,2,5,3.3333333333333335,Other
CUST-004770,2,149.5821309766484,290,3,4,4,3.6666666666666665,Potential Loyalists
CUST-004771,1,32.33324626597034,258,3,2,2,2.3333333333333335,Other
CUST-004772,1,95.1631889990158,395,2,2,4,2.6666666666666665,At-Risk
CUST-004773,1,34.09228230381053,578,1,2,2,1.6666666666666667,At-Risk
CUST-004774,1,23.627711401855443,495,2,2,2,2.0,At-Risk
CUST-004775,2,158.84124807403722,360,2,4,4,3.3333333333333335,Other
CUST-004776,1,9.431321486570624,666,1,2,1,1.3333333333333333,At-Risk
CUST-004777,1,64.18834230437271,454,2,2,3,2.3333333333333335,At-Risk
CUST-004778,3,49.23339176420302,256,3,5,3,3.6666666666666665,Potential Loyalists
CUST-004779,2,44.4288491680875,258,3,4,3,3.3333333333333335,Potential Loyalists
CUST-004780,1,114.52733237903996,425,2,2,4,2.6666666666666665,At-Risk
CUST-004781,7,610.0029268230514,174,4,5,5,4.666666666666667,Champions
CUST-004782,2,77.31918979353559,522,1,4,3,2.6666666666666665,Other
CUST-004783,1,83.089843635675,487,2,2,4,2.6666666666666665,At-Risk
CUST-004784,1,55.8669330862706,465,2,2,3,2.3333333333333335,At-Risk
CUST-004785,2,13948.697711251705,163,4,4,5,4.333333333333333,Champions
CUST-004786,1,25.828688431141416,194,4,2,2,2.6666666666666665,Other
CUST-004787,1,20.966852806246894,448,2,2,2,2.0,At-Risk
CUST-004788,1,92.33900591697342,689,1,2,4,2.3333333333333335,At-Risk
CUST-004789,2,72.18791720070516,483,2,4,3,3.0,Other
CUST-004790,1,11.095643587121431,505,2,2,1,1.6666666666666667,At-Risk
CUST-004791,2,27.58788346144124,113,4,4,2,3.3333333333333335,Other
CUST-004792,1,2.9811729865689016,166,4,2,1,2.3333333333333335,Other
CUST-004793,1,150.02942320062243,251,3,2,4,3.0,Other
CUST-004794,1,36.32803040518113,327,3,2,2,2.3333333333333335,Other
CUST-004795,1,373.2613538554918,299,3,2,5,3.3333333333333335,Other
CUST-004796,3,71.82899933228045,217,4,5,3,4.0,Potential Loyalists
CUST-004797,3,185.6677224320951,122,4,5,5,4.666666666666667,Champions
CUST-004798,1,60.45657785736437,548,1,2,3,2.0,At-Risk
CUST-004799,2,47.906179722377786,207,4,4,3,3.6666666666666665,Potential Loyalists
CUST-004800,2,2817.3153418608113,39,5,4,5,4.666666666666667,Champions
CUST-004801,1,46.23126804808824,148,4,2,3,3.0,Other
CUST-004802,1,11.42829658946338,96,5,2,1,2.6666666666666665,Other
CUST-004803,1,93.27806201401386,39,5,2,4,3.6666666666666665,Other
CUST-004804,1,32.94171374667716,384,2,2,2,2.0,At-Risk
CUST-004805,2,131.4833131078161,351,3,4,4,3.6666666666666665,Potential Loyalists
CUST-004806,2,162.9015084599119,83,5,4,5,4.666666666666667,Champions
CUST-004807,3,374.88695935913313,197,4,5,5,4.666666666666667,Champions
CUST-004808,1,13.459134979454031,158,4,2,1,2.3333333333333335,Other
CUST-004810,2,34.42768049224203,30,5,4,2,3.6666666666666665,Other
CUST-004812,1,7.008384321984077,20,5,2,1,2.6666666666666665,Other
CUST-004813,1,100.55628932321218,221,3,2,4,3.0,Other
CUST-004814,1,6.966362144903616,476,2,2,1,1.6666666666666667,At-Risk
CUST-004815,1,11.172963632242212,427,2,2,1,1.6666666666666667,At-Risk
CUST-004816,4,158.48185580617576,312,3,5,4,4.0,Potential Loyalists
CUST-004817,1,218.48365416457125,504,2,2,5,3.0,At-Risk
CUST-004818,1,89.65329901133768,624,1,2,4,2.3333333333333335,At-Risk
CUST-004819,1,30.353046582197816,684,1,2,2,1.6666666666666667,At-Risk
CUST-004820,1,427.2852015577618,277,3,2,5,3.3333333333333335,Other
CUST-004821,3,94.48838618338085,165,4,5,4,4.333333333333333,Champions
CUST-004822,2,80.00249672885431,332,3,4,4,3.6666666666666665,Potential Loyalists
CUST-004823,1,6.161357067587187,50,5,2,1,2.6666666666666665,Other
CUST-004824,1,82.17635533765491,28,5,2,4,3.6666666666666665,Other
CUST-004825,1,17.6056207661435,179,4,2,1,2.3333333333333335,Other
CUST-004826,1,1.9662351192118168,455,2,2,1,1.6666666666666667,At-Risk
CUST-004827,1,13.315577617974212,261,3,2,1,2.0,Other
CUST-004828,2,434.23189254253185,8,5,4,5,4.666666666666667,Champions
CUST-004829,1,16.236402310313636,413,2,2,1,1.6666666666666667,At-Risk
CUST-004830,1,17.01813409152656,279,3,2,1,2.0,Other
CUST-004831,1,1527.8376934181429,554,1,2,5,2.6666666666666665,At-Risk
CUST-004832,1,68.38449171649587,313,3,2,3,2.6666666666666665,Other
CUST-004833,1,79.34619198450011,78,5,2,3,3.3333333333333335,Other
CUST-004834,1,15.81502166384214,454,2,2,1,1.6666666666666667,At-Risk
CUST-004835,1,6692.496493102558,346,3,2,5,3.3333333333333335,Other
CUST-004836,1,40.81318998646104,532,1,2,2,1.6666666666666667,At-Risk
CUST-004837,1,87.72616768688522,272,3,2,4,3.0,Other
CUST-004838,3,89.53953044625042,109,4,5,4,4.333333333333333,Champions
CUST-004839,1,13.014596673076811,515,2,2,1,1.6666666666666667,At-Risk
CUST-004840,2,12242.214712215306,29,5,4,5,4.666666666666667,Champions
CUST-004841,1,96.67117702659858,577,1,2,4,2.3333333333333335,At-Risk
CUST-004842,3,371.7406907728527,37,5,5,5,5.0,Champions
CUST-004843,1,116.87256947534082,0,5,2,4,3.6666666666666665,Other
CUST-004844,1,10.756558469913514,74,5,2,1,2.6666666666666665,Other
CUST-004845,1,128.79845634189314,683,1,2,4,2.3333333333333335,At-Risk
CUST-004846,1,8.8349883848985,296,3,2,1,2.0,Other
CUST-004847,2,26.022777309842937,302,3,4,2,3.0,Other
CUST-004848,1,11.624092344972029,94,5,2,1,2.6666666666666665,Other
CUST-004849,1,9.82755190198293,124,4,2,1,2.3333333333333335,Other
CUST-004850,2,434.3660891999069,1,5,4,5,4.666666666666667,Champions
CUST-004851,1,16.209464018090596,384,2,2,1,1.6666666666666667,At-Risk
CUST-004852,1,29.32226797100106,616,1,2,2,1.6666666666666667,At-Risk
CUST-004853,1,90.94800328354496,67,5,2,4,3.6666666666666665,Other
CUST-004854,2,104.17520722982526,156,4,4,4,4.0,Champions
CUST-004855,2,121.16261813491833,559,1,4,4,3.0,Other
CUST-004856,2,228.0996779511067,315,3,4,5,4.0,Potential Loyalists
CUST-004857,1,16.032526256535938,141,4,2,1,2.3333333333333335,Other
CUST-004858,2,671.8051931997588,349,3,4,5,4.0,Potential Loyalists
CUST-004859,1,230.37893134764505,341,3,2,5,3.3333333333333335,Other
CUST-004860,2,176.0773266652837,136,4,4,5,4.333333333333333,Champions
CUST-004861,1,45.91225787222754,194,4,2,3,3.0,Other
CUST-004862,1,215.1536534486878,330,3,2,5,3.3333333333333335,Other
CUST-004863,1,16.238632564889592,163,4,2,1,2.3333333333333335,Other
CUST-004864,1,288.53168837559394,276,3,2,5,3.3333333333333335,Other
CUST-004865,1,131.46161174002967,277,3,2,4,3.0,Other
CUST-004866,1,17.725150305925833,219,4,2,1,2.3333333333333335,Other
CUST-004867,1,41.56016522302098,176,4,2,3,3.0,Other
CUST-004868,1,204.9403123720067,721,1,2,5,2.6666666666666665,At-Risk
CUST-004869,1,112.02639028824512,434,2,2,4,2.6666666666666665,At-Risk
CUST-004870,3,100.62479466147421,267,3,5,4,4.0,Potential Loyalists
CUST-004871,1,48.260417860321944,304,3,2,3,2.6666666666666665,Other
CUST-004872,1,263.40072937168134,469,2,2,5,3.0,At-Risk
CUST-004873,1,163.65788661475037,15,5,2,5,4.0,Other
CUST-004874,3,328.59183821241317,92,5,5,5,5.0,Champions
CUST-004875,1,18.10855243621721,566,1,2,1,1.3333333333333333,At-Risk
CUST-004876,5,418.44243934725455,307,3,5,5,4.333333333333333,Potential Loyalists
CUST-004877,3,127.79883765793053,118,4,5,4,4.333333333333333,Champions
CUST-004878,1,108.06631819226186,127,4,2,4,3.3333333333333335,Other
CUST-004879,1,34.55363695496171,650,1,2,2,1.6666666666666667,At-Risk
CUST-004880,1,12.7168836083584,12,5,2,1,2.6666666666666665,Other
CUST-004881,1,11.031527643849186,685,1,2,1,1.3333333333333333,At-Risk
CUST-004882,1,18.748357648372547,181,4,2,1,2.3333333333333335,Other
CUST-004883,1,1.4904029166674797,327,3,2,1,2.0,Other
CUST-004884,2,161.03068263294534,530,1,4,5,3.3333333333333335,Other
CUST-004885,1,81.53010076683006,442,2,2,4,2.6666666666666665,At-Risk
CUST-004886,1,14.880857405064647,335,3,2,1,2.0,Other
CUST-004887,2,81.29104590967387,405,2,4,4,3.3333333333333335,Other
CUST-004888,3,92.00518196252662,68,5,5,4,4.666666666666667,Champions
CUST-004889,2,97.95478954740956,70,5,4,4,4.333333333333333,Champions
CUST-004891,1,13.548513349579888,73,5,2,1,2.6666666666666665,Other
CUST-004892,2,7525.430396054081,284,3,4,5,4.0,Potential Loyalists
CUST-004893,2,78.78464647317251,30,5,4,3,4.0,Potential Loyalists
CUST-004894,2,55.08032944443133,39,5,4,3,4.0,Potential Loyalists
CUST-004895,1,77.06054289343976,307,3,2,3,2.6666666666666665,Other
CUST-004896,3,207.975201803041,1,5,5,5,5.0,Champions
CUST-004897,1,67.15358614747741,587,1,2,3,2.0,At-Risk
CUST-004898,3,48.3954548698924,85,5,5,3,4.333333333333333,Potential Loyalists
CUST-004899,1,71.1523139847934,19,5,2,3,3.3333333333333335,Other
CUST-004900,1,20.267190325556076,561,1,2,2,1.6666666666666667,At-Risk
CUST-004901,1,213.3766423668293,335,3,2,5,3.3333333333333335,Other
CUST-004902,1,14.68320321556145,75,5,2,1,2.6666666666666665,Other
CUST-004903,1,83.73557920275347,551,1,2,4,2.3333333333333335,At-Risk
CUST-004904,1,28.905425632918025,270,3,2,2,2.3333333333333335,Other
CUST-004905,2,223.6463487193545,142,4,4,5,4.333333333333333,Champions
CUST-004906,1,35.988242427708855,400,2,2,2,2.0,At-Risk
CUST-004907,2,283.86218097397983,648,1,4,5,3.3333333333333335,Other
CUST-004908,1,8.404450075269777,623,1,2,1,1.3333333333333333,At-Risk
CUST-004909,1,5.904540151266879,173,4,2,1,2.3333333333333335,Other
CUST-004910,2,36.661570735881455,220,4,4,2,3.3333333333333335,Other
CUST-004911,2,160.34333674766498,271,3,4,4,3.6666666666666665,Potential Loyalists
CUST-004912,2,36.9381289579291,556,1,4,2,2.3333333333333335,Other
CUST-004913,2,31.52487082886956,572,1,4,2,2.3333333333333335,Other
CUST-004914,1,39.49935756110701,623,1,2,2,1.6666666666666667,At-Risk
CUST-004915,1,145.2004572227948,102,5,2,4,3.6666666666666665,Other
CUST-004916,1,12.69563898919558,541,1,2,1,1.3333333333333333,At-Risk
CUST-004917,1,33.98427030841076,266,3,2,2,2.3333333333333335,Other
CUST-004918,3,55.74240598550787,509,2,5,3,3.3333333333333335,Other
CUST-004919,1,497.29741541203174,501,2,2,5,3.0,At-Risk
CUST-004920,1,12.698173613678875,539,1,2,1,1.3333333333333333,At-Risk
CUST-004921,1,21.30429717513207,19,5,2,2,3.0,Other
CUST-004922,1,13.7642928008208,640,1,2,1,1.3333333333333333,At-Risk
CUST-004923,2,21.942840536640787,29,5,4,2,3.6666666666666665,Other
CUST-004924,1,50.82546922471834,328,3,2,3,2.6666666666666665,Other
CUST-004925,1,73.31754902090805,648,1,2,3,2.0,At-Risk
CUST-004926,1,33.246280005176004,143,4,2,2,2.6666666666666665,Other
CUST-004927,3,65.61258065101075,173,4,5,3,4.0,Potential Loyalists
CUST-004928,2,290.0506506223163,130,4,4,5,4.333333333333333,Champions
CUST-004929,2,59.09327370228695,114,4,4,3,3.6666666666666665,Potential Loyalists
CUST-004930,1,13.926509238076637,44,5,2,1,2.6666666666666665,Other
CUST-004931,1,38.80590821540114,576,1,2,2,1.6666666666666667,At-Risk
CUST-004932,3,199.37231298013307,430,2,5,5,4.0,Other
CUST-004933,2,139.71713870064596,374,2,4,4,3.3333333333333335,Other
CUST-004934,2,63.32872419711408,237,3,4,3,3.3333333333333335,Potential Loyalists
CUST-004935,1,394.40234961702015,610,1,2,5,2.6666666666666665,At-Risk
CUST-004936,1,18.222930079494024,319,3,2,1,2.0,Other
CUST-004937,1,20.874248699180164,179,4,2,2,2.6666666666666665,Other
CUST-004938,1,191.98924419201876,331,3,2,5,3.3333333333333335,Other
CUST-004939,1,6752.369552247415,458,2,2,5,3.0,At-Risk
CUST-004940,2,54.36443548026404,199,4,4,3,3.6666666666666665,Potential Loyalists
CUST-004941,2,38.57834141130194,444,2,4,2,2.6666666666666665,Other
CUST-004942,2,55.675181838717705,373,2,4,3,3.0,Other
CUST-004943,2,379.4373680056689,316,3,4,5,4.0,Potential Loyalists
CUST-004944,2,55.263551651156014,37,5,4,3,4.0,Potential Loyalists
CUST-004945,2,154.02258609774583,154,4,4,4,4.0,Champions
CUST-004946,2,69.82353144204554,45,5,4,3,4.0,Potential Loyalists
CUST-004947,3,271.8834184576873,336,3,5,5,4.333333333333333,Potential Loyalists
CUST-004948,1,2.0874748320706713,551,1,2,1,1.3333333333333333,At-Risk
CUST-004949,1,94.63527268636888,688,1,2,4,2.3333333333333335,At-Risk
CUST-004950,1,26.374725122626025,575,1,2,2,1.6666666666666667,At-Risk
CUST-004951,1,2.8004180046113416,702,1,2,1,1.3333333333333333,At-Risk
CUST-004952,2,102.7872042793219,82,5,4,4,4.333333333333333,Champions
CUST-004953,1,108.71941280274756,291,3,2,4,3.0,Other
CUST-004954,1,56.41302970867905,25,5,2,3,3.3333333333333335,Other
CUST-004955,1,34.812659668083676,681,1,2,2,1.6666666666666667,At-Risk
CUST-004956,1,165.42649598804763,533,1,2,5,2.6666666666666665,At-Risk
CUST-004957,1,16.458272819777264,129,4,2,1,2.3333333333333335,Other
CUST-004958,1,53.33805064019656,641,1,2,3,2.0,At-Risk
CUST-004959,3,138.27771506620337,404,2,5,4,3.6666666666666665,Other
CUST-004960,1,66.66384704117013,715,1,2,3,2.0,At-Risk
CUST-004961,1,19.582980024157507,644,1,2,2,1.6666666666666667,At-Risk
CUST-004962,1,18.996298856064534,407,2,2,2,2.0,At-Risk
CUST-004963,1,31.161983745148294,414,2,2,2,2.0,At-Risk
CUST-004964,1,27.703238500575477,161,4,2,2,2.6666666666666665,Other
CUST-004965,2,13.118142190734922,600,1,4,1,2.0,Other
CUST-004966,1,77.63021487939702,579,1,2,3,2.0,At-Risk
CUST-004967,2,90.13833591356887,609,1,4,4,3.0,Other
CUST-004968,1,18.769335809677496,356,3,2,1,2.0,Other
CUST-004969,3,67.2053212585808,209,4,5,3,4.0,Potential Loyalists
CUST-004970,1,12.022989189386225,522,1,2,1,1.3333333333333333,At-Risk
CUST-004971,2,5580.466160195115,362,2,4,5,3.6666666666666665,Other
CUST-004972,2,17.455390593835837,136,4,4,1,3.0,Other
CUST-004973,1,244.8519937907626,654,1,2,5,2.6666666666666665,At-Risk
CUST-004974,2,76.12839636369917,95,5,4,3,4.0,Potential Loyalists
CUST-004975,1,7.83800303854023,643,1,2,1,1.3333333333333333,At-Risk
CUST-004976,1,24.466456944929043,165,4,2,2,2.6666666666666665,Other
CUST-004977,3,430.43867223610886,266,3,5,5,4.333333333333333,Potential Loyalists
CUST-004978,1,15.825148426647765,131,4,2,1,2.3333333333333335,Other
CUST-004979,1,8.736018728240223,676,1,2,1,1.3333333333333333,At-Risk
CUST-004980,2,287.10294311492146,54,5,4,5,4.666666666666667,Champions
CUST-004981,2,253.37638979874316,49,5,4,5,4.666666666666667,Champions
CUST-004982,1,48.29793503460392,395,2,2,3,2.3333333333333335,At-Risk
CUST-004983,1,15.34987546761368,594,1,2,1,1.3333333333333333,At-Risk
CUST-004984,1,3.0007654258858354,47,5,2,1,2.6666666666666665,Other
CUST-004985,1,122.01240958188342,454,2,2,4,2.6666666666666665,At-Risk
CUST-004986,1,12.453674735378314,30,5,2,1,2.6666666666666665,Other
CUST-004987,2,128.77542208742219,298,3,4,4,3.6666666666666665,Potential Loyalists
CUST-004988,2,28.208860852794665,127,4,4,2,3.3333333333333335,Other
CUST-004989,2,93.34206009422053,384,2,4,4,3.3333333333333335,Other
CUST-004990,1,26.0907973791814,239,3,2,2,2.3333333333333335,Other
CUST-004991,1,9.895141831859045,266,3,2,1,2.0,Other
CUST-004992,1,87.09993231895353,416,2,2,4,2.6666666666666665,At-Risk
CUST-004993,2,206.9801539814049,78,5,4,5,4.666666666666667,Champions
CUST-004994,1,43.403828558348955,453,2,2,3,2.3333333333333335,At-Risk
CUST-004995,2,522.6396636336717,509,2,4,5,3.6666666666666665,Other
CUST-004996,1,110.2406846128828,560,1,2,4,2.3333333333333335,At-Risk
CUST-004997,1,59.02311852577405,577,1,2,3,2.0,At-Risk
CUST-004998,2,187.8294035308463,537,1,4,5,3.3333333333333335,Other
CUST-004999,2,118.0744169739909,93,5,4,4,4.333333333333333,Champions
CUST-005000,1,396.33392493421775,594,1,2,5,2.6666666666666665,At-Risk
CUST-005001,2,122.99550939327537,511,2,4,4,3.3333333333333335,Other
CUST-005002,1,50.58777229272859,294,3,2,3,2.6666666666666665,Other
CUST-005003,3,95.00872507786531,218,4,5,4,4.333333333333333,Champions
CUST-005004,1,3.2876523414723575,129,4,2,1,2.3333333333333335,Other
CUST-005005,2,93.04319174488653,314,3,4,4,3.6666666666666665,Potential Loyalists
CUST-005006,2,65.17636376049239,705,1,4,3,2.6666666666666665,Other
CUST-005007,1,379.72403796612286,158,4,2,5,3.6666666666666665,Other
CUST-005008,1,133.42900452087372,145,4,2,4,3.3333333333333335,Other
CUST-005009,1,16.797808650375632,49,5,2,1,2.6666666666666665,Other
CUST-005010,1,29.942146956211875,709,1,2,2,1.6666666666666667,At-Risk
CUST-005011,2,175.81600508598567,642,1,4,5,3.3333333333333335,Other
CUST-005012,1,49.790293989340014,488,2,2,3,2.3333333333333335,At-Risk
CUST-005013,1,35.90826411987796,213,4,2,2,2.6666666666666665,Other
CUST-005014,1,90.67954977022836,435,2,2,4,2.6666666666666665,At-Risk
CUST-005015,1,10.826714642654393,649,1,2,1,1.3333333333333333,At-Risk
CUST-005016,1,11.71356887587086,192,4,2,1,2.3333333333333335,Other
CUST-005017,3,110.49593263499297,71,5,5,4,4.666666666666667,Champions
CUST-005018,2,183.26032795542542,59,5,4,5,4.666666666666667,Champions
CUST-005019,1,40.39510465846221,708,1,2,2,1.6666666666666667,At-Risk
CUST-005020,1,34.65135117263939,663,1,2,2,1.6666666666666667,At-Risk
CUST-005021,1,65.36028960009882,202,4,2,3,3.0,Other
CUST-005022,2,517.2116743235985,10,5,4,5,4.666666666666667,Champions
CUST-005023,1,141.11062698041678,542,1,2,4,2.3333333333333335,At-Risk
CUST-005024,1,10.8614685332026,108,4,2,1,2.3333333333333335,Other
CUST-005025,1,24.43721099319393,667,1,2,2,1.6666666666666667,At-Risk
CUST-005026,1,29.11019615510638,338,3,2,2,2.3333333333333335,Other
CUST-005027,1,85.55586946249797,285,3,2,4,3.0,Other
CUST-005028,1,22.88430989324251,652,1,2,2,1.6666666666666667,At-Risk
CUST-005029,1,79.96137043906184,605,1,2,3,2.0,At-Risk
CUST-005030,2,32.55257159113229,365,2,4,2,2.6666666666666665,Other
CUST-005031,1,27.86403475966181,136,4,2,2,2.6666666666666665,Other
CUST-005032,2,48.18967614840197,15,5,4,3,4.0,Potential Loyalists
CUST-005033,1,29.722364217813,540,1,2,2,1.6666666666666667,At-Risk
CUST-005034,1,17.519734912648676,558,1,2,1,1.3333333333333333,At-Risk
CUST-005035,1,16.703050795092953,435,2,2,1,1.6666666666666667,At-Risk
CUST-005036,1,33.309235668006686,193,4,2,2,2.6666666666666665,Other
CUST-005037,2,134.97095812529724,279,3,4,4,3.6666666666666665,Potential Loyalists
CUST-005038,3,170.97332388306347,71,5,5,5,5.0,Champions
CUST-005039,1,53.78820996502202,418,2,2,3,2.3333333333333335,At-Risk
CUST-005040,2,193.67077612134972,130,4,4,5,4.333333333333333,Champions
CUST-005041,1,45.934016736465765,599,1,2,3,2.0,At-Risk
CUST-005042,2,31.894291447817334,216,4,4,2,3.3333333333333335,Other
CUST-005043,1,133.52666629953444,587,1,2,4,2.3333333333333335,At-Risk
CUST-005044,3,391.3816811773294,286,3,5,5,4.333333333333333,Potential Loyalists
CUST-005045,1,37.92108635525684,396,2,2,2,2.0,At-Risk
CUST-005046,1,16.424290433609443,58,5,2,1,2.6666666666666665,Other
CUST-005047,1,11.487564435305467,726,1,2,1,1.3333333333333333,At-Risk
CUST-005048,3,113.3903348519991,268,3,5,4,4.0,Potential Loyalists
CUST-005049,2,67.10002824392397,233,3,4,3,3.3333333333333335,Potential Loyalists
CUST-005050,1,34.78774752317031,365,2,2,2,2.0,At-Risk
CUST-005051,1,104.48189324278027,204,4,2,4,3.3333333333333335,Other
CUST-005052,3,136.89331227872168,57,5,5,4,4.666666666666667,Champions
CUST-005053,1,94.06965987127442,658,1,2,4,2.3333333333333335,At-Risk
CUST-005054,1,26.358010746135196,510,2,2,2,2.0,At-Risk
CUST-005055,3,195.40212020431534,223,3,5,5,4.333333333333333,Potential Loyalists
CUST-005056,2,123.58982230517219,201,4,4,4,4.0,Champions
CUST-005057,2,29.580532817140497,168,4,4,2,3.3333333333333335,Other
CUST-005058,2,283.3204386719573,370,2,4,5,3.6666666666666665,Other
CUST-005059,1,256.14738184385374,486,2,2,5,3.0,At-Risk
CUST-005060,2,55.03834529328373,185,4,4,3,3.6666666666666665,Potential Loyalists
CUST-005061,2,63.15709549771836,183,4,4,3,3.6666666666666665,Potential Loyalists
CUST-005062,1,34.65320693167934,365,2,2,2,2.0,At-Risk
CUST-005063,1,9.099502966020644,445,2,2,1,1.6666666666666667,At-Risk
CUST-005064,3,152.7970749322615,322,3,5,4,4.0,Potential Loyalists
CUST-005065,1,21.75824493719255,429,2,2,2,2.0,At-Risk
CUST-005066,1,98.32228740893964,455,2,2,4,2.6666666666666665,At-Risk
CUST-005067,1,16.382026759905592,186,4,2,1,2.3333333333333335,Other
CUST-005068,2,38.043296003308775,91,5,4,2,3.6666666666666665,Other
CUST-005069,3,115.73684632663344,221,3,5,4,4.0,Potential Loyalists
CUST-005070,1,26.89084211884812,649,1,2,2,1.6666666666666667,At-Risk
CUST-005071,1,16.12338587638595,11,5,2,1,2.6666666666666665,Other
CUST-005072,1,86.13850940988544,70,5,2,4,3.6666666666666665,Other
CUST-005073,1,14.260054209416682,703,1,2,1,1.3333333333333333,At-Risk
CUST-005074,2,111.90623056698391,172,4,4,4,4.0,Champions
CUST-005075,2,37.21627816577868,30,5,4,2,3.6666666666666665,Other
CUST-005076,2,37.60298970498926,472,2,4,2,2.6666666666666665,Other
CUST-005077,1,58.829884410139975,657,1,2,3,2.0,At-Risk
CUST-005078,1,19.21548623223653,221,3,2,2,2.3333333333333335,Other
CUST-005079,2,74.62264745759961,457,2,4,3,3.0,Other
CUST-005080,1,301.0789878848736,524,1,2,5,2.6666666666666665,At-Risk
CUST-005081,1,70.31058105628043,14,5,2,3,3.3333333333333335,Other
CUST-005082,1,20.51503426662551,263,3,2,2,2.3333333333333335,Other
CUST-005083,1,6.400787211217843,378,2,2,1,1.6666666666666667,At-Risk
CUST-005084,2,60.316359474201576,204,4,4,3,3.6666666666666665,Potential Loyalists
CUST-005085,2,29.367613581926662,217,4,4,2,3.3333333333333335,Other
CUST-005086,3,11736.709266147609,342,3,5,5,4.333333333333333,Potential Loyalists
CUST-005087,1,139.07745224343063,507,2,2,4,2.6666666666666665,At-Risk
CUST-005088,1,54.32126738201357,312,3,2,3,2.6666666666666665,Other
CUST-005089,2,77.16662151182615,352,3,4,3,3.3333333333333335,Potential Loyalists
CUST-005090,1,7091.68551392279,380,2,2,5,3.0,At-Risk
CUST-005091,1,14.136780597627045,482,2,2,1,1.6666666666666667,At-Risk
CUST-005092,1,50.985878672688315,108,4,2,3,3.0,Other
CUST-005093,1,14.66124092444007,381,2,2,1,1.6666666666666667,At-Risk
CUST-005094,3,109.36319913679512,284,3,5,4,4.0,Potential Loyalists
CUST-005095,1,21.47779007513138,145,4,2,2,2.6666666666666665,Other
CUST-005096,1,5157.9367687310105,650,1,2,5,2.6666666666666665,At-Risk
CUST-005097,1,56.44391878311659,690,1,2,3,2.0,At-Risk
CUST-005098,2,237.0350195842227,122,4,4,5,4.333333333333333,Champions
CUST-005099,1,25.13700322775739,502,2,2,2,2.0,At-Risk
CUST-005100,1,15.51305516265805,229,3,2,1,2.0,Other
CUST-005101,1,2.37115142568475,441,2,2,1,1.6666666666666667,At-Risk
CUST-005102,2,177.11809966645322,146,4,4,5,4.333333333333333,Champions
CUST-005103,2,9.613112171014258,128,4,4,1,3.0,Other
CUST-005104,2,9872.774388150228,471,2,4,5,3.6666666666666665,Other
CUST-005105,2,119.34079140772222,531,1,4,4,3.0,Other
CUST-005106,3,79.13055195952136,72,5,5,3,4.333333333333333,Potential Loyalists
CUST-005107,1,7.320761992730118,454,2,2,1,1.6666666666666667,At-Risk
CUST-005108,1,52.6396926610424,58,5,2,3,3.3333333333333335,Other
CUST-005109,2,221.29222736015072,673,1,4,5,3.3333333333333335,Other
CUST-005110,2,135.67092369958752,54,5,4,4,4.333333333333333,Champions
CUST-005111,3,108.89655745978467,261,3,5,4,4.0,Potential Loyalists
CUST-005112,1,59.015719093075,458,2,2,3,2.3333333333333335,At-Risk
CUST-005113,1,47.579940897751875,722,1,2,3,2.0,At-Risk
CUST-005114,1,236.53943337105812,212,4,2,5,3.6666666666666665,Other
CUST-005115,1,40.91581152537413,584,1,2,2,1.6666666666666667,At-Risk
CUST-005116,2,49.30456665051329,460,2,4,3,3.0,Other
CUST-005117,2,144.89416847825777,104,5,4,4,4.333333333333333,Champions
CUST-005118,1,27.046932752139252,469,2,2,2,2.0,At-Risk
CUST-005119,1,76.0524809965751,228,3,2,3,2.6666666666666665,Other
CUST-005120,2,366.83331972602093,141,4,4,5,4.333333333333333,Champions
CUST-005121,1,31.99466385445808,375,2,2,2,2.0,At-Risk
CUST-005122,1,82.2881448175539,513,2,2,4,2.6666666666666665,At-Risk
CUST-005123,2,86.97080305630777,290,3,4,4,3.6666666666666665,Potential Loyalists
CUST-005124,1,21.191491463747653,199,4,2,2,2.6666666666666665,Other
CUST-005125,3,321.1925360762188,76,5,5,5,5.0,Champions
CUST-005126,1,16.06015626244496,425,2,2,1,1.6666666666666667,At-Risk
CUST-005127,4,107.88648064141164,105,5,5,4,4.666666666666667,Champions
CUST-005128,1,36.39879357804664,318,3,2,2,2.3333333333333335,Other
CUST-005129,1,172.58475760798882,492,2,2,5,3.0,At-Risk
CUST-005130,1,4.716557481838373,252,3,2,1,2.0,Other
CUST-005131,1,14.993661021364664,178,4,2,1,2.3333333333333335,Other
CUST-005132,2,35.59228217811819,26,5,4,2,3.6666666666666665,Other
CUST-005133,2,174.07231324007046,300,3,4,5,4.0,Potential Loyalists
CUST-005134,1,19.907681523880132,264,3,2,2,2.3333333333333335,Other
CUST-005135,2,55.39753453966083,471,2,4,3,3.0,Other
CUST-005136,1,323.0284561837506,728,1,2,5,2.6666666666666665,At-Risk
CUST-005137,3,104.46520855525742,104,5,5,4,4.666666666666667,Champions
CUST-005138,1,20.53931473336759,469,2,2,2,2.0,At-Risk
CUST-005139,1,57.91196845719358,9,5,2,3,3.3333333333333335,Other
CUST-005140,1,8.36113982613463,649,1,2,1,1.3333333333333333,At-Risk
CUST-005141,1,184.10998303319712,224,3,2,5,3.3333333333333335,Other
CUST-005142,2,137.53932632380736,463,2,4,4,3.3333333333333335,Other
CUST-005143,2,50.46333214109818,444,2,4,3,3.0,Other
CUST-005145,1,20.407621916406292,14,5,2,2,3.0,Other
CUST-005146,1,41.16984471906328,576,1,2,2,1.6666666666666667,At-Risk
CUST-005147,1,16.783986984220462,481,2,2,1,1.6666666666666667,At-Risk
CUST-005148,1,84.84781193916044,523,1,2,4,2.3333333333333335,At-Risk
CUST-005149,1,226.6840542090929,324,3,2,5,3.3333333333333335,Other
CUST-005150,1,878.3022656706097,543,1,2,5,2.6666666666666665,At-Risk
CUST-005151,2,116.24614406937897,20,5,4,4,4.333333333333333,Champions
CUST-005152,1,32.174313233766625,498,2,2,2,2.0,At-Risk
CUST-005153,1,20.2639501465764,429,2,2,2,2.0,At-Risk
CUST-005154,1,48.9895267992545,40,5,2,3,3.3333333333333335,Other
CUST-005155,2,231.98938978753642,535,1,4,5,3.3333333333333335,Other
CUST-005157,1,11.212240803023665,361,2,2,1,1.6666666666666667,At-Risk
CUST-005158,1,23.769071670161143,551,1,2,2,1.6666666666666667,At-Risk
CUST-005159,2,67.05916682112166,486,2,4,3,3.0,Other
CUST-005160,1,77.39385618750661,28,5,2,3,3.3333333333333335,Other
CUST-005161,2,123.60933438059169,50,5,4,4,4.333333333333333,Champions
CUST-005162,2,204.92517327068398,159,4,4,5,4.333333333333333,Champions
CUST-005163,3,102.15527133666339,278,3,5,4,4.0,Potential Loyalists
CUST-005164,1,807.7328178741511,202,4,2,5,3.6666666666666665,Other
CUST-005165,2,1083.2562896179052,315,3,4,5,4.0,Potential Loyalists
CUST-005166,1,114.83464522163948,110,4,2,4,3.3333333333333335,Other
CUST-005167,2,195.1844041487522,67,5,4,5,4.666666666666667,Champions
CUST-005168,2,30.75276227919815,174,4,4,2,3.3333333333333335,Other
CUST-005169,1,134.3655691264533,691,1,2,4,2.3333333333333335,At-Risk
CUST-005170,1,83.54229933974464,629,1,2,4,2.3333333333333335,At-Risk
CUST-005171,1,10.435452307398,516,2,2,1,1.6666666666666667,At-Risk
CUST-005172,1,62.89444821769337,445,2,2,3,2.3333333333333335,At-Risk
CUST-005173,2,67.64819522872921,384,2,4,3,3.0,Other
CUST-005174,1,5.169832712468318,546,1,2,1,1.3333333333333333,At-Risk
CUST-005175,1,5.603836576860681,144,4,2,1,2.3333333333333335,Other
CUST-005176,2,18.512439712656548,222,3,4,1,2.6666666666666665,Other
CUST-005177,1,42.79080511852452,413,2,2,3,2.3333333333333335,At-Risk
CUST-005178,2,93.98830546460925,390,2,4,4,3.3333333333333335,Other
CUST-005179,3,137.47170538065816,0,5,5,4,4.666666666666667,Champions
CUST-005180,3,14732.99056757703,167,4,5,5,4.666666666666667,Champions
CUST-005181,1,41.56096032912492,60,5,2,3,3.3333333333333335,Other
CUST-005182,1,23.164320556225537,549,1,2,2,1.6666666666666667,At-Risk
CUST-005184,1,121.74488259738274,489,2,2,4,2.6666666666666665,At-Risk
CUST-005185,3,55.20655559186271,32,5,5,3,4.333333333333333,Potential Loyalists
CUST-005186,3,152.32748208595126,21,5,5,4,4.666666666666667,Champions
CUST-005187,1,36.07839554017847,698,1,2,2,1.6666666666666667,At-Risk
CUST-005188,1,98.09183969664716,623,1,2,4,2.3333333333333335,At-Risk
CUST-005189,2,23.093817578853866,123,4,4,2,3.3333333333333335,Other
CUST-005190,3,1017.0600843802865,76,5,5,5,5.0,Champions
CUST-005191,1,19.0687492638945,662,1,2,2,1.6666666666666667,At-Risk
CUST-005192,1,23.906770418581072,171,4,2,2,2.6666666666666665,Other
CUST-005193,1,67.2140467639033,639,1,2,3,2.0,At-Risk
CUST-005194,1,86.60089990198426,84,5,2,4,3.6666666666666665,Other
CUST-005195,1,94.06171630239736,111,4,2,4,3.3333333333333335,Other
CUST-005196,1,16.776008856010577,513,2,2,1,1.6666666666666667,At-Risk
CUST-005197,1,32.15298709190662,462,2,2,2,2.0,At-Risk
CUST-005198,2,30.97939631960453,263,3,4,2,3.0,Other
CUST-005199,1,91.66380366313236,680,1,2,4,2.3333333333333335,At-Risk
CUST-005200,1,33.18273085227059,69,5,2,2,3.0,Other
CUST-005201,1,44.08319302130644,491,2,2,3,2.3333333333333335,At-Risk
CUST-005202,2,279.42739203337896,158,4,4,5,4.333333333333333,Champions
CUST-005203,1,17.29020147316262,102,5,2,1,2.6666666666666665,Other
CUST-005204,2,66.4307528778819,29,5,4,3,4.0,Potential Loyalists
CUST-005205,1,60.08357537830907,229,3,2,3,2.6666666666666665,Other
CUST-005206,1,9032.13477966262,555,1,2,5,2.6666666666666665,At-Risk
CUST-005207,1,758.9487110881151,623,1,2,5,2.6666666666666665,At-Risk
CUST-005208,2,97.2672471818864,346,3,4,4,3.6666666666666665,Potential Loyalists
CUST-005209,3,196.6309934510644,159,4,5,5,4.666666666666667,Champions
CUST-005210,2,6853.245482314769,189,4,4,5,4.333333333333333,Champions
CUST-005211,1,24.659934024581325,514,2,2,2,2.0,At-Risk
CUST-005212,1,76.69568838671533,296,3,2,3,2.6666666666666665,Other
CUST-005213,1,13.596930193642333,14,5,2,1,2.6666666666666665,Other
CUST-005214,2,849.9703257244731,208,4,4,5,4.333333333333333,Champions
CUST-005215,1,75.28137645104204,590,1,2,3,2.0,At-Risk
CUST-005216,1,137.87430806516102,725,1,2,4,2.3333333333333335,At-Risk
CUST-005217,1,84.29077469294353,405,2,2,4,2.6666666666666665,At-Risk
CUST-005218,1,11916.558666145494,135,4,2,5,3.6666666666666665,Other
CUST-005219,1,1.993402678744432,504,2,2,1,1.6666666666666667,At-Risk
CUST-005220,1,41.45369347028012,254,3,2,3,2.6666666666666665,Other
CUST-005221,1,165.187234233751,116,4,2,5,3.6666666666666665,Other
CUST-005223,2,94.6736731885329,340,3,4,4,3.6666666666666665,Potential Loyalists
CUST-005224,3,487.7087823220856,256,3,5,5,4.333333333333333,Potential Loyalists
CUST-005225,1,34.44567397367349,183,4,2,2,2.6666666666666665,Other
CUST-005226,1,25.107005907954704,515,2,2,2,2.0,At-Risk
CUST-005227,1,36.7078639258562,507,2,2,2,2.0,At-Risk
CUST-005228,1,2.197410548429247,590,1,2,1,1.3333333333333333,At-Risk
CUST-005229,1,395.6452210427528,618,1,2,5,2.6666666666666665,At-Risk
CUST-005230,2,59.71331168946494,151,4,4,3,3.6666666666666665,Potential Loyalists
CUST-005231,1,56.7739285426796,415,2,2,3,2.3333333333333335,At-Risk
CUST-005232,2,159.01452848225716,116,4,4,4,4.0,Champions
CUST-005233,4,154.3170604563594,218,4,5,4,4.333333333333333,Champions
CUST-005234,2,53.91498261756033,230,3,4,3,3.3333333333333335,Potential Loyalists
CUST-005235,1,28.694587196127745,510,2,2,2,2.0,At-Risk
CUST-005236,1,4.742939843558453,71,5,2,1,2.6666666666666665,Other
CUST-005237,1,212.17836866443344,424,2,2,5,3.0,At-Risk
CUST-005238,3,387.100410651498,15,5,5,5,5.0,Champions
CUST-005239,2,105.83446834708678,118,4,4,4,4.0,Champions
CUST-005240,1,12.336898055438407,250,3,2,1,2.0,Other
CUST-005241,2,276.30154952477574,123,4,4,5,4.333333333333333,Champions
CUST-005242,2,109.76405117069929,61,5,4,4,4.333333333333333,Champions
CUST-005243,2,262.97299566369867,530,1,4,5,3.3333333333333335,Other
CUST-005244,3,412.79046669526645,207,4,5,5,4.666666666666667,Champions
CUST-005245,2,5568.27114191465,45,5,4,5,4.666666666666667,Champions
CUST-005246,1,33.08730345577788,469,2,2,2,2.0,At-Risk
CUST-005247,1,107.91765131720736,336,3,2,4,3.0,Other
CUST-005248,2,74.282492330288,178,4,4,3,3.6666666666666665,Potential Loyalists
CUST-005249,2,102.50231987233363,129,4,4,4,4.0,Champions
CUST-005250,3,116.24205147033507,153,4,5,4,4.333333333333333,Champions
CUST-005251,1,34.68253801949724,251,3,2,2,2.3333333333333335,Other
CUST-005252,2,104.58771085440219,253,3,4,4,3.6666666666666665,Potential Loyalists
CUST-005253,2,32.780776526418194,378,2,4,2,2.6666666666666665,Other
CUST-005254,1,283.1165833121393,166,4,2,5,3.6666666666666665,Other
CUST-005255,1,23.794837179213687,35,5,2,2,3.0,Other
CUST-005256,1,5.934072472510028,28,5,2,1,2.6666666666666665,Other
CUST-005257,2,111.61283802923379,314,3,4,4,3.6666666666666665,Potential Loyalists
CUST-005258,1,6.226666930703856,645,1,2,1,1.3333333333333333,At-Risk
CUST-005259,3,13016.7709932936,39,5,5,5,5.0,Champions
CUST-005260,1,107.33689595268292,240,3,2,4,3.0,Other
CUST-005261,2,85.74091302336043,225,3,4,4,3.6666666666666665,Potential Loyalists
CUST-005262,1,322.80551913192966,291,3,2,5,3.3333333333333335,Other
CUST-005263,1,9.882333090797996,308,3,2,1,2.0,Other
CUST-005264,1,212.3038149956087,556,1,2,5,2.6666666666666665,At-Risk
CUST-005265,1,13412.05494833266,227,3,2,5,3.3333333333333335,Other
CUST-005266,1,13.399199082684104,372,2,2,1,1.6666666666666667,At-Risk
CUST-005267,1,22.508264975503455,531,1,2,2,1.6666666666666667,At-Risk
CUST-005268,1,77.74379353148721,150,4,2,3,3.0,Other
CUST-005271,1,58.84839693435074,77,5,2,3,3.3333333333333335,Other
CUST-005272,1,96.26568007150593,484,2,2,4,2.6666666666666665,At-Risk
CUST-005273,1,10.755284562458112,436,2,2,1,1.6666666666666667,At-Risk
CUST-005274,1,1.0849971529974471,21,5,2,1,2.6666666666666665,Other
CUST-005275,1,9.62328762548618,389,2,2,1,1.6666666666666667,At-Risk
CUST-005276,1,3.879284784250424,225,3,2,1,2.0,Other
CUST-005277,3,202.89644413599964,41,5,5,5,5.0,Champions
CUST-005278,1,139.41879216096595,574,1,2,4,2.3333333333333335,At-Risk
CUST-005279,1,9.247133887944363,405,2,2,1,1.6666666666666667,At-Risk
CUST-005280,1,61.50440530469129,566,1,2,3,2.0,At-Risk
CUST-005281,2,161.34440134008696,301,3,4,5,4.0,Potential Loyalists
CUST-005282,1,18.484797811225903,415,2,2,1,1.6666666666666667,At-Risk
CUST-005283,1,12289.692353194076,123,4,2,5,3.6666666666666665,Other
CUST-005284,2,89.03477420200588,379,2,4,4,3.3333333333333335,Other
CUST-005285,1,14.111614670525642,87,5,2,1,2.6666666666666665,Other
CUST-005286,2,182.58630860680472,284,3,4,5,4.0,Potential Loyalists
CUST-005287,1,30.363499130821975,711,1,2,2,1.6666666666666667,At-Risk
CUST-005288,3,1087.5992868861917,369,2,5,5,4.0,Other
CUST-005289,1,22.104497248389222,697,1,2,2,1.6666666666666667,At-Risk
CUST-005290,1,12.680050327714062,621,1,2,1,1.3333333333333333,At-Risk
CUST-005291,1,43.22964311236966,421,2,2,3,2.3333333333333335,At-Risk
CUST-005292,2,221.09201723758065,302,3,4,5,4.0,Potential Loyalists
CUST-005293,1,27.453320517808,339,3,2,2,2.3333333333333335,Other
CUST-005294,2,52.22594644534166,233,3,4,3,3.3333333333333335,Potential Loyalists
CUST-005295,1,14.32050571367915,289,3,2,1,2.0,Other
CUST-005296,2,47.62574594423076,47,5,4,3,4.0,Potential Loyalists
CUST-005297,1,5.192537154845017,304,3,2,1,2.0,Other
CUST-005298,1,26.117399263374907,602,1,2,2,1.6666666666666667,At-Risk
CUST-005299,1,5.035519480319085,320,3,2,1,2.0,Other
CUST-005300,3,93.68605228197043,319,3,5,4,4.0,Potential Loyalists
CUST-005301,2,185.44501265824854,278,3,4,5,4.0,Potential Loyalists
CUST-005302,2,124.63809207598982,97,5,4,4,4.333333333333333,Champions
CUST-005303,1,69.5331850791478,710,1,2,3,2.0,At-Risk
CUST-005304,1,19.795005720698303,573,1,2,2,1.6666666666666667,At-Risk
CUST-005305,1,37.269754128093645,432,2,2,2,2.0,At-Risk
CUST-005306,3,58.57346364048436,44,5,5,3,4.333333333333333,Potential Loyalists
CUST-005307,1,5.339686118940645,177,4,2,1,2.3333333333333335,Other
CUST-005308,2,142.71603122721686,156,4,4,4,4.0,Champions
CUST-005309,2,33.681336957716326,249,3,4,2,3.0,Other
CUST-005310,1,13.311362023404248,390,2,2,1,1.6666666666666667,At-Risk
CUST-005311,2,78.67142648389132,154,4,4,3,3.6666666666666665,Potential Loyalists
CUST-005312,2,62.805452025162644,119,4,4,3,3.6666666666666665,Potential Loyalists
CUST-005313,1,16.926171370067458,637,1,2,1,1.3333333333333333,At-Risk
CUST-005314,2,828.3377717246096,109,4,4,5,4.333333333333333,Champions
CUST-005315,2,407.4995185018382,410,2,4,5,3.6666666666666665,Other
CUST-005316,2,7.296008537261773,304,3,4,1,2.6666666666666665,Other
CUST-005317,2,97.19736467143017,15,5,4,4,4.333333333333333,Champions
CUST-005318,1,24.573944396299503,603,1,2,2,1.6666666666666667,At-Risk
CUST-005319,1,51.46799838798513,45,5,2,3,3.3333333333333335,Other
CUST-005320,2,72.8278854275285,111,4,4,3,3.6666666666666665,Potential Loyalists
CUST-005321,2,132.42970048867932,371,2,4,4,3.3333333333333335,Other
CUST-005322,1,61.0568943689009,350,3,2,3,2.6666666666666665,Other
CUST-005323,1,68.29030578850056,523,1,2,3,2.0,At-Risk
CUST-005324,1,60.12128956103635,381,2,2,3,2.3333333333333335,At-Risk
CUST-005325,1,113.02531962148218,460,2,2,4,2.6666666666666665,At-Risk
CUST-005326,1,11.538310330836094,718,1,2,1,1.3333333333333333,At-Risk
CUST-005327,1,33.11136809759806,22,5,2,2,3.0,Other
CUST-005328,1,42.6332777367963,658,1,2,3,2.0,At-Risk
CUST-005329,1,131.92358468142058,727,1,2,4,2.3333333333333335,At-Risk
CUST-005330,1,22.040590896543343,220,4,2,2,2.6666666666666665,Other
CUST-005331,3,689.3163714965076,134,4,5,5,4.666666666666667,Champions
CUST-005332,1,193.10095826981373,227,3,2,5,3.3333333333333335,Other
CUST-005333,1,99.90887157130142,269,3,2,4,3.0,Other
CUST-005334,1,56.20926698011965,364,2,2,3,2.3333333333333335,At-Risk
CUST-005335,2,107.08951824991547,20,5,4,4,4.333333333333333,Champions
CUST-005336,1,41.84631972448608,228,3,2,3,2.6666666666666665,Other
CUST-005337,1,7.659630288495691,192,4,2,1,2.3333333333333335,Other
CUST-005338,1,5.713070213723069,463,2,2,1,1.6666666666666667,At-Risk
CUST-005339,1,63.3077923447093,77,5,2,3,3.3333333333333335,Other
CUST-005340,1,15.09507167645763,340,3,2,1,2.0,Other
CUST-005341,1,14.37742938911637,607,1,2,1,1.3333333333333333,At-Risk
CUST-005342,1,95.39133560841316,342,3,2,4,3.0,Other
CUST-005343,3,221.2972585135569,193,4,5,5,4.666666666666667,Champions
CUST-005344,2,130.6820740182191,248,3,4,4,3.6666666666666665,Potential Loyalists
CUST-005345,1,11.218182766894182,296,3,2,1,2.0,Other
CUST-005346,2,47.594411147857095,128,4,4,3,3.6666666666666665,Potential Loyalists
CUST-005347,2,1311.8129492518397,515,2,4,5,3.6666666666666665,Other
CUST-005348,2,17.872954650443678,63,5,4,1,3.3333333333333335,Other
CUST-005349,1,396.444207848677,469,2,2,5,3.0,At-Risk
CUST-005350,1,151.36611229774985,338,3,2,4,3.0,Other
CUST-005351,1,5.980862413506843,381,2,2,1,1.6666666666666667,At-Risk
CUST-005352,1,115.67125608305234,252,3,2,4,3.0,Other
CUST-005353,2,45.96506393239377,89,5,4,3,4.0,Potential Loyalists
CUST-005354,1,20.68833154207172,526,1,2,2,1.6666666666666667,At-Risk
CUST-005355,1,231.6249207365988,243,3,2,5,3.3333333333333335,Other
CUST-005356,1,269.49608911563524,595,1,2,5,2.6666666666666665,At-Risk
CUST-005357,1,13.09485922339065,501,2,2,1,1.6666666666666667,At-Risk
CUST-005358,1,6.6242965327448875,575,1,2,1,1.3333333333333333,At-Risk
CUST-005359,1,37.7037715568136,428,2,2,2,2.0,At-Risk
CUST-005360,1,284.76469915520016,220,4,2,5,3.6666666666666665,Other
CUST-005361,1,64.58086095773012,402,2,2,3,2.3333333333333335,At-Risk
CUST-005362,1,12.785511546048308,132,4,2,1,2.3333333333333335,Other
CUST-005363,1,11.63167293089047,334,3,2,1,2.0,Other
CUST-005364,1,18.225956888658686,136,4,2,1,2.3333333333333335,Other
CUST-005365,1,6.9844189049292185,409,2,2,1,1.6666666666666667,At-Risk
CUST-005366,1,49.10301580224593,330,3,2,3,2.6666666666666665,Other
CUST-005367,3,452.9169755693556,171,4,5,5,4.666666666666667,Champions
CUST-005368,1,34.33376899402054,47,5,2,2,3.0,Other
CUST-005369,2,105.89866797821347,312,3,4,4,3.6666666666666665,Potential Loyalists
CUST-005370,1,10.784281232809803,17,5,2,1,2.6666666666666665,Other
CUST-005371,3,52.268071292253396,7,5,5,3,4.333333333333333,Potential Loyalists
CUST-005372,1,231.87326755097317,117,4,2,5,3.6666666666666665,Other
CUST-005374,2,54.373882693990154,545,1,4,3,2.6666666666666665,Other
CUST-005375,3,216.29480127434374,420,2,5,5,4.0,Other
CUST-005376,1,28.502779267355784,264,3,2,2,2.3333333333333335,Other
CUST-005377,1,49.09149871656832,506,2,2,3,2.3333333333333335,At-Risk
CUST-005378,1,7387.570108588992,600,1,2,5,2.6666666666666665,At-Risk
CUST-005379,1,51.21663322597583,490,2,2,3,2.3333333333333335,At-Risk
CUST-005380,1,37.77732773069593,307,3,2,2,2.3333333333333335,Other
CUST-005382,1,80.29396817657401,70,5,2,4,3.6666666666666665,Other
CUST-005383,1,55.96306172927648,398,2,2,3,2.3333333333333335,At-Risk
CUST-005384,2,59.24955288446162,526,1,4,3,2.6666666666666665,Other
CUST-005385,1,33.82461981451924,592,1,2,2,1.6666666666666667,At-Risk
CUST-005386,1,20.10235982129971,274,3,2,2,2.3333333333333335,Other
CUST-005387,1,35.03246643709805,77,5,2,2,3.0,Other
CUST-005388,3,237.41584650365422,288,3,5,5,4.333333333333333,Potential Loyalists
CUST-005389,2,20.416706325894435,39,5,4,2,3.6666666666666665,Other
CUST-005390,1,32.083223320778686,679,1,2,2,1.6666666666666667,At-Risk
CUST-005391,3,103.58902250013838,211,4,5,4,4.333333333333333,Champions
CUST-005392,1,31.799557204544975,720,1,2,2,1.6666666666666667,At-Risk
CUST-005393,2,66.17658337158906,424,2,4,3,3.0,Other
CUST-005394,2,196.0019247746413,96,5,4,5,4.666666666666667,Champions
CUST-005395,2,71.44561455081575,15,5,4,3,4.0,Potential Loyalists
CUST-005396,2,121.41916431821723,26,5,4,4,4.333333333333333,Champions
CUST-005397,1,15.782236563806716,613,1,2,1,1.3333333333333333,At-Risk
CUST-005398,1,9.560387655640744,164,4,2,1,2.3333333333333335,Other
CUST-005399,1,4.355293840114376,597,1,2,1,1.3333333333333333,At-Risk
CUST-005400,1,52.61508455619952,631,1,2,3,2.0,At-Risk
CUST-005401,1,139.2212812731301,327,3,2,4,3.0,Other
CUST-005402,2,85.71247533742803,54,5,4,4,4.333333333333333,Champions
CUST-005403,2,88.8883711973393,557,1,4,4,3.0,Other
CUST-005404,1,130.8293634178798,133,4,2,4,3.3333333333333335,Other
CUST-005405,1,20.384121270520325,349,3,2,2,2.3333333333333335,Other
CUST-005406,1,414.540554352229,667,1,2,5,2.6666666666666665,At-Risk
CUST-005407,1,76.4358348409148,194,4,2,3,3.0,Other
CUST-005408,1,60.93317129884249,335,3,2,3,2.6666666666666665,Other
CUST-005409,3,288.7086258740449,94,5,5,5,5.0,Champions
CUST-005410,3,62.65146259407127,35,5,5,3,4.333333333333333,Potential Loyalists
CUST-005411,2,81.54691544780488,476,2,4,4,3.3333333333333335,Other
CUST-005412,1,6.610214891431743,461,2,2,1,1.6666666666666667,At-Risk
CUST-005413,1,8.464650314196735,494,2,2,1,1.6666666666666667,At-Risk
CUST-005414,2,63.10677048007171,220,4,4,3,3.6666666666666665,Potential Loyalists
CUST-005416,4,95.90008732361767,260,3,5,4,4.0,Potential Loyalists
CUST-005417,2,140.6328864914966,43,5,4,4,4.333333333333333,Champions
CUST-005418,1,592.2881182797212,537,1,2,5,2.6666666666666665,At-Risk
CUST-005419,1,37.68767761790414,249,3,2,2,2.3333333333333335,Other
CUST-005421,2,43.33922875764516,295,3,4,3,3.3333333333333335,Potential Loyalists
CUST-005422,1,27.901320606245477,673,1,2,2,1.6666666666666667,At-Risk
CUST-005423,1,46.59713898886296,241,3,2,3,2.6666666666666665,Other
CUST-005424,2,176.36055485393968,429,2,4,5,3.6666666666666665,Other
CUST-005425,1,7.755568075807096,79,5,2,1,2.6666666666666665,Other
CUST-005426,1,61.514390578349115,242,3,2,3,2.6666666666666665,Other
CUST-005427,1,15.883730811085204,355,3,2,1,2.0,Other
CUST-005428,1,52.06482934831461,197,4,2,3,3.0,Other
CUST-005429,1,72.11486855281814,371,2,2,3,2.3333333333333335,At-Risk
CUST-005430,2,61.890151539707844,358,3,4,3,3.3333333333333335,Potential Loyalists
CUST-005431,1,31.703634749986637,128,4,2,2,2.6666666666666665,Other
CUST-005432,1,8442.43814436135,174,4,2,5,3.6666666666666665,Other
CUST-005433,2,160.23735277168745,25,5,4,4,4.333333333333333,Champions
CUST-005434,3,65.9485289466891,277,3,5,3,3.6666666666666665,Potential Loyalists
CUST-005435,1,183.0422993951471,477,2,2,5,3.0,At-Risk
CUST-005436,2,64.04824786206206,304,3,4,3,3.3333333333333335,Potential Loyalists
CUST-005437,1,27.09247427849165,653,1,2,2,1.6666666666666667,At-Risk
CUST-005438,1,51.9865167082156,452,2,2,3,2.3333333333333335,At-Risk
CUST-005439,1,80.42905485393676,344,3,2,4,3.0,Other
CUST-005440,2,20.23826813270658,343,3,4,2,3.0,Other
CUST-005441,1,33.248542896045095,63,5,2,2,3.0,Other
CUST-005442,1,73.86020910748474,396,2,2,3,2.3333333333333335,At-Risk
CUST-005443,3,42.85258345148792,171,4,5,3,4.0,Potential Loyalists
CUST-005444,1,1.4400593016217365,64,5,2,1,2.6666666666666665,Other
CUST-005445,1,46.73842725229671,372,2,2,3,2.3333333333333335,At-Risk
CUST-005446,4,293.06028860006995,239,3,5,5,4.333333333333333,Potential Loyalists
CUST-005447,1,75.06064566469696,431,2,2,3,2.3333333333333335,At-Risk
CUST-005449,2,74.12549916049218,453,2,4,3,3.0,Other
CUST-005450,2,18.94899483842178,572,1,4,2,2.3333333333333335,Other
CUST-005451,4,247.2990624204002,36,5,5,5,5.0,Champions
CUST-005452,2,185.85600249350296,395,2,4,5,3.6666666666666665,Other
CUST-005453,1,9.887689510188608,359,2,2,1,1.6666666666666667,At-Risk
CUST-005454,1,53.015548024869794,200,4,2,3,3.0,Other
CUST-005455,2,116.3960828544608,580,1,4,4,3.0,Other
CUST-005456,2,32.97764108206754,57,5,4,2,3.6666666666666665,Other
CUST-005457,1,169.4797491806972,267,3,2,5,3.3333333333333335,Other
CUST-005458,2,16.267529624269276,43,5,4,1,3.3333333333333335,Other
CUST-005459,1,144.91141427489111,414,2,2,4,2.6666666666666665,At-Risk
CUST-005460,1,11.022808286994668,701,1,2,1,1.3333333333333333,At-Risk
CUST-005462,1,40.75697278433579,220,4,2,2,2.6666666666666665,Other
CUST-005463,2,67.59191560041731,349,3,4,3,3.3333333333333335,Potential Loyalists
CUST-005464,4,175.8213852127589,27,5,5,5,5.0,Champions
CUST-005466,1,17.055089783908254,370,2,2,1,1.6666666666666667,At-Risk
CUST-005467,1,37.785984218635384,319,3,2,2,2.3333333333333335,Other
CUST-005468,1,24.89889430275486,10,5,2,2,3.0,Other
CUST-005469,3,262.5167583677421,48,5,5,5,5.0,Champions
CUST-005470,2,49.600695034674615,647,1,4,3,2.6666666666666665,Other
CUST-005471,1,51.92711448776557,207,4,2,3,3.0,Other
CUST-005472,1,105.0868856712291,566,1,2,4,2.3333333333333335,At-Risk
CUST-005473,2,107.73349999324097,17,5,4,4,4.333333333333333,Champions
CUST-005474,1,64.30096279242305,710,1,2,3,2.0,At-Risk
CUST-005476,2,49.99697467667384,362,2,4,3,3.0,Other
CUST-005477,3,156.50902178476915,375,2,5,4,3.6666666666666665,Other
CUST-005478,1,11.805116878576207,708,1,2,1,1.3333333333333333,At-Risk
CUST-005479,1,6.939261193602244,38,5,2,1,2.6666666666666665,Other
CUST-005480,1,11.765296225628004,519,2,2,1,1.6666666666666667,At-Risk
CUST-005482,1,68.44878457688496,638,1,2,3,2.0,At-Risk
CUST-005483,2,69.49855625770182,235,3,4,3,3.3333333333333335,Potential Loyalists
CUST-005484,1,55.761469885780855,12,5,2,3,3.3333333333333335,Other
CUST-005485,1,13.938536912067828,115,4,2,1,2.3333333333333335,Other
CUST-005486,2,124.43087254911578,212,4,4,4,4.0,Champions
CUST-005487,2,141.00221950533526,87,5,4,4,4.333333333333333,Champions
CUST-005488,1,32.92290001268369,450,2,2,2,2.0,At-Risk
CUST-005489,2,92.25849871338872,476,2,4,4,3.3333333333333335,Other
CUST-005490,1,3.7392677117594326,351,3,2,1,2.0,Other
CUST-005491,3,143.47274635561024,243,3,5,4,4.0,Potential Loyalists
CUST-005492,1,101.36635994365604,627,1,2,4,2.3333333333333335,At-Risk
CUST-005493,1,150.94321030022437,585,1,2,4,2.3333333333333335,At-Risk
CUST-005494,1,88.61267705451505,320,3,2,4,3.0,Other
CUST-005495,1,103.01559552084083,562,1,2,4,2.3333333333333335,At-Risk
CUST-005496,2,70.2888674981817,297,3,4,3,3.3333333333333335,Potential Loyalists
CUST-005497,1,17.217719115840225,237,3,2,1,2.0,Other
CUST-005498,1,30.37007091490025,155,4,2,2,2.6666666666666665,Other
CUST-005499,2,23.964459221646514,113,4,4,2,3.3333333333333335,Other
CUST-005500,1,78.03603135875467,118,4,2,3,3.0,Other
CUST-005501,1,50.97945242125074,113,4,2,3,3.0,Other
CUST-005502,1,10.903492518113543,321,3,2,1,2.0,Other
CUST-005503,1,47.349647080699015,398,2,2,3,2.3333333333333335,At-Risk
CUST-005504,1,74.2996089442722,505,2,2,3,2.3333333333333335,At-Risk
CUST-005505,1,53.32968507534946,25,5,2,3,3.3333333333333335,Other
CUST-005506,2,23.94377708473187,416,2,4,2,2.6666666666666665,Other
CUST-005507,1,45.5542334803075,444,2,2,3,2.3333333333333335,At-Risk
CUST-005509,1,35.05570040956088,232,3,2,2,2.3333333333333335,Other
CUST-005510,2,185.10614284498268,227,3,4,5,4.0,Potential Loyalists
CUST-005511,2,47.20450532848255,326,3,4,3,3.3333333333333335,Potential Loyalists
CUST-005512,1,74.45968503091294,619,1,2,3,2.0,At-Risk
CUST-005514,1,35.383826043994624,436,2,2,2,2.0,At-Risk
CUST-005515,1,18.092064633661263,524,1,2,1,1.3333333333333333,At-Risk
CUST-005516,2,58.523425309172346,39,5,4,3,4.0,Potential Loyalists
CUST-005517,1,168.50984320008152,195,4,2,5,3.6666666666666665,Other
CUST-005518,1,38.58042357135527,14,5,2,2,3.0,Other
CUST-005519,2,87.30421011630321,267,3,4,4,3.6666666666666665,Potential Loyalists
CUST-005520,1,131.02068423124587,232,3,2,4,3.0,Other
CUST-005521,2,132.5197123162497,407,2,4,4,3.3333333333333335,Other
CUST-005522,1,52.430041749767526,634,1,2,3,2.0,At-Risk
CUST-005523,1,27.94680342748616,35,5,2,2,3.0,Other
CUST-005524,1,65.25069170601199,704,1,2,3,2.0,At-Risk
CUST-005525,1,21.33402061999682,7,5,2,2,3.0,Other
CUST-005526,2,190.90820949731514,84,5,4,5,4.666666666666667,Champions
CUST-005527,1,30.7244061283142,67,5,2,2,3.0,Other
CUST-005528,1,51.40534553198096,366,2,2,3,2.3333333333333335,At-Risk
CUST-005529,1,33.3139945255971,263,3,2,2,2.3333333333333335,Other
CUST-005530,1,8.068161042112955,444,2,2,1,1.6666666666666667,At-Risk
CUST-005531,2,19.686399035454805,221,3,4,2,3.0,Other
CUST-005532,1,65.69128139968626,669,1,2,3,2.0,At-Risk
CUST-005534,1,76.06690026398229,65,5,2,3,3.3333333333333335,Other
CUST-005535,2,54.76536615723302,178,4,4,3,3.6666666666666665,Potential Loyalists
CUST-005536,2,26.82601274324299,282,3,4,2,3.0,Other
CUST-005537,2,37.722007684157965,429,2,4,2,2.6666666666666665,Other
CUST-005538,1,9583.452926853002,713,1,2,5,2.6666666666666665,At-Risk
CUST-005539,1,18.419181213502736,100,5,2,1,2.6666666666666665,Other
CUST-005540,3,183.8438258329898,459,2,5,5,4.0,Other
CUST-005541,3,107.76782676030875,17,5,5,4,4.666666666666667,Champions
CUST-005542,2,86.2086709172783,272,3,4,4,3.6666666666666665,Potential Loyalists
CUST-005543,2,269.6461399901415,254,3,4,5,4.0,Potential Loyalists
CUST-005544,3,791.9450475907736,221,3,5,5,4.333333333333333,Potential Loyalists
CUST-005546,1,11.240868569238362,111,4,2,1,2.3333333333333335,Other
CUST-005547,2,166.16166033764594,325,3,4,5,4.0,Potential Loyalists
CUST-005548,1,24.106223516657707,332,3,2,2,2.3333333333333335,Other
CUST-005549,2,29.35550900054647,525,1,4,2,2.3333333333333335,Other
CUST-005550,1,38.742552052539835,387,2,2,2,2.0,At-Risk
CUST-005551,1,75.40301280018627,22,5,2,3,3.3333333333333335,Other
CUST-005552,1,4.296505409630518,149,4,2,1,2.3333333333333335,Other
CUST-005553,3,128.91975074486442,236,3,5,4,4.0,Potential Loyalists
CUST-005554,1,2.911801208895462,367,2,2,1,1.6666666666666667,At-Risk
CUST-005555,1,79.15850111800854,574,1,2,3,2.0,At-Risk
CUST-005556,2,124.20470701052133,72,5,4,4,4.333333333333333,Champions
CUST-005558,1,10.06296598615254,597,1,2,1,1.3333333333333333,At-Risk
CUST-005559,3,243.3170426684791,275,3,5,5,4.333333333333333,Potential Loyalists
CUST-005560,1,170.06909975941062,667,1,2,5,2.6666666666666665,At-Risk
CUST-005561,3,82.81536772729311,351,3,5,4,4.0,Potential Loyalists
CUST-005562,1,28.042777166305218,692,1,2,2,1.6666666666666667,At-Risk
CUST-005564,1,543.6906544923189,579,1,2,5,2.6666666666666665,At-Risk
CUST-005565,1,188.38823991567415,668,1,2,5,2.6666666666666665,At-Risk
CUST-005566,3,447.7980564994108,73,5,5,5,5.0,Champions
CUST-005567,1,5.933780631720383,13,5,2,1,2.6666666666666665,Other
CUST-005568,2,105.07208295590061,202,4,4,4,4.0,Champions
CUST-005569,1,213.844968432734,633,1,2,5,2.6666666666666665,At-Risk
CUST-005570,3,198.49350553190604,193,4,5,5,4.666666666666667,Champions
CUST-005571,2,268.5019639766755,190,4,4,5,4.333333333333333,Champions
CUST-005572,2,227.1469239401883,161,4,4,5,4.333333333333333,Champions
CUST-005573,1,133.09242740611714,328,3,2,4,3.0,Other
CUST-005574,2,62.7157912729712,205,4,4,3,3.6666666666666665,Potential Loyalists
CUST-005575,2,84.48911977166415,361,2,4,4,3.3333333333333335,Other
CUST-005576,3,68.09288505866435,189,4,5,3,4.0,Potential Loyalists
CUST-005577,1,11.277956056948405,619,1,2,1,1.3333333333333333,At-Risk
CUST-005578,1,24.280666741496024,244,3,2,2,2.3333333333333335,Other
CUST-005579,3,87.0432328380534,194,4,5,4,4.333333333333333,Champions
CUST-005580,1,261.19820728610165,725,1,2,5,2.6666666666666665,At-Risk
CUST-005581,1,21.53900663196564,212,4,2,2,2.6666666666666665,Other
CUST-005582,2,82.19454210013332,134,4,4,4,4.0,Champions
CUST-005583,1,23.944089272984908,412,2,2,2,2.0,At-Risk
CUST-005584,1,5.7500706611967045,149,4,2,1,2.3333333333333335,Other
CUST-005585,1,154.15005787762794,442,2,2,4,2.6666666666666665,At-Risk
CUST-005586,3,191.42926470294805,90,5,5,5,5.0,Champions
CUST-005587,1,5.2133927167615655,463,2,2,1,1.6666666666666667,At-Risk
CUST-005588,1,7.016788864018688,250,3,2,1,2.0,Other
CUST-005589,4,412.91489546684045,180,4,5,5,4.666666666666667,Champions
CUST-005590,1,760.1355484282061,54,5,2,5,4.0,Other
CUST-005591,2,276.8087885220701,153,4,4,5,4.333333333333333,Champions
CUST-005592,2,131.90344081676014,94,5,4,4,4.333333333333333,Champions
CUST-005593,5,227.91444303739934,0,5,5,5,5.0,Champions
CUST-005594,2,382.18114910486344,227,3,4,5,4.0,Potential Loyalists
CUST-005595,2,68.4708978185653,85,5,4,3,4.0,Potential Loyalists
CUST-005596,1,9.179405183668027,714,1,2,1,1.3333333333333333,At-Risk
CUST-005597,2,44.97377565765727,397,2,4,3,3.0,Other
CUST-005598,1,25.65114485259847,161,4,2,2,2.6666666666666665,Other
CUST-005599,1,38.61547456558058,227,3,2,2,2.3333333333333335,Other
CUST-005600,2,276.67815237926203,500,2,4,5,3.6666666666666665,Other
CUST-005601,2,519.7016796997952,101,5,4,5,4.666666666666667,Champions
CUST-005602,1,7.150008415112959,240,3,2,1,2.0,Other
CUST-005603,1,5.902492802402642,513,2,2,1,1.6666666666666667,At-Risk
CUST-005604,1,5.1592887541031525,428,2,2,1,1.6666666666666667,At-Risk
CUST-005605,2,34.791645758035614,31,5,4,2,3.6666666666666665,Other
CUST-005606,1,68.76072963245574,281,3,2,3,2.6666666666666665,Other
CUST-005607,2,142.48130191783903,44,5,4,4,4.333333333333333,Champions
CUST-005608,2,75.6767662447291,367,2,4,3,3.0,Other
CUST-005609,1,65.66302222922722,112,4,2,3,3.0,Other
CUST-005610,1,62.27368596285593,115,4,2,3,3.0,Other
CUST-005611,1,19.66762441542656,361,2,2,2,2.0,At-Risk
CUST-005612,1,16.57677177026735,711,1,2,1,1.3333333333333333,At-Risk
CUST-005613,1,5.219783096022959,67,5,2,1,2.6666666666666665,Other
CUST-005614,1,9.630729414318647,470,2,2,1,1.6666666666666667,At-Risk
CUST-005615,1,35.85946865578585,589,1,2,2,1.6666666666666667,At-Risk
CUST-005616,2,81.65763983439274,73,5,4,4,4.333333333333333,Champions
CUST-005617,1,11.183594902175823,53,5,2,1,2.6666666666666665,Other
CUST-005618,1,30.68287774398154,699,1,2,2,1.6666666666666667,At-Risk
CUST-005619,3,138.14952152068153,35,5,5,4,4.666666666666667,Champions
CUST-005620,3,105.8394214396767,379,2,5,4,3.6666666666666665,Other
CUST-005621,1,17.210961107834724,403,2,2,1,1.6666666666666667,At-Risk
CUST-005622,2,227.78964873749644,37,5,4,5,4.666666666666667,Champions
CUST-005623,2,148.9243831103899,256,3,4,4,3.6666666666666665,Potential Loyalists
CUST-005624,1,62.1330595283457,237,3,2,3,2.6666666666666665,Other
CUST-005625,3,682.8063904075865,94,5,5,5,5.0,Champions
CUST-005626,2,145.52033469762125,242,3,4,4,3.6666666666666665,Potential Loyalists
CUST-005627,3,86.36465347926347,593,1,5,4,3.3333333333333335,Other
CUST-005628,1,6.79794494021604,6,5,2,1,2.6666666666666665,Other
CUST-005629,2,205.15966337518205,105,5,4,5,4.666666666666667,Champions
CUST-005630,1,18.15863432231011,287,3,2,1,2.0,Other
CUST-005631,2,89.01370752649694,471,2,4,4,3.3333333333333335,Other
CUST-005632,2,43.34820477872598,87,5,4,3,4.0,Potential Loyalists
CUST-005633,1,280.83958583802263,141,4,2,5,3.6666666666666665,Other
CUST-005634,2,531.3030188454521,153,4,4,5,4.333333333333333,Champions
CUST-005635,3,191.98862856069337,112,4,5,5,4.666666666666667,Champions
CUST-005636,1,58.71449525307047,607,1,2,3,2.0,At-Risk
CUST-005637,1,14480.648927404438,471,2,2,5,3.0,At-Risk
CUST-005638,2,122.63555171755743,217,4,4,4,4.0,Champions
CUST-005639,1,19.624001611915705,336,3,2,2,2.3333333333333335,Other
CUST-005640,1,6.945013721461354,598,1,2,1,1.3333333333333333,At-Risk
CUST-005641,1,24.732254749636414,132,4,2,2,2.6666666666666665,Other
CUST-005642,1,61.707989071623025,651,1,2,3,2.0,At-Risk
CUST-005643,1,58.93089851255929,393,2,2,3,2.3333333333333335,At-Risk
CUST-005644,1,65.55417425055694,39,5,2,3,3.3333333333333335,Other
CUST-005645,2,193.60517755602606,145,4,4,5,4.333333333333333,Champions
CUST-005646,2,88.87770674765872,117,4,4,4,4.0,Champions
CUST-005647,1,43.893084208559245,11,5,2,3,3.3333333333333335,Other
CUST-005648,2,25.324123138140635,20,5,4,2,3.6666666666666665,Other
CUST-005649,1,64.52096491048229,654,1,2,3,2.0,At-Risk
CUST-005650,1,46.65563242371656,213,4,2,3,3.0,Other
CUST-005651,1,21.941013193632617,668,1,2,2,1.6666666666666667,At-Risk
CUST-005652,1,168.93684613781548,38,5,2,5,4.0,Other
CUST-005653,1,102.24412997736783,368,2,2,4,2.6666666666666665,At-Risk
CUST-005654,1,13.175011339134572,258,3,2,1,2.0,Other
CUST-005655,1,73.7524943776587,199,4,2,3,3.0,Other
CUST-005656,2,180.95738841519477,449,2,4,5,3.6666666666666665,Other
CUST-005657,2,60.62253213308759,193,4,4,3,3.6666666666666665,Potential Loyalists
CUST-005659,2,32.89123241185898,428,2,4,2,2.6666666666666665,Other
CUST-005660,1,72.60704583819175,573,1,2,3,2.0,At-Risk
CUST-005661,2,86.81565595235105,355,3,4,4,3.6666666666666665,Potential Loyalists
CUST-005662,2,84.32347088026647,308,3,4,4,3.6666666666666665,Potential Loyalists
CUST-005663,1,12.833531213239818,628,1,2,1,1.3333333333333333,At-Risk
CUST-005664,2,251.06797734480983,313,3,4,5,4.0,Potential Loyalists
CUST-005665,1,22.0201858071554,629,1,2,2,1.6666666666666667,At-Risk
CUST-005666,1,11.371857024005912,30,5,2,1,2.6666666666666665,Other
CUST-005667,1,38.81616328691555,288,3,2,2,2.3333333333333335,Other
CUST-005668,1,32.64626018554457,280,3,2,2,2.3333333333333335,Other
CUST-005669,4,147.24592237304535,32,5,5,4,4.666666666666667,Champions
CUST-005670,2,146.48799839177485,80,5,4,4,4.333333333333333,Champions
CUST-005671,2,87.50892370406012,585,1,4,4,3.0,Other
CUST-005672,1,12.72700135115402,657,1,2,1,1.3333333333333333,At-Risk
CUST-005673,3,131.15932081062596,260,3,5,4,4.0,Potential Loyalists
CUST-005674,2,20.437186983805745,518,2,4,2,2.6666666666666665,Other
CUST-005675,1,17.586208554189636,354,3,2,1,2.0,Other
CUST-005676,2,26.186577611450055,536,1,4,2,2.3333333333333335,Other
CUST-005677,1,32.88326270704337,629,1,2,2,1.6666666666666667,At-Risk
CUST-005678,1,14334.785765740526,588,1,2,5,2.6666666666666665,At-Risk
CUST-005679,1,56.08344111313261,392,2,2,3,2.3333333333333335,At-Risk
CUST-005680,2,26.27377291959278,6,5,4,2,3.6666666666666665,Other
CUST-005681,1,4.380921433544519,243,3,2,1,2.0,Other
CUST-005682,1,4.501626103791265,671,1,2,1,1.3333333333333333,At-Risk
CUST-005683,1,310.5531900329304,137,4,2,5,3.6666666666666665,Other
CUST-005684,1,44.105707291698295,649,1,2,3,2.0,At-Risk
CUST-005685,1,44.120646855214666,361,2,2,3,2.3333333333333335,At-Risk
CUST-005686,2,365.4160513176529,226,3,4,5,4.0,Potential Loyalists
CUST-005687,2,39.15967742455386,547,1,4,2,2.3333333333333335,Other
CUST-005688,1,13.981619271553235,447,2,2,1,1.6666666666666667,At-Risk
CUST-005689,1,89.27475472713222,469,2,2,4,2.6666666666666665,At-Risk
CUST-005690,1,2.6452018359509086,561,1,2,1,1.3333333333333333,At-Risk
CUST-005691,3,140.56897980360918,235,3,5,4,4.0,Potential Loyalists
CUST-005692,1,25.558396681984796,149,4,2,2,2.6666666666666665,Other
CUST-005693,1,41.61618528630385,456,2,2,3,2.3333333333333335,At-Risk
CUST-005694,3,832.1731567689942,64,5,5,5,5.0,Champions
CUST-005695,2,44.26177340387553,305,3,4,3,3.3333333333333335,Potential Loyalists
CUST-005696,2,68.38263834368429,377,2,4,3,3.0,Other
CUST-005697,2,28.967308873814204,508,2,4,2,2.6666666666666665,Other
CUST-005699,2,63.77198332472189,401,2,4,3,3.0,Other
CUST-005700,4,206.29861245756953,157,4,5,5,4.666666666666667,Champions
CUST-005701,1,35.87787988388466,441,2,2,2,2.0,At-Risk
CUST-005702,1,17.085589524327627,334,3,2,1,2.0,Other
CUST-005703,1,67.67224044868645,326,3,2,3,2.6666666666666665,Other
CUST-005704,1,8.056018178911676,400,2,2,1,1.6666666666666667,At-Risk
CUST-005706,1,74.96815736048725,595,1,2,3,2.0,At-Risk
CUST-005707,1,8.315961761081779,650,1,2,1,1.3333333333333333,At-Risk
CUST-005708,1,74.76413524494762,244,3,2,3,2.6666666666666665,Other
CUST-005709,1,40.58019325518623,558,1,2,2,1.6666666666666667,At-Risk
CUST-005710,1,7.693740414031249,419,2,2,1,1.6666666666666667,At-Risk
CUST-005711,2,78.88531063904529,398,2,4,3,3.0,Other
CUST-005712,1,6.619484225911788,350,3,2,1,2.0,Other
CUST-005713,1,27.25717562719271,594,1,2,2,1.6666666666666667,At-Risk
CUST-005714,2,262.5157059438589,313,3,4,5,4.0,Potential Loyalists
CUST-005715,1,186.53266818220143,267,3,2,5,3.3333333333333335,Other
CUST-005716,1,357.62567116961867,259,3,2,5,3.3333333333333335,Other
CUST-005717,1,28.175976469049907,365,2,2,2,2.0,At-Risk
CUST-005718,2,212.6226036988503,364,2,4,5,3.6666666666666665,Other
CUST-005719,1,23.012506139771624,491,2,2,2,2.0,At-Risk
CUST-005721,1,91.40369971266075,446,2,2,4,2.6666666666666665,At-Risk
CUST-005722,1,5.3478629066065935,126,4,2,1,2.3333333333333335,Other
CUST-005723,2,237.66843252855233,399,2,4,5,3.6666666666666665,Other
CUST-005724,1,120.276143680006,319,3,2,4,3.0,Other
CUST-005725,2,21.529633360915614,97,5,4,2,3.6666666666666665,Other
CUST-005726,1,12.448850999713407,661,1,2,1,1.3333333333333333,At-Risk
CUST-005727,2,173.34803537632678,204,4,4,5,4.333333333333333,Champions
CUST-005728,1,74.55207039189624,288,3,2,3,2.6666666666666665,Other
CUST-005729,1,15.66530335793072,354,3,2,1,2.0,Other
CUST-005730,1,80.77553154265092,580,1,2,4,2.3333333333333335,At-Risk
CUST-005731,1,65.07949258397615,568,1,2,3,2.0,At-Risk
CUST-005732,1,26.16546230875804,389,2,2,2,2.0,At-Risk
CUST-005733,3,134.05446328847822,321,3,5,4,4.0,Potential Loyalists
CUST-005734,1,4.754174564683959,517,2,2,1,1.6666666666666667,At-Risk
CUST-005735,2,135.8212417395581,294,3,4,4,3.6666666666666665,Potential Loyalists
CUST-005736,1,18.31254254877314,672,1,2,1,1.3333333333333333,At-Risk
CUST-005737,1,32.684339392952765,473,2,2,2,2.0,At-Risk
CUST-005738,2,319.5854786369382,269,3,4,5,4.0,Potential Loyalists
CUST-005739,3,280.98595654116286,433,2,5,5,4.0,Other
CUST-005740,1,24.432536908512148,159,4,2,2,2.6666666666666665,Other
CUST-005741,1,20.41398313094804,213,4,2,2,2.6666666666666665,Other
CUST-005742,2,65.18993995394584,143,4,4,3,3.6666666666666665,Potential Loyalists
CUST-005743,2,232.22388610821218,239,3,4,5,4.0,Potential Loyalists
CUST-005744,1,37.45557467053159,179,4,2,2,2.6666666666666665,Other
CUST-005745,2,41.97512902643341,265,3,4,3,3.3333333333333335,Potential Loyalists
CUST-005746,2,109.27534834918978,378,2,4,4,3.3333333333333335,Other
CUST-005747,1,216.02365569033705,251,3,2,5,3.3333333333333335,Other
CUST-005748,1,7.155397423569512,165,4,2,1,2.3333333333333335,Other
CUST-005749,1,8.260539017016642,208,4,2,1,2.3333333333333335,Other
CUST-005750,1,45.915778499670395,624,1,2,3,2.0,At-Risk
CUST-005751,3,381.65773249301577,26,5,5,5,5.0,Champions
CUST-005752,1,241.5541111224181,80,5,2,5,4.0,Other
CUST-005753,2,31.489736812517137,32,5,4,2,3.6666666666666665,Other
CUST-005754,1,43.45785206538502,444,2,2,3,2.3333333333333335,At-Risk
CUST-005755,2,108.74531611884072,457,2,4,4,3.3333333333333335,Other
CUST-005756,2,211.25934219312362,560,1,4,5,3.3333333333333335,Other
CUST-005757,1,13.27192158410827,527,1,2,1,1.3333333333333333,At-Risk
CUST-005758,2,300.70658748869107,19,5,4,5,4.666666666666667,Champions
CUST-005759,1,21.01260266095061,197,4,2,2,2.6666666666666665,Other
CUST-005760,1,93.518926962363,171,4,2,4,3.3333333333333335,Other
CUST-005761,2,85.22626051167741,313,3,4,4,3.6666666666666665,Potential Loyalists
CUST-005762,1,166.75223229256304,713,1,2,5,2.6666666666666665,At-Risk
CUST-005763,1,45.65487656332872,348,3,2,3,2.6666666666666665,Other
CUST-005764,1,10.757648089401163,54,5,2,1,2.6666666666666665,Other
CUST-005765,1,15.273242782150982,509,2,2,1,1.6666666666666667,At-Risk
CUST-005766,2,62.017894436757075,14,5,4,3,4.0,Potential Loyalists
CUST-005767,1,20.252122178692584,257,3,2,2,2.3333333333333335,Other
CUST-005768,1,15.861847996033807,671,1,2,1,1.3333333333333333,At-Risk
CUST-005769,1,5.875492898586549,429,2,2,1,1.6666666666666667,At-Risk
CUST-005770,1,33.78488969736414,357,3,2,2,2.3333333333333335,Other
CUST-005771,1,41.33871483285002,394,2,2,3,2.3333333333333335,At-Risk
CUST-005772,1,1.901131292983284,294,3,2,1,2.0,Other
CUST-005773,2,39.73786638519531,123,4,4,2,3.3333333333333335,Other
CUST-005774,1,29.40126925521442,561,1,2,2,1.6666666666666667,At-Risk
CUST-005775,2,10793.40653738034,194,4,4,5,4.333333333333333,Champions
CUST-005776,1,70.6264662698807,156,4,2,3,3.0,Other
CUST-005777,3,10901.452567122575,192,4,5,5,4.666666666666667,Champions
CUST-005778,3,51.30528439894146,210,4,5,3,4.0,Potential Loyalists
CUST-005780,3,68.12145707011494,523,1,5,3,3.0,Other
CUST-005781,2,475.9424024461365,119,4,4,5,4.333333333333333,Champions
CUST-005782,1,73.28734868099252,459,2,2,3,2.3333333333333335,At-Risk
CUST-005783,2,28.149085207481523,478,2,4,2,2.6666666666666665,Other
CUST-005784,2,92.77172492217045,335,3,4,4,3.6666666666666665,Potential Loyalists
CUST-005785,2,20.800023951780446,153,4,4,2,3.3333333333333335,Other
CUST-005786,1,44.03801804524759,672,1,2,3,2.0,At-Risk
CUST-005787,1,7.619176718753695,207,4,2,1,2.3333333333333335,Other
CUST-005788,1,6.86296056898476,695,1,2,1,1.3333333333333333,At-Risk
CUST-005789,3,81.38120733174634,459,2,5,4,3.6666666666666665,Other
CUST-005790,2,33.85205336276719,620,1,4,2,2.3333333333333335,Other
CUST-005791,1,5.434764420869004,432,2,2,1,1.6666666666666667,At-Risk
CUST-005792,3,480.0157009935115,99,5,5,5,5.0,Champions
CUST-005793,1,5.241942841307197,21,5,2,1,2.6666666666666665,Other
CUST-005794,2,126.9948960546684,174,4,4,4,4.0,Champions
CUST-005795,1,24.960629912288702,352,3,2,2,2.3333333333333335,Other
CUST-005796,1,17.987978119530307,652,1,2,1,1.3333333333333333,At-Risk
CUST-005797,2,293.00045870593055,383,2,4,5,3.6666666666666665,Other
CUST-005798,3,163.10274553858244,186,4,5,5,4.666666666666667,Champions
CUST-005799,2,26.829192479599833,78,5,4,2,3.6666666666666665,Other
CUST-005800,1,3.712866724061296,144,4,2,1,2.3333333333333335,Other
CUST-005801,1,346.63938754013475,228,3,2,5,3.3333333333333335,Other
CUST-005802,2,28.394295139236778,145,4,4,2,3.3333333333333335,Other
CUST-005803,1,76.36684669026198,56,5,2,3,3.3333333333333335,Other
CUST-005804,1,44.06699870426318,108,4,2,3,3.0,Other
CUST-005805,1,25.27360789319962,152,4,2,2,2.6666666666666665,Other
CUST-005807,3,170.30477545317186,30,5,5,5,5.0,Champions
CUST-005808,2,107.71797218561844,197,4,4,4,4.0,Champions
CUST-005809,3,189.84086476745375,44,5,5,5,5.0,Champions
CUST-005810,1,4.099923736181925,475,2,2,1,1.6666666666666667,At-Risk
CUST-005811,2,106.55161263932251,80,5,4,4,4.333333333333333,Champions
CUST-005812,3,11912.97960466371,280,3,5,5,4.333333333333333,Potential Loyalists
CUST-005813,1,11995.549521356346,402,2,2,5,3.0,At-Risk
CUST-005814,1,28.292553180835476,717,1,2,2,1.6666666666666667,At-Risk
CUST-005815,1,8.935498533529152,572,1,2,1,1.3333333333333333,At-Risk
CUST-005816,1,21.927775688321276,531,1,2,2,1.6666666666666667,At-Risk
CUST-005818,1,159.1153799824002,726,1,2,4,2.3333333333333335,At-Risk
CUST-005819,2,19.2110650906924,367,2,4,2,2.6666666666666665,Other
CUST-005820,1,44.00882195849676,718,1,2,3,2.0,At-Risk
CUST-005821,1,7.1970913253029885,31,5,2,1,2.6666666666666665,Other
CUST-005822,1,28.2915607195447,463,2,2,2,2.0,At-Risk
CUST-005823,1,13.210637286081134,142,4,2,1,2.3333333333333335,Other
CUST-005824,2,67.55876788299736,356,3,4,3,3.3333333333333335,Potential Loyalists
CUST-005825,1,67.55989957538115,187,4,2,3,3.0,Other
CUST-005826,1,26.170276528196496,96,5,2,2,3.0,Other
CUST-005827,1,20.82976237551738,456,2,2,2,2.0,At-Risk
CUST-005828,3,200.45440376729096,76,5,5,5,5.0,Champions
CUST-005829,1,37.41903852389503,674,1,2,2,1.6666666666666667,At-Risk
CUST-005830,1,14.213561442051171,707,1,2,1,1.3333333333333333,At-Risk
CUST-005831,1,23.035279894261645,126,4,2,2,2.6666666666666665,Other
CUST-005832,2,79.71321712080254,115,4,4,3,3.6666666666666665,Potential Loyalists
CUST-005833,2,98.01884064486526,6,5,4,4,4.333333333333333,Champions
CUST-005834,1,4.2225375080154315,206,4,2,1,2.3333333333333335,Other
CUST-005835,1,17.995374786825373,194,4,2,1,2.3333333333333335,Other
CUST-005836,1,109.87648833678408,391,2,2,4,2.6666666666666665,At-Risk
CUST-005837,1,160.7507336694159,335,3,2,5,3.3333333333333335,Other
CUST-005838,1,69.47816922233876,215,4,2,3,3.0,Other
CUST-005839,1,19.30617738724419,436,2,2,2,2.0,At-Risk
CUST-005840,1,29.572291148201288,81,5,2,2,3.0,Other
CUST-005841,1,6.141899084907532,228,3,2,1,2.0,Other
CUST-005842,1,99.91406965888514,216,4,2,4,3.3333333333333335,Other
CUST-005843,2,47.849932910192614,130,4,4,3,3.6666666666666665,Potential Loyalists
CUST-005844,1,117.0970219411788,221,3,2,4,3.0,Other
CUST-005845,1,72.32124615058261,88,5,2,3,3.3333333333333335,Other
CUST-005846,2,24.037706399795546,272,3,4,2,3.0,Other
CUST-005847,1,105.6445317346384,722,1,2,4,2.3333333333333335,At-Risk
CUST-005848,1,11.802215135082164,709,1,2,1,1.3333333333333333,At-Risk
CUST-005849,1,89.52719864624896,637,1,2,4,2.3333333333333335,At-Risk
CUST-005850,1,9.628282743956818,629,1,2,1,1.3333333333333333,At-Risk
CUST-005851,2,162.87438535634,68,5,4,5,4.666666666666667,Champions
CUST-005852,1,77.43187784294274,218,4,2,3,3.0,Other
CUST-005853,1,6.431935835447832,239,3,2,1,2.0,Other
CUST-005854,1,6.407004778971152,227,3,2,1,2.0,Other
CUST-005855,2,168.90499450353104,289,3,4,5,4.0,Potential Loyalists
CUST-005856,2,138.56224223525692,241,3,4,4,3.6666666666666665,Potential Loyalists
CUST-005857,2,25.147724666299048,81,5,4,2,3.6666666666666665,Other
CUST-005858,1,7285.633916920774,235,3,2,5,3.3333333333333335,Other
CUST-005859,1,24.920643668723898,234,3,2,2,2.3333333333333335,Other
CUST-005860,1,2.184403186466305,5,5,2,1,2.6666666666666665,Other
CUST-005861,1,19.76953341560803,434,2,2,2,2.0,At-Risk
CUST-005862,1,55.777579157117934,460,2,2,3,2.3333333333333335,At-Risk
CUST-005863,1,20.809692082277603,659,1,2,2,1.6666666666666667,At-Risk
CUST-005864,1,35.4543637156351,146,4,2,2,2.6666666666666665,Other
CUST-005865,2,95.37916729447467,31,5,4,4,4.333333333333333,Champions
CUST-005866,1,12.89729911363319,229,3,2,1,2.0,Other
CUST-005867,2,85.70875182825903,489,2,4,4,3.3333333333333335,Other
CUST-005868,3,556.380684254397,144,4,5,5,4.666666666666667,Champions
CUST-005869,1,6.4880026321950455,503,2,2,1,1.6666666666666667,At-Risk
CUST-005870,2,96.45754427361797,143,4,4,4,4.0,Champions
CUST-005871,2,40.08745043355783,451,2,4,2,2.6666666666666665,Other
CUST-005872,1,267.2190470618655,146,4,2,5,3.6666666666666665,Other
CUST-005873,1,94.73345088911869,144,4,2,4,3.3333333333333335,Other
CUST-005874,1,65.51327989349016,138,4,2,3,3.0,Other
CUST-005875,3,816.4828264452138,192,4,5,5,4.666666666666667,Champions
CUST-005876,1,14819.621351101176,634,1,2,5,2.6666666666666665,At-Risk
CUST-005877,2,204.60547547404082,444,2,4,5,3.6666666666666665,Other
CUST-005878,3,294.84222811846166,159,4,5,5,4.666666666666667,Champions
CUST-005879,2,44.18557730292826,38,5,4,3,4.0,Potential Loyalists
CUST-005880,2,27.28144425328389,333,3,4,2,3.0,Other
CUST-005881,1,111.5026959415711,549,1,2,4,2.3333333333333335,At-Risk
CUST-005882,2,28.817238998349254,580,1,4,2,2.3333333333333335,Other
CUST-005883,1,13355.38257167381,521,1,2,5,2.6666666666666665,At-Risk
CUST-005884,1,238.70359816646615,472,2,2,5,3.0,At-Risk
CUST-005885,2,229.30794753391245,86,5,4,5,4.666666666666667,Champions
CUST-005886,1,114.55254258662627,204,4,2,4,3.3333333333333335,Other
CUST-005887,1,26.348221715392192,575,1,2,2,1.6666666666666667,At-Risk
CUST-005888,2,141.19652198129208,405,2,4,4,3.3333333333333335,Other
CUST-005889,1,11.881027008661189,203,4,2,1,2.3333333333333335,Other
CUST-005890,2,126.90386967776769,12,5,4,4,4.333333333333333,Champions
CUST-005891,1,2.9651759615488533,502,2,2,1,1.6666666666666667,At-Risk
CUST-005892,2,192.53941880899964,311,3,4,5,4.0,Potential Loyalists
CUST-005893,2,16.50172962005789,457,2,4,1,2.3333333333333335,Other
CUST-005895,1,13.070808377093048,412,2,2,1,1.6666666666666667,At-Risk
CUST-005896,4,208.71741044970287,27,5,5,5,5.0,Champions
CUST-005897,1,17.80928442735746,425,2,2,1,1.6666666666666667,At-Risk
CUST-005898,2,412.996030089753,367,2,4,5,3.6666666666666665,Other
CUST-005899,2,53.36331558517467,69,5,4,3,4.0,Potential Loyalists
CUST-005900,1,65.07355997404731,277,3,2,3,2.6666666666666665,Other
CUST-005901,1,25.32246209889351,237,3,2,2,2.3333333333333335,Other
CUST-005902,3,133.69279473018335,170,4,5,4,4.333333333333333,Champions
CUST-005903,1,36.24671965551254,276,3,2,2,2.3333333333333335,Other
CUST-005904,1,7.056172896988221,228,3,2,1,2.0,Other
CUST-005905,3,94.36424154774676,16,5,5,4,4.666666666666667,Champions
CUST-005906,1,24.968145527963564,449,2,2,2,2.0,At-Risk
CUST-005907,3,202.73895414576424,213,4,5,5,4.666666666666667,Champions
CUST-005908,2,8623.991367729011,24,5,4,5,4.666666666666667,Champions
CUST-005909,1,32.994768384004836,656,1,2,2,1.6666666666666667,At-Risk
CUST-005910,1,28.21568972738281,250,3,2,2,2.3333333333333335,Other
CUST-005911,1,29.7557507138012,338,3,2,2,2.3333333333333335,Other
CUST-005912,2,59.381788222209394,406,2,4,3,3.0,Other
CUST-005914,2,50.66925259484253,372,2,4,3,3.0,Other
CUST-005915,1,40.87449137421378,203,4,2,2,2.6666666666666665,Other
CUST-005916,2,42.319609437836675,216,4,4,3,3.6666666666666665,Potential Loyalists
CUST-005917,1,108.02679393721702,659,1,2,4,2.3333333333333335,At-Risk
CUST-005918,2,159.18739902017043,66,5,4,4,4.333333333333333,Champions
CUST-005919,2,146.74282260029807,80,5,4,4,4.333333333333333,Champions
CUST-005920,3,208.0802497630599,74,5,5,5,5.0,Champions
CUST-005921,1,18.763332166154015,405,2,2,1,1.6666666666666667,At-Risk
CUST-005922,1,12.419696206846169,535,1,2,1,1.3333333333333333,At-Risk
CUST-005923,1,5.321128804849254,205,4,2,1,2.3333333333333335,Other
CUST-005924,1,72.64625717350307,151,4,2,3,3.0,Other
CUST-005925,1,81.28296998344901,130,4,2,4,3.3333333333333335,Other
CUST-005926,2,169.06535734486894,196,4,4,5,4.333333333333333,Champions
CUST-005927,1,930.7879336138766,479,2,2,5,3.0,At-Risk
CUST-005928,1,15.774298102669242,264,3,2,1,2.0,Other
CUST-005929,1,22.54271428014272,37,5,2,2,3.0,Other
CUST-005930,3,131.13462860970338,221,3,5,4,4.0,Potential Loyalists
CUST-005931,2,135.70155678465588,248,3,4,4,3.6666666666666665,Potential Loyalists
CUST-005932,1,84.33537584823006,217,4,2,4,3.3333333333333335,Other
CUST-005933,1,50.59878398997042,629,1,2,3,2.0,At-Risk
CUST-005934,1,164.33962583172885,509,2,2,5,3.0,At-Risk
CUST-005935,2,59.84264586889953,156,4,4,3,3.6666666666666665,Potential Loyalists
CUST-005936,1,3.3050215570574086,387,2,2,1,1.6666666666666667,At-Risk
CUST-005937,1,12.309309564776514,108,4,2,1,2.3333333333333335,Other
CUST-005938,1,8.27841552465844,520,2,2,1,1.6666666666666667,At-Risk
CUST-005939,1,24.76977035641959,73,5,2,2,3.0,Other
CUST-005940,2,21.82228356578477,399,2,4,2,2.6666666666666665,Other
CUST-005941,1,45.831807623023785,345,3,2,3,2.6666666666666665,Other
CUST-005942,3,78.17647678312467,11,5,5,3,4.333333333333333,Potential Loyalists
CUST-005943,1,25.54435496552224,582,1,2,2,1.6666666666666667,At-Risk
CUST-005944,1,121.98523490181866,215,4,2,4,3.3333333333333335,Other
CUST-005945,2,13872.053176052214,134,4,4,5,4.333333333333333,Champions
CUST-005946,1,15.332870836110477,697,1,2,1,1.3333333333333333,At-Risk
CUST-005947,2,107.49160416546903,94,5,4,4,4.333333333333333,Champions
CUST-005948,2,51.275514166119706,30,5,4,3,4.0,Potential Loyalists
CUST-005949,1,6.089056440205894,103,5,2,1,2.6666666666666665,Other
CUST-005950,2,63.77226042841416,328,3,4,3,3.3333333333333335,Potential Loyalists
CUST-005951,1,176.31406163967625,142,4,2,5,3.6666666666666665,Other
CUST-005952,4,230.2271161119852,58,5,5,5,5.0,Champions
CUST-005953,1,33.647074151317675,427,2,2,2,2.0,At-Risk
CUST-005954,2,143.01516896820513,351,3,4,4,3.6666666666666665,Potential Loyalists
CUST-005955,2,55.67634924306966,335,3,4,3,3.3333333333333335,Potential Loyalists
CUST-005956,1,11.351623557902323,379,2,2,1,1.6666666666666667,At-Risk
CUST-005957,2,60.43850538527191,53,5,4,3,4.0,Potential Loyalists
CUST-005959,1,14.038423178083532,528,1,2,1,1.3333333333333333,At-Risk
CUST-005960,2,112.27714588842103,177,4,4,4,4.0,Champions
CUST-005961,1,10.40272351983179,310,3,2,1,2.0,Other
CUST-005962,1,17.000283224431207,723,1,2,1,1.3333333333333333,At-Risk
CUST-005963,2,15.742813616568366,240,3,4,1,2.6666666666666665,Other
CUST-005964,1,56.04793949035935,267,3,2,3,2.6666666666666665,Other
CUST-005965,1,66.07021980869334,653,1,2,3,2.0,At-Risk
CUST-005967,2,10.526104953406236,66,5,4,1,3.3333333333333335,Other
CUST-005968,1,34.33195324605221,402,2,2,2,2.0,At-Risk
CUST-005969,2,34.64163868983598,244,3,4,2,3.0,Other
CUST-005970,1,40.57803234919446,7,5,2,2,3.0,Other
CUST-005971,1,13.666201310384544,17,5,2,1,2.6666666666666665,Other
CUST-005972,2,105.3398754780136,53,5,4,4,4.333333333333333,Champions
CUST-005973,1,2.611192286704495,322,3,2,1,2.0,Other
CUST-005974,2,62.949044260496805,208,4,4,3,3.6666666666666665,Potential Loyalists
CUST-005975,1,19.635995442319945,605,1,2,2,1.6666666666666667,At-Risk
CUST-005976,2,56.80282431800289,468,2,4,3,3.0,Other
CUST-005977,2,88.22301591691256,17,5,4,4,4.333333333333333,Champions
CUST-005978,3,123.29579565065916,163,4,5,4,4.333333333333333,Champions
CUST-005979,2,123.9728326649202,300,3,4,4,3.6666666666666665,Potential Loyalists
CUST-005980,1,5.430657662341915,251,3,2,1,2.0,Other
CUST-005981,1,51.72166198293399,480,2,2,3,2.3333333333333335,At-Risk
CUST-005982,1,4.626493336933538,649,1,2,1,1.3333333333333333,At-Risk
CUST-005983,2,52.277649134766826,205,4,4,3,3.6666666666666665,Potential Loyalists
CUST-005984,2,14470.366104579642,370,2,4,5,3.6666666666666665,Other
CUST-005985,2,70.6701804682782,122,4,4,3,3.6666666666666665,Potential Loyalists
CUST-005986,1,17.25974717822774,504,2,2,1,1.6666666666666667,At-Risk
CUST-005987,3,225.3223539075724,17,5,5,5,5.0,Champions
CUST-005988,1,45.57896767251177,400,2,2,3,2.3333333333333335,At-Risk
CUST-005989,2,155.57020658979755,282,3,4,4,3.6666666666666665,Potential Loyalists
CUST-005990,2,129.532743111133,15,5,4,4,4.333333333333333,Champions
CUST-005992,2,853.8935130063364,337,3,4,5,4.0,Potential Loyalists
CUST-005993,1,16.704737101500935,271,3,2,1,2.0,Other
CUST-005994,1,205.76089457116035,337,3,2,5,3.3333333333333335,Other
CUST-005995,1,16.512233536593776,32,5,2,1,2.6666666666666665,Other
CUST-005996,2,83.28081495771778,408,2,4,4,3.3333333333333335,Other
CUST-005998,3,841.7060864944691,434,2,5,5,4.0,Other
CUST-006000,1,18.038666588814458,249,3,2,1,2.0,Other
CUST-006001,1,19.72295503157544,7,5,2,2,3.0,Other
CUST-006002,1,63.12436507922429,396,2,2,3,2.3333333333333335,At-Risk
CUST-006003,2,90.92094611713505,254,3,4,4,3.6666666666666665,Potential Loyalists
CUST-006004,1,6.787191044053346,77,5,2,1,2.6666666666666665,Other
CUST-006005,1,29.5537095134296,221,3,2,2,2.3333333333333335,Other
CUST-006006,1,15.932322211650645,572,1,2,1,1.3333333333333333,At-Risk
CUST-006007,1,38.622464850732435,410,2,2,2,2.0,At-Risk
CUST-006008,2,39.731400803852566,448,2,4,2,2.6666666666666665,Other
CUST-006009,1,51.37941894731394,537,1,2,3,2.0,At-Risk
CUST-006010,2,102.93351712572363,368,2,4,4,3.3333333333333335,Other
CUST-006011,2,47.47674660693309,523,1,4,3,2.6666666666666665,Other
CUST-006012,1,259.2367975864871,519,2,2,5,3.0,At-Risk
CUST-006013,2,24.091492131744154,158,4,4,2,3.3333333333333335,Other
CUST-006014,1,392.7470092402204,323,3,2,5,3.3333333333333335,Other
CUST-006015,1,30.354478295811685,371,2,2,2,2.0,At-Risk
CUST-006016,2,349.52557845558965,252,3,4,5,4.0,Potential Loyalists
CUST-006017,2,90.56114331181504,280,3,4,4,3.6666666666666665,Potential Loyalists
CUST-006018,1,100.03128119380166,638,1,2,4,2.3333333333333335,At-Risk
CUST-006019,1,5.602368920281548,120,4,2,1,2.3333333333333335,Other
CUST-006020,3,151.6647024357371,30,5,5,4,4.666666666666667,Champions
CUST-006021,1,16.541965485425006,14,5,2,1,2.6666666666666665,Other
CUST-006022,1,20.046997464991296,74,5,2,2,3.0,Other
CUST-006023,1,13075.880161142171,30,5,2,5,4.0,Other
CUST-006024,1,26.38723296856366,132,4,2,2,2.6666666666666665,Other
CUST-006025,2,136.30832763543327,154,4,4,4,4.0,Champions
CUST-006026,1,6.829275295093797,252,3,2,1,2.0,Other
CUST-006027,2,27.237850988718932,75,5,4,2,3.6666666666666665,Other
CUST-006028,1,115.02713047531522,421,2,2,4,2.6666666666666665,At-Risk
CUST-006029,3,186.51591527703897,44,5,5,5,5.0,Champions
CUST-006030,1,32.645885723421706,396,2,2,2,2.0,At-Risk
CUST-006031,1,5.61650731773807,162,4,2,1,2.3333333333333335,Other
CUST-006032,3,98.83983956052928,44,5,5,4,4.666666666666667,Champions
CUST-006034,3,206.3508932599963,27,5,5,5,5.0,Champions
CUST-006035,2,122.88044828499812,236,3,4,4,3.6666666666666665,Potential Loyalists
CUST-006036,2,48.14122273108843,562,1,4,3,2.6666666666666665,Other
CUST-006037,2,23.49872981203054,292,3,4,2,3.0,Other
CUST-006038,1,13.497555887575402,249,3,2,1,2.0,Other
CUST-006039,3,58.887080731914224,318,3,5,3,3.6666666666666665,Potential Loyalists
CUST-006040,2,28.909243731017654,419,2,4,2,2.6666666666666665,Other
CUST-006041,2,207.3724955903326,23,5,4,5,4.666666666666667,Champions
CUST-006042,1,34.062127988041034,534,1,2,2,1.6666666666666667,At-Risk
CUST-006043,2,49.60839131980802,341,3,4,3,3.3333333333333335,Potential Loyalists
CUST-006044,2,18.088089123396664,180,4,4,1,3.0,Other
CUST-006045,1,9.753600058258634,335,3,2,1,2.0,Other
CUST-006046,1,38.550023874017946,624,1,2,2,1.6666666666666667,At-Risk
CUST-006047,2,13601.389420664525,327,3,4,5,4.0,Potential Loyalists
CUST-006048,3,186.144078169435,14,5,5,5,5.0,Champions
CUST-006049,2,60.07579872013352,350,3,4,3,3.3333333333333335,Potential Loyalists
CUST-006050,3,118.02935307212209,242,3,5,4,4.0,Potential Loyalists
CUST-006052,1,139.21224708200344,279,3,2,4,3.0,Other
CUST-006053,3,356.1517963412066,152,4,5,5,4.666666666666667,Champions
CUST-006054,1,27.35494267239531,708,1,2,2,1.6666666666666667,At-Risk
CUST-006055,1,14.809992792381946,279,3,2,1,2.0,Other
CUST-006056,2,317.7743750922388,546,1,4,5,3.3333333333333335,Other
CUST-006057,2,59.55661730558179,596,1,4,3,2.6666666666666665,Other
CUST-006058,1,413.0479186066224,666,1,2,5,2.6666666666666665,At-Risk
CUST-006059,1,23.69339881677043,412,2,2,2,2.0,At-Risk
CUST-006060,4,172.13746465504198,84,5,5,5,5.0,Champions
CUST-006061,1,105.45842513549496,602,1,2,4,2.3333333333333335,At-Risk
CUST-006062,1,13.340948681206722,345,3,2,1,2.0,Other
CUST-006063,1,12514.189073730677,510,2,2,5,3.0,At-Risk
CUST-006064,2,186.28872200295027,278,3,4,5,4.0,Potential Loyalists
CUST-006065,1,143.03953958255963,93,5,2,4,3.6666666666666665,Other
CUST-006066,2,164.47582015406113,95,5,4,5,4.666666666666667,Champions
CUST-006067,1,89.98147668863159,383,2,2,4,2.6666666666666665,At-Risk
CUST-006068,1,15.41291775806237,718,1,2,1,1.3333333333333333,At-Risk
CUST-006069,2,121.00645459434494,220,4,4,4,4.0,Champions
CUST-006070,1,77.88781197283949,52,5,2,3,3.3333333333333335,Other
CUST-006071,1,9.358646788402872,301,3,2,1,2.0,Other
CUST-006072,1,28.537781945852277,507,2,2,2,2.0,At-Risk
CUST-006073,1,271.21572734359944,80,5,2,5,4.0,Other
CUST-006074,1,161.09284397564187,82,5,2,5,4.0,Other
CUST-006075,1,181.158231735232,481,2,2,5,3.0,At-Risk
CUST-006076,1,39.25131964949082,557,1,2,2,1.6666666666666667,At-Risk
CUST-006077,1,76.7032460165073,673,1,2,3,2.0,At-Risk
CUST-006078,1,208.61943814090176,267,3,2,5,3.3333333333333335,Other
CUST-006079,2,36.03984927410502,10,5,4,2,3.6666666666666665,Other
CUST-006080,3,130.6748989624594,60,5,5,4,4.666666666666667,Champions
CUST-006081,1,7.273700716474494,113,4,2,1,2.3333333333333335,Other
CUST-006082,1,42.51488986512267,212,4,2,3,3.0,Other
CUST-006083,2,48.38170474194699,241,3,4,3,3.3333333333333335,Potential Loyalists
CUST-006084,1,5753.059387818773,456,2,2,5,3.0,At-Risk
CUST-006085,1,14.667486021600752,208,4,2,1,2.3333333333333335,Other
CUST-006086,1,157.95163159528315,204,4,2,4,3.3333333333333335,Other
CUST-006087,1,80.91627651816293,282,3,2,4,3.0,Other
CUST-006088,1,12.034441056227784,682,1,2,1,1.3333333333333333,At-Risk
CUST-006089,1,68.56557110123205,364,2,2,3,2.3333333333333335,At-Risk
CUST-006090,3,1076.6944131447171,225,3,5,5,4.333333333333333,Potential Loyalists
CUST-006091,3,131.85337322977887,48,5,5,4,4.666666666666667,Champions
CUST-006092,2,293.8347914975948,9,5,4,5,4.666666666666667,Champions
CUST-006093,1,43.66258000728478,251,3,2,3,2.6666666666666665,Other
CUST-006094,2,33.2127494068349,334,3,4,2,3.0,Other
CUST-006095,2,107.72354057208524,107,4,4,4,4.0,Champions
CUST-006096,1,16.95819201889551,485,2,2,1,1.6666666666666667,At-Risk
CUST-006097,1,137.31762816411208,651,1,2,4,2.3333333333333335,At-Risk
CUST-006098,2,27.86605007423285,295,3,4,2,3.0,Other
CUST-006099,1,145.5125090549623,220,4,2,4,3.3333333333333335,Other
CUST-006100,3,90.59600380103221,181,4,5,4,4.333333333333333,Champions
CUST-006101,2,34.41914598389343,122,4,4,2,3.3333333333333335,Other
CUST-006102,1,8.9178246309185,602,1,2,1,1.3333333333333333,At-Risk
CUST-006103,3,38.01674499169735,26,5,5,2,4.0,Other
CUST-006104,2,64.14333621315234,187,4,4,3,3.6666666666666665,Potential Loyalists
CUST-006105,1,16.995569107558193,548,1,2,1,1.3333333333333333,At-Risk
CUST-006106,1,62.42122339064187,78,5,2,3,3.3333333333333335,Other
CUST-006107,2,259.9170439876575,522,1,4,5,3.3333333333333335,Other
CUST-006108,1,576.1634341035387,535,1,2,5,2.6666666666666665,At-Risk
CUST-006109,1,32.668787126681394,165,4,2,2,2.6666666666666665,Other
CUST-006110,1,9.992456372164437,726,1,2,1,1.3333333333333333,At-Risk
CUST-006111,1,57.4118142093804,72,5,2,3,3.3333333333333335,Other
CUST-006112,2,15.958529825277193,587,1,4,1,2.0,Other
CUST-006113,1,21.180492301936766,102,5,2,2,3.0,Other
CUST-006114,1,0.8351358464477637,50,5,2,1,2.6666666666666665,Other
CUST-006115,1,15.235158194589255,496,2,2,1,1.6666666666666667,At-Risk
CUST-006116,1,41.49905845905269,87,5,2,3,3.3333333333333335,Other
CUST-006117,2,25.62364791460226,548,1,4,2,2.3333333333333335,Other
CUST-006118,1,101.0556144886624,136,4,2,4,3.3333333333333335,Other
CUST-006119,1,197.2687431515094,409,2,2,5,3.0,At-Risk
CUST-006120,1,126.4910523460997,520,2,2,4,2.6666666666666665,At-Risk
CUST-006121,1,7.002268829646372,189,4,2,1,2.3333333333333335,Other
CUST-006122,2,230.78377091681105,531,1,4,5,3.3333333333333335,Other
CUST-006123,2,183.83830861937318,176,4,4,5,4.333333333333333,Champions
CUST-006124,1,19.5335600851271,28,5,2,2,3.0,Other
CUST-006125,3,228.1969231817823,353,3,5,5,4.333333333333333,Potential Loyalists
CUST-006126,1,63.994567516268944,609,1,2,3,2.0,At-Risk
CUST-006127,1,30.873070401220215,249,3,2,2,2.3333333333333335,Other
CUST-006128,1,123.12072512895531,234,3,2,4,3.0,Other
CUST-006129,1,22.312074739565222,59,5,2,2,3.0,Other
CUST-006130,2,93.54832370573529,358,3,4,4,3.6666666666666665,Potential Loyalists
CUST-006131,1,13.544336997807308,20,5,2,1,2.6666666666666665,Other
CUST-006132,1,22.423634194861997,703,1,2,2,1.6666666666666667,At-Risk
CUST-006133,3,367.97843583067817,347,3,5,5,4.333333333333333,Potential Loyalists
CUST-006134,1,12.36715313541293,142,4,2,1,2.3333333333333335,Other
CUST-006135,1,27.29031400776203,77,5,2,2,3.0,Other
CUST-006136,2,72.74472858498817,186,4,4,3,3.6666666666666665,Potential Loyalists
CUST-006137,3,195.97862178367615,49,5,5,5,5.0,Champions
CUST-006138,1,54.564190537399206,647,1,2,3,2.0,At-Risk
CUST-006139,1,61.23570349744125,707,1,2,3,2.0,At-Risk
CUST-006140,3,298.41633417777354,407,2,5,5,4.0,Other
CUST-006141,1,33.24963503396721,4,5,2,2,3.0,Other
CUST-006142,1,86.94399179066747,342,3,2,4,3.0,Other
CUST-006143,3,231.84346540214295,75,5,5,5,5.0,Champions
CUST-006144,1,11.48993285686534,678,1,2,1,1.3333333333333333,At-Risk
CUST-006145,3,63.22707628181249,2,5,5,3,4.333333333333333,Potential Loyalists
CUST-006146,1,16.614842463041498,479,2,2,1,1.6666666666666667,At-Risk
CUST-006147,1,16.694595569728396,525,1,2,1,1.3333333333333333,At-Risk
CUST-006148,1,610.6868162638204,463,2,2,5,3.0,At-Risk
CUST-006149,1,34.91188373081039,245,3,2,2,2.3333333333333335,Other
CUST-006150,1,15.074564695993464,597,1,2,1,1.3333333333333333,At-Risk
CUST-006151,1,28.862022575009036,299,3,2,2,2.3333333333333335,Other
CUST-006152,1,9.19652149114248,520,2,2,1,1.6666666666666667,At-Risk
CUST-006153,1,41.07490058943332,153,4,2,2,2.6666666666666665,Other
CUST-006154,1,149.21904012917508,268,3,2,4,3.0,Other
CUST-006155,2,52.828875354873475,159,4,4,3,3.6666666666666665,Potential Loyalists
CUST-006156,3,171.99584238868405,66,5,5,5,5.0,Champions
CUST-006157,1,47.85229128968924,36,5,2,3,3.3333333333333335,Other
CUST-006158,1,114.98877799850676,329,3,2,4,3.0,Other
CUST-006159,1,39.45209839901758,49,5,2,2,3.0,Other
CUST-006160,1,17.123485913022336,575,1,2,1,1.3333333333333333,At-Risk
CUST-006161,2,269.36584672403177,369,2,4,5,3.6666666666666665,Other
CUST-006162,1,63.69479879620153,651,1,2,3,2.0,At-Risk
CUST-006163,1,374.7072254696933,344,3,2,5,3.3333333333333335,Other
CUST-006164,2,50.779593104411916,298,3,4,3,3.3333333333333335,Potential Loyalists
CUST-006165,3,228.72029759018844,244,3,5,5,4.333333333333333,Potential Loyalists
CUST-006166,1,71.53337630216906,226,3,2,3,2.6666666666666665,Other
CUST-006167,2,50.14713506003672,152,4,4,3,3.6666666666666665,Potential Loyalists
CUST-006168,1,149.57091604957498,146,4,2,4,3.3333333333333335,Other
CUST-006169,2,43.15789898040308,90,5,4,3,4.0,Potential Loyalists
CUST-006170,2,98.15791650903192,213,4,4,4,4.0,Champions
CUST-006171,1,36.76615090437943,633,1,2,2,1.6666666666666667,At-Risk
CUST-006172,2,183.3607545184631,184,4,4,5,4.333333333333333,Champions
CUST-006173,3,454.28676897758027,208,4,5,5,4.666666666666667,Champions
CUST-006174,1,30.674587121269223,586,1,2,2,1.6666666666666667,At-Risk
CUST-006175,1,12.703228254428964,522,1,2,1,1.3333333333333333,At-Risk
CUST-006176,1,146.1789650245235,540,1,2,4,2.3333333333333335,At-Risk
CUST-006177,1,75.80556217467542,317,3,2,3,2.6666666666666665,Other
CUST-006178,1,4.672179745808687,408,2,2,1,1.6666666666666667,At-Risk
CUST-006179,1,229.42258857749653,20,5,2,5,4.0,Other
CUST-006180,1,81.939267526387,462,2,2,4,2.6666666666666665,At-Risk
CUST-006181,1,40.08564080092553,481,2,2,2,2.0,At-Risk
CUST-006182,1,182.8940303767232,578,1,2,5,2.6666666666666665,At-Risk
CUST-006183,1,90.00466707151188,686,1,2,4,2.3333333333333335,At-Risk
CUST-006184,2,125.08275782076082,237,3,4,4,3.6666666666666665,Potential Loyalists
CUST-006185,2,142.14713287273685,217,4,4,4,4.0,Champions
CUST-006187,1,74.37791789102923,669,1,2,3,2.0,At-Risk
CUST-006188,1,18.170754925456805,447,2,2,1,1.6666666666666667,At-Risk
CUST-006189,1,11.50914529842025,555,1,2,1,1.3333333333333333,At-Risk
CUST-006190,1,153.62389150063734,552,1,2,4,2.3333333333333335,At-Risk
CUST-006191,3,100.77916959042183,92,5,5,4,4.666666666666667,Champions
CUST-006192,1,62.41409395383893,151,4,2,3,3.0,Other
CUST-006193,1,16.1593556693085,371,2,2,1,1.6666666666666667,At-Risk
CUST-006194,1,52.722279275632296,90,5,2,3,3.3333333333333335,Other
CUST-006195,1,24.60115770256099,440,2,2,2,2.0,At-Risk
CUST-006196,1,222.76090691978376,310,3,2,5,3.3333333333333335,Other
CUST-006198,2,128.31166022501105,443,2,4,4,3.3333333333333335,Other
CUST-006199,2,81.92189218161302,285,3,4,4,3.6666666666666665,Potential Loyalists
CUST-006200,1,676.658094090232,439,2,2,5,3.0,At-Risk
CUST-006201,1,12.533686503055607,109,4,2,1,2.3333333333333335,Other
CUST-006202,1,117.57163029493732,546,1,2,4,2.3333333333333335,At-Risk
CUST-006203,1,55.934964108310346,236,3,2,3,2.6666666666666665,Other
CUST-006204,1,87.41533233450268,249,3,2,4,3.0,Other
CUST-006205,2,129.54547448481733,68,5,4,4,4.333333333333333,Champions
CUST-006206,1,102.01060888068072,6,5,2,4,3.6666666666666665,Other
CUST-006207,1,13.890399699247308,75,5,2,1,2.6666666666666665,Other
CUST-006208,2,396.2647479891548,57,5,4,5,4.666666666666667,Champions
CUST-006209,1,400.8222130137,56,5,2,5,4.0,Other
CUST-006210,1,85.75357508276804,195,4,2,4,3.3333333333333335,Other
CUST-006211,1,225.5871450931826,573,1,2,5,2.6666666666666665,At-Risk
CUST-006212,1,122.42157102695998,723,1,2,4,2.3333333333333335,At-Risk
CUST-006213,2,72.72825889501033,448,2,4,3,3.0,Other
CUST-006214,1,62.63171492054547,348,3,2,3,2.6666666666666665,Other
CUST-006215,1,39.3344633075608,440,2,2,2,2.0,At-Risk
CUST-006216,1,21.753887786808985,255,3,2,2,2.3333333333333335,Other
CUST-006217,1,46.79603440209416,657,1,2,3,2.0,At-Risk
CUST-006218,2,253.42185104166262,496,2,4,5,3.6666666666666665,Other
CUST-006219,2,669.7779409121298,444,2,4,5,3.6666666666666665,Other
CUST-006220,2,79.66385163250649,289,3,4,3,3.3333333333333335,Potential Loyalists
CUST-006221,1,208.71604338107835,34,5,2,5,4.0,Other
CUST-006223,1,28.71470629060942,265,3,2,2,2.3333333333333335,Other
CUST-006224,1,25.472087931365675,354,3,2,2,2.3333333333333335,Other
CUST-006225,1,3.8570926069890703,317,3,2,1,2.0,Other
CUST-006226,1,55.508227031632394,538,1,2,3,2.0,At-Risk
CUST-006227,2,392.99032615011237,50,5,4,5,4.666666666666667,Champions
CUST-006228,1,34.659338012811794,575,1,2,2,1.6666666666666667,At-Risk
CUST-006229,2,170.36372115544577,76,5,4,5,4.666666666666667,Champions
CUST-006230,2,112.07170561816582,212,4,4,4,4.0,Champions
CUST-006231,2,369.7269453040321,143,4,4,5,4.333333333333333,Champions
CUST-006232,2,72.40296234971534,49,5,4,3,4.0,Potential Loyalists
CUST-006233,1,21.666662873160128,58,5,2,2,3.0,Other
CUST-006234,2,186.967944444825,204,4,4,5,4.333333333333333,Champions
CUST-006235,1,7.242516407459279,674,1,2,1,1.3333333333333333,At-Risk
CUST-006236,2,144.8712548267768,524,1,4,4,3.0,Other
CUST-006237,3,194.75522620264104,81,5,5,5,5.0,Champions
CUST-006238,1,21.496080566762597,601,1,2,2,1.6666666666666667,At-Risk
CUST-006239,2,312.73075415350536,438,2,4,5,3.6666666666666665,Other
CUST-006240,1,93.95216655370972,657,1,2,4,2.3333333333333335,At-Risk
CUST-006242,3,358.4317589465884,372,2,5,5,4.0,Other
CUST-006243,2,145.70861723252494,173,4,4,4,4.0,Champions
CUST-006244,1,64.30233649530479,177,4,2,3,3.0,Other
CUST-006245,1,43.18334120164956,43,5,2,3,3.3333333333333335,Other
CUST-006246,1,7.82519880783896,633,1,2,1,1.3333333333333333,At-Risk
CUST-006247,2,65.41143516254722,531,1,4,3,2.6666666666666665,Other
CUST-006248,1,41.41446845040616,57,5,2,3,3.3333333333333335,Other
CUST-006249,1,31.286400186586963,176,4,2,2,2.6666666666666665,Other
CUST-006250,1,254.7796191147928,518,2,2,5,3.0,At-Risk
CUST-006251,1,9.300137871512074,654,1,2,1,1.3333333333333333,At-Risk
CUST-006252,3,264.1154251657812,341,3,5,5,4.333333333333333,Potential Loyalists
CUST-006253,1,277.6916432100965,147,4,2,5,3.6666666666666665,Other
CUST-006254,1,106.76172382263172,207,4,2,4,3.3333333333333335,Other
CUST-006255,2,296.0791125108047,16,5,4,5,4.666666666666667,Champions
CUST-006256,1,55.92028472250847,31,5,2,3,3.3333333333333335,Other
CUST-006257,2,135.4845845551664,207,4,4,4,4.0,Champions
CUST-006258,3,200.898419700084,68,5,5,5,5.0,Champions
CUST-006259,1,22.60963432019866,135,4,2,2,2.6666666666666665,Other
CUST-006260,1,225.6329244840852,170,4,2,5,3.6666666666666665,Other
CUST-006261,1,3.6225741127511855,467,2,2,1,1.6666666666666667,At-Risk
CUST-006262,2,142.76107367548263,48,5,4,4,4.333333333333333,Champions
CUST-006263,2,171.86026389292843,32,5,4,5,4.666666666666667,Champions
CUST-006264,2,180.23282052552005,265,3,4,5,4.0,Potential Loyalists
CUST-006265,1,24.807857124918307,621,1,2,2,1.6666666666666667,At-Risk
CUST-006266,3,54.17539624983941,8,5,5,3,4.333333333333333,Potential Loyalists
CUST-006267,1,26.44481343044506,101,5,2,2,3.0,Other
CUST-006268,2,74.73756315709889,233,3,4,3,3.3333333333333335,Potential Loyalists
CUST-006269,1,51.45613706028897,345,3,2,3,2.6666666666666665,Other
CUST-006270,2,25.919020168616566,54,5,4,2,3.6666666666666665,Other
CUST-006271,1,34.71374001654943,475,2,2,2,2.0,At-Risk
CUST-006272,1,15.606246290281954,251,3,2,1,2.0,Other
CUST-006273,3,57.12696960778514,552,1,5,3,3.0,Other
CUST-006274,1,30.552505666555323,409,2,2,2,2.0,At-Risk
CUST-006275,2,70.09219138741119,174,4,4,3,3.6666666666666665,Potential Loyalists
CUST-006276,1,23.470690390970756,317,3,2,2,2.3333333333333335,Other
CUST-006277,2,40.33962734450565,1,5,4,2,3.6666666666666665,Other
CUST-006278,1,63.14849714898201,546,1,2,3,2.0,At-Risk
CUST-006279,2,146.6216423435543,386,2,4,4,3.3333333333333335,Other
CUST-006280,2,115.02723559900255,197,4,4,4,4.0,Champions
CUST-006281,1,11.28064009038645,512,2,2,1,1.6666666666666667,At-Risk
CUST-006282,1,13.684809464921372,467,2,2,1,1.6666666666666667,At-Risk
CUST-006283,1,14.976165844961866,599,1,2,1,1.3333333333333333,At-Risk
CUST-006284,2,14.532350334070047,78,5,4,1,3.3333333333333335,Other
CUST-006285,2,81.01192340643959,29,5,4,4,4.333333333333333,Champions
CUST-006286,2,114.97516179679045,256,3,4,4,3.6666666666666665,Potential Loyalists
CUST-006288,2,8989.148268960282,260,3,4,5,4.0,Potential Loyalists
CUST-006289,2,1091.2569783003262,86,5,4,5,4.666666666666667,Champions
CUST-006290,2,10.515485812980467,357,3,4,1,2.6666666666666665,Other
CUST-006291,1,150.11614762203175,150,4,2,4,3.3333333333333335,Other
CUST-006292,1,6.590261698144605,199,4,2,1,2.3333333333333335,Other
CUST-006293,1,6.193381863776384,137,4,2,1,2.3333333333333335,Other
CUST-006294,2,134.03040498234074,160,4,4,4,4.0,Champions
CUST-006295,1,30.16104336236831,132,4,2,2,2.6666666666666665,Other
CUST-006296,4,578.3499185310072,122,4,5,5,4.666666666666667,Champions
CUST-006297,2,132.62029240271488,436,2,4,4,3.3333333333333335,Other
CUST-006298,2,81.62596302966647,167,4,4,4,4.0,Champions
CUST-006299,1,34.96761519448153,588,1,2,2,1.6666666666666667,At-Risk
CUST-006300,2,34.65740719410176,293,3,4,2,3.0,Other
CUST-006301,1,5.402517665085623,225,3,2,1,2.0,Other
CUST-006302,1,9.062366384424337,491,2,2,1,1.6666666666666667,At-Risk
CUST-006303,1,67.2477998532806,225,3,2,3,2.6666666666666665,Other
CUST-006304,2,89.62807101032341,23,5,4,4,4.333333333333333,Champions
CUST-006305,2,11.608569137916637,62,5,4,1,3.3333333333333335,Other
CUST-006306,3,9102.661024570865,243,3,5,5,4.333333333333333,Potential Loyalists
CUST-006307,1,502.59646214497894,324,3,2,5,3.3333333333333335,Other
CUST-006308,1,67.99299041037324,191,4,2,3,3.0,Other
CUST-006309,2,23.40289977376444,27,5,4,2,3.6666666666666665,Other
CUST-006310,2,33.35581824386542,666,1,4,2,2.3333333333333335,Other
CUST-006311,1,33.00979459925048,726,1,2,2,1.6666666666666667,At-Risk
CUST-006312,1,9.370722589815031,521,1,2,1,1.3333333333333333,At-Risk
CUST-006313,1,25.875255926120634,433,2,2,2,2.0,At-Risk
CUST-006314,3,352.89749117456137,211,4,5,5,4.666666666666667,Champions
CUST-006315,2,85.89904933398384,163,4,4,4,4.0,Champions
CUST-006316,1,17.641016946224312,544,1,2,1,1.3333333333333333,At-Risk
CUST-006317,4,296.28037524050023,241,3,5,5,4.333333333333333,Potential Loyalists
CUST-006318,1,73.7138895151087,560,1,2,3,2.0,At-Risk
CUST-006319,3,70.96417770525424,48,5,5,3,4.333333333333333,Potential Loyalists
CUST-006320,1,443.41060612488286,699,1,2,5,2.6666666666666665,At-Risk
CUST-006321,3,106.44625644561181,73,5,5,4,4.666666666666667,Champions
CUST-006322,1,270.81074408843074,182,4,2,5,3.6666666666666665,Other
CUST-006323,1,65.33884419979498,238,3,2,3,2.6666666666666665,Other
CUST-006324,1,25.05059318341406,719,1,2,2,1.6666666666666667,At-Risk
CUST-006325,2,115.92237315594663,151,4,4,4,4.0,Champions
CUST-006326,1,30.82774781932436,248,3,2,2,2.3333333333333335,Other
CUST-006327,1,112.3232352547915,626,1,2,4,2.3333333333333335,At-Risk
CUST-006328,3,82.4694781767666,140,4,5,4,4.333333333333333,Champions
CUST-006329,2,118.05666276648068,102,5,4,4,4.333333333333333,Champions
CUST-006330,1,37.4609678498036,727,1,2,2,1.6666666666666667,At-Risk
CUST-006331,1,21.775746487352254,302,3,2,2,2.3333333333333335,Other
CUST-006332,3,34.31768815475782,219,4,5,2,3.6666666666666665,Other
CUST-006334,1,144.79413332778685,595,1,2,4,2.3333333333333335,At-Risk
CUST-006335,1,100.99500849020951,55,5,2,4,3.6666666666666665,Other
CUST-006336,1,37.05780888747558,248,3,2,2,2.3333333333333335,Other
CUST-006337,2,46.736528311219416,548,1,4,3,2.6666666666666665,Other
CUST-006338,3,6303.060219708916,225,3,5,5,4.333333333333333,Potential Loyalists
CUST-006339,1,63.90941137573924,289,3,2,3,2.6666666666666665,Other
CUST-006340,1,63.020378717408654,549,1,2,3,2.0,At-Risk
CUST-006341,2,42.806175511565336,336,3,4,3,3.3333333333333335,Potential Loyalists
CUST-006342,1,36.91740491154699,490,2,2,2,2.0,At-Risk
CUST-006343,3,48.37488446985085,215,4,5,3,4.0,Potential Loyalists
CUST-006344,1,51.554947842816816,454,2,2,3,2.3333333333333335,At-Risk
CUST-006345,3,81.09440469712231,6,5,5,4,4.666666666666667,Champions
CUST-006346,1,43.74495950629518,89,5,2,3,3.3333333333333335,Other
CUST-006347,1,7.8150819056895715,496,2,2,1,1.6666666666666667,At-Risk
CUST-006348,1,21.7203214940429,711,1,2,2,1.6666666666666667,At-Risk
CUST-006349,1,17.78523439320676,611,1,2,1,1.3333333333333333,At-Risk
CUST-006350,1,854.2353837566974,211,4,2,5,3.6666666666666665,Other
CUST-006351,1,85.51051888014237,718,1,2,4,2.3333333333333335,At-Risk
CUST-006352,1,3.697377762237298,556,1,2,1,1.3333333333333333,At-Risk
CUST-006353,2,15.965153103420414,288,3,4,1,2.6666666666666665,Other
CUST-006354,3,136.55492021486302,198,4,5,4,4.333333333333333,Champions
CUST-006355,2,367.80043923424887,48,5,4,5,4.666666666666667,Champions
CUST-006356,1,220.44780634248704,189,4,2,5,3.6666666666666665,Other
CUST-006357,2,8838.307814903157,235,3,4,5,4.0,Potential Loyalists
CUST-006358,1,57.439185576508585,44,5,2,3,3.3333333333333335,Other
CUST-006359,2,104.7678469934632,21,5,4,4,4.333333333333333,Champions
CUST-006360,1,495.3471712742984,391,2,2,5,3.0,At-Risk
CUST-006361,2,8250.912307746654,350,3,4,5,4.0,Potential Loyalists
CUST-006362,3,193.3516400424488,129,4,5,5,4.666666666666667,Champions
CUST-006363,2,609.2149361200958,321,3,4,5,4.0,Potential Loyalists
CUST-006364,1,38.64721311311594,329,3,2,2,2.3333333333333335,Other
CUST-006365,2,31.2888324932529,549,1,4,2,2.3333333333333335,Other
CUST-006366,2,165.85030409741023,443,2,4,5,3.6666666666666665,Other
CUST-006367,1,61.96954493313576,652,1,2,3,2.0,At-Risk
CUST-006368,1,4.831017028931499,59,5,2,1,2.6666666666666665,Other
CUST-006369,2,80.11834292528548,98,5,4,4,4.333333333333333,Champions
CUST-006370,1,232.61497625571909,623,1,2,5,2.6666666666666665,At-Risk
CUST-006371,2,38.83113789401507,289,3,4,2,3.0,Other
CUST-006372,3,343.93116215740895,522,1,5,5,3.6666666666666665,Other
CUST-006373,1,11.072731890956316,525,1,2,1,1.3333333333333333,At-Risk
CUST-006374,1,127.24935528093287,202,4,2,4,3.3333333333333335,Other
CUST-006375,2,124.37084619626008,324,3,4,4,3.6666666666666665,Potential Loyalists
CUST-006376,1,47.221747649973885,243,3,2,3,2.6666666666666665,Other
CUST-006377,3,80.84429791554575,187,4,5,4,4.333333333333333,Champions
CUST-006378,1,399.3774668098157,363,2,2,5,3.0,At-Risk
CUST-006379,1,27.99818769373035,523,1,2,2,1.6666666666666667,At-Risk
CUST-006380,1,202.8354387577088,263,3,2,5,3.3333333333333335,Other
CUST-006381,1,84.4214987807565,330,3,2,4,3.0,Other
CUST-006382,3,31.16949886309495,68,5,5,2,4.0,Other
CUST-006383,2,39.63057536629562,108,4,4,2,3.3333333333333335,Other
CUST-006384,1,28.964751674155966,650,1,2,2,1.6666666666666667,At-Risk
CUST-006385,1,157.55219442056114,450,2,2,4,2.6666666666666665,At-Risk
CUST-006386,1,44.41276026540119,349,3,2,3,2.6666666666666665,Other
CUST-006387,1,184.12633743255236,553,1,2,5,2.6666666666666665,At-Risk
CUST-006388,1,65.26135142710599,268,3,2,3,2.6666666666666665,Other
CUST-006389,1,50.5106147799064,139,4,2,3,3.0,Other
CUST-006390,1,57.73403253378606,6,5,2,3,3.3333333333333335,Other
CUST-006391,1,16.508230002522247,31,5,2,1,2.6666666666666665,Other
CUST-006392,1,51.96924218825303,79,5,2,3,3.3333333333333335,Other
CUST-006393,1,110.70599389844844,481,2,2,4,2.6666666666666665,At-Risk
CUST-006394,1,62.4115818521374,585,1,2,3,2.0,At-Risk
CUST-006395,2,21.661765456303144,78,5,4,2,3.6666666666666665,Other
CUST-006396,1,71.53732794733702,646,1,2,3,2.0,At-Risk
CUST-006397,4,198.5580577146245,143,4,5,5,4.666666666666667,Champions
CUST-006398,2,73.05968194333745,270,3,4,3,3.3333333333333335,Potential Loyalists
CUST-006399,1,33.120342340954686,470,2,2,2,2.0,At-Risk
CUST-006400,1,18.89942089562423,646,1,2,2,1.6666666666666667,At-Risk
CUST-006402,3,175.36588256909386,142,4,5,5,4.666666666666667,Champions
CUST-006403,2,27.32132410053763,165,4,4,2,3.3333333333333335,Other
CUST-006404,1,9.418988632194454,601,1,2,1,1.3333333333333333,At-Risk
CUST-006405,2,125.9879896404073,176,4,4,4,4.0,Champions
CUST-006406,1,5.85732995517154,437,2,2,1,1.6666666666666667,At-Risk
CUST-006407,2,496.85448209368826,6,5,4,5,4.666666666666667,Champions
CUST-006408,1,9.943647959741671,218,4,2,1,2.3333333333333335,Other
CUST-006409,1,69.5627181659989,85,5,2,3,3.3333333333333335,Other
CUST-006410,1,42.82663741324341,191,4,2,3,3.0,Other
CUST-006411,3,129.89725990293726,194,4,5,4,4.333333333333333,Champions
CUST-006412,3,96.05435960854192,442,2,5,4,3.6666666666666665,Other
CUST-006413,1,1.9363845933622832,195,4,2,1,2.3333333333333335,Other
CUST-006414,2,10.689579179224307,78,5,4,1,3.3333333333333335,Other
CUST-006415,1,10.0800843088261,13,5,2,1,2.6666666666666665,Other
CUST-006416,1,15.00496827852762,40,5,2,1,2.6666666666666665,Other
CUST-006417,4,475.3808869313461,188,4,5,5,4.666666666666667,Champions
CUST-006418,1,32.861042098347774,541,1,2,2,1.6666666666666667,At-Risk
CUST-006419,1,53.240700255054186,527,1,2,3,2.0,At-Risk
CUST-006420,2,144.36458060463426,198,4,4,4,4.0,Champions
CUST-006421,4,246.54296505007568,8,5,5,5,5.0,Champions
CUST-006422,1,68.45930768533017,576,1,2,3,2.0,At-Risk
CUST-006425,1,5.545056991131812,456,2,2,1,1.6666666666666667,At-Risk
CUST-006426,1,18.27643310828726,479,2,2,1,1.6666666666666667,At-Risk
CUST-006427,2,68.23710444360269,308,3,4,3,3.3333333333333335,Potential Loyalists
CUST-006428,1,15.078971094289535,191,4,2,1,2.3333333333333335,Other
CUST-006429,1,23.703301056592,226,3,2,2,2.3333333333333335,Other
CUST-006430,1,7.1516468870768755,661,1,2,1,1.3333333333333333,At-Risk
CUST-006431,3,253.77840135246004,46,5,5,5,5.0,Champions
CUST-006432,1,17.492893192624162,269,3,2,1,2.0,Other
CUST-006433,2,26.670140823203923,59,5,4,2,3.6666666666666665,Other
CUST-006434,1,11.857927101829006,326,3,2,1,2.0,Other
CUST-006435,1,7.921682278374646,355,3,2,1,2.0,Other
CUST-006436,1,218.8026410585223,549,1,2,5,2.6666666666666665,At-Risk
CUST-006437,1,48.40767612518541,180,4,2,3,3.0,Other
CUST-006438,1,6.511118003318171,268,3,2,1,2.0,Other
CUST-006439,1,17.0589669129017,661,1,2,1,1.3333333333333333,At-Risk
CUST-006440,3,211.86721455336462,16,5,5,5,5.0,Champions
CUST-006441,1,10.833126605321205,725,1,2,1,1.3333333333333333,At-Risk
CUST-006442,2,51.98570874906606,232,3,4,3,3.3333333333333335,Potential Loyalists
CUST-006443,1,17.28453768603053,118,4,2,1,2.3333333333333335,Other
CUST-006444,1,8.045699528878407,358,3,2,1,2.0,Other
CUST-006445,1,31.36881309887736,114,4,2,2,2.6666666666666665,Other
CUST-006446,2,52.01903960957124,210,4,4,3,3.6666666666666665,Potential Loyalists
CUST-006447,2,119.55333611965247,114,4,4,4,4.0,Champions
CUST-006448,2,13.20924510933758,20,5,4,1,3.3333333333333335,Other
CUST-006449,2,156.56186187101554,163,4,4,4,4.0,Champions
CUST-006450,1,58.00284982957047,711,1,2,3,2.0,At-Risk
CUST-006451,2,42.71511632368545,141,4,4,3,3.6666666666666665,Potential Loyalists
CUST-006452,1,28.688059475537333,562,1,2,2,1.6666666666666667,At-Risk
CUST-006453,1,297.6301246220229,721,1,2,5,2.6666666666666665,At-Risk
CUST-006454,1,153.10340508459524,401,2,2,4,2.6666666666666665,At-Risk
CUST-006455,1,4.715370870763338,106,5,2,1,2.6666666666666665,Other
CUST-006456,1,12.583137046418017,638,1,2,1,1.3333333333333333,At-Risk
CUST-006457,2,44.280803979827894,405,2,4,3,3.0,Other
CUST-006458,3,347.7254739436746,76,5,5,5,5.0,Champions
CUST-006459,1,32.28039893273785,618,1,2,2,1.6666666666666667,At-Risk
CUST-006460,1,17.48944838056445,698,1,2,1,1.3333333333333333,At-Risk
CUST-006461,2,76.45675132251111,593,1,4,3,2.6666666666666665,Other
CUST-006462,1,38.44483586025224,18,5,2,2,3.0,Other
CUST-006463,1,75.45811741095014,572,1,2,3,2.0,At-Risk
CUST-006464,1,5.0728552903025514,78,5,2,1,2.6666666666666665,Other
CUST-006465,1,8.761148540295872,5,5,2,1,2.6666666666666665,Other
CUST-006466,2,12684.758064229021,109,4,4,5,4.333333333333333,Champions
CUST-006467,1,135.05491699213906,108,4,2,4,3.3333333333333335,Other
CUST-006468,2,85.55851358428433,168,4,4,4,4.0,Champions
CUST-006469,2,89.16214403431535,149,4,4,4,4.0,Champions
CUST-006470,3,11219.351691609436,175,4,5,5,4.666666666666667,Champions
CUST-006471,1,3.2051766868869356,383,2,2,1,1.6666666666666667,At-Risk
CUST-006472,2,63.371308981224544,164,4,4,3,3.6666666666666665,Potential Loyalists
CUST-006473,1,14.396361727347614,640,1,2,1,1.3333333333333333,At-Risk
CUST-006474,1,50.9245053198126,34,5,2,3,3.3333333333333335,Other
CUST-006475,2,23.009941062797736,276,3,4,2,3.0,Other
CUST-006476,1,32.71828373855413,222,3,2,2,2.3333333333333335,Other
CUST-006477,2,74.2308798337242,47,5,4,3,4.0,Potential Loyalists
CUST-006478,2,44.814687315388056,243,3,4,3,3.3333333333333335,Potential Loyalists
CUST-006479,1,225.71441823059493,278,3,2,5,3.3333333333333335,Other
CUST-006480,1,54.1356139168033,673,1,2,3,2.0,At-Risk
CUST-006481,1,24.903969193980338,442,2,2,2,2.0,At-Risk
CUST-006482,2,108.23187776017255,168,4,4,4,4.0,Champions
CUST-006483,1,16.727851186022015,623,1,2,1,1.3333333333333333,At-Risk
CUST-006484,2,169.42249737710432,47,5,4,5,4.666666666666667,Champions
CUST-006485,2,47.02086422775026,369,2,4,3,3.0,Other
CUST-006486,1,16.41118818074776,463,2,2,1,1.6666666666666667,At-Risk
CUST-006487,1,142.68238547875737,521,1,2,4,2.3333333333333335,At-Risk
CUST-006488,1,29.218093695218485,229,3,2,2,2.3333333333333335,Other
CUST-006489,2,6.453041861075921,700,1,4,1,2.0,Other
CUST-006490,1,244.63199697838223,172,4,2,5,3.6666666666666665,Other
CUST-006491,2,182.06524411820712,92,5,4,5,4.666666666666667,Champions
CUST-006492,1,59.83011704116779,231,3,2,3,2.6666666666666665,Other
CUST-006493,1,3.183404572396669,646,1,2,1,1.3333333333333333,At-Risk
CUST-006494,3,204.90713379628983,147,4,5,5,4.666666666666667,Champions
CUST-006495,1,173.23170747819577,626,1,2,5,2.6666666666666665,At-Risk
CUST-006496,1,4.349666065120923,621,1,2,1,1.3333333333333333,At-Risk
CUST-006497,1,78.24873691976815,268,3,2,3,2.6666666666666665,Other
CUST-006498,1,5.831040542069251,0,5,2,1,2.6666666666666665,Other
CUST-006499,1,12.59193996093662,521,1,2,1,1.3333333333333333,At-Risk
CUST-006500,1,79.14347224101662,378,2,2,3,2.3333333333333335,At-Risk
CUST-006501,1,51.45363624952902,422,2,2,3,2.3333333333333335,At-Risk
CUST-006502,1,12.980372573389143,472,2,2,1,1.6666666666666667,At-Risk
CUST-006503,2,30.56107934363494,433,2,4,2,2.6666666666666665,Other
CUST-006504,1,126.0262323680856,593,1,2,4,2.3333333333333335,At-Risk
CUST-006505,1,9.545320234377728,555,1,2,1,1.3333333333333333,At-Risk
CUST-006506,1,18.7918713105029,50,5,2,1,2.6666666666666665,Other
CUST-006507,3,117.91753480811549,404,2,5,4,3.6666666666666665,Other
CUST-006508,1,34.500192141247865,523,1,2,2,1.6666666666666667,At-Risk
CUST-006509,1,55.98927284729373,456,2,2,3,2.3333333333333335,At-Risk
CUST-006510,3,445.1817534301269,67,5,5,5,5.0,Champions
CUST-006511,1,7389.448653243757,208,4,2,5,3.6666666666666665,Other
CUST-006512,2,130.02008604074086,294,3,4,4,3.6666666666666665,Potential Loyalists
CUST-006513,1,9.500279336657004,635,1,2,1,1.3333333333333333,At-Risk
CUST-006514,2,66.46128493885175,12,5,4,3,4.0,Potential Loyalists
CUST-006515,2,23.16883942772373,634,1,4,2,2.3333333333333335,Other
CUST-006516,1,227.0605950832925,710,1,2,5,2.6666666666666665,At-Risk
CUST-006517,2,251.39336537910296,258,3,4,5,4.0,Potential Loyalists
CUST-006518,1,36.81997506253858,486,2,2,2,2.0,At-Risk
CUST-006519,1,41.63926591871748,280,3,2,3,2.6666666666666665,Other
CUST-006520,3,130.17114597976826,233,3,5,4,4.0,Potential Loyalists
CUST-006521,1,33.202696306380695,550,1,2,2,1.6666666666666667,At-Risk
CUST-006522,1,118.38360475937664,677,1,2,4,2.3333333333333335,At-Risk
CUST-006523,1,4.405806179242127,425,2,2,1,1.6666666666666667,At-Risk
CUST-006524,1,56.568298503028984,378,2,2,3,2.3333333333333335,At-Risk
CUST-006525,2,122.46842626027053,58,5,4,4,4.333333333333333,Champions
CUST-006526,2,144.8114359922257,67,5,4,4,4.333333333333333,Champions
CUST-006527,1,161.89538741269135,20,5,2,5,4.0,Other
CUST-006528,2,15.926557258226012,411,2,4,1,2.3333333333333335,Other
CUST-006529,2,29.09732368946267,325,3,4,2,3.0,Other
CUST-006530,1,42.46556847974848,255,3,2,3,2.6666666666666665,Other
CUST-006531,3,451.3791005748979,123,4,5,5,4.666666666666667,Champions
CUST-006532,2,73.58401578897416,423,2,4,3,3.0,Other
CUST-006533,1,32.06294311071907,725,1,2,2,1.6666666666666667,At-Risk
CUST-006534,2,136.28825286879513,60,5,4,4,4.333333333333333,Champions
CUST-006535,2,95.11884720968706,596,1,4,4,3.0,Other
CUST-006536,1,74.2865316986209,214,4,2,3,3.0,Other
CUST-006537,1,1.280588904932623,665,1,2,1,1.3333333333333333,At-Risk
CUST-006538,1,32.1862288290927,59,5,2,2,3.0,Other
CUST-006539,2,44.79484168374922,220,4,4,3,3.6666666666666665,Potential Loyalists
CUST-006540,2,14.322725017437516,175,4,4,1,3.0,Other
CUST-006541,2,98.05694318188652,336,3,4,4,3.6666666666666665,Potential Loyalists
CUST-006542,2,33.64537268846682,89,5,4,2,3.6666666666666665,Other
CUST-006543,2,44.10534233116222,232,3,4,3,3.3333333333333335,Potential Loyalists
CUST-006544,1,125.50833284330317,528,1,2,4,2.3333333333333335,At-Risk
CUST-006545,2,10363.394443890855,192,4,4,5,4.333333333333333,Champions
CUST-006546,1,24.419008025442096,638,1,2,2,1.6666666666666667,At-Risk
CUST-006547,2,92.74822670944519,175,4,4,4,4.0,Champions
CUST-006548,2,239.36179441196262,63,5,4,5,4.666666666666667,Champions
CUST-006549,2,183.10766043648678,71,5,4,5,4.666666666666667,Champions
CUST-006550,2,273.69703195042496,433,2,4,5,3.6666666666666665,Other
CUST-006551,1,36.20421210442813,230,3,2,2,2.3333333333333335,Other
CUST-006552,1,275.5340550059715,702,1,2,5,2.6666666666666665,At-Risk
CUST-006553,1,43.83975944900656,418,2,2,3,2.3333333333333335,At-Risk
CUST-006554,2,48.392374597586056,174,4,4,3,3.6666666666666665,Potential Loyalists
CUST-006555,1,22.499905941199167,290,3,2,2,2.3333333333333335,Other
CUST-006556,2,772.7951965632809,601,1,4,5,3.3333333333333335,Other
CUST-006557,1,11.064415035890002,10,5,2,1,2.6666666666666665,Other
CUST-006558,1,16.14844448466752,86,5,2,1,2.6666666666666665,Other
CUST-006559,1,25.41484074869017,192,4,2,2,2.6666666666666665,Other
CUST-006560,2,47.41341278692019,264,3,4,3,3.3333333333333335,Potential Loyalists
CUST-006561,1,34.17031037138134,640,1,2,2,1.6666666666666667,At-Risk
CUST-006562,1,7.487937690420035,514,2,2,1,1.6666666666666667,At-Risk
CUST-006563,1,20.553594332465913,579,1,2,2,1.6666666666666667,At-Risk
CUST-006564,3,272.50827787339387,364,2,5,5,4.0,Other
CUST-006565,2,130.10132070756092,383,2,4,4,3.3333333333333335,Other
CUST-006566,2,33.17702788412515,22,5,4,2,3.6666666666666665,Other
CUST-006567,1,118.73568962959136,74,5,2,4,3.6666666666666665,Other
CUST-006568,1,95.67690253062348,662,1,2,4,2.3333333333333335,At-Risk
CUST-006569,1,27.210552688612204,528,1,2,2,1.6666666666666667,At-Risk
CUST-006570,1,121.7010825678786,250,3,2,4,3.0,Other
CUST-006571,2,133.343657306893,230,3,4,4,3.6666666666666665,Potential Loyalists
CUST-006572,1,120.0547252690931,326,3,2,4,3.0,Other
CUST-006573,1,324.61737000593604,475,2,2,5,3.0,At-Risk
CUST-006574,2,76.99417394126232,476,2,4,3,3.0,Other
CUST-006575,2,99.27882667013671,69,5,4,4,4.333333333333333,Champions
CUST-006576,1,17.365108890343564,297,3,2,1,2.0,Other
CUST-006577,1,29.385287812376788,68,5,2,2,3.0,Other
CUST-006578,1,38.727274151664176,289,3,2,2,2.3333333333333335,Other
CUST-006579,2,51.688306294727504,1,5,4,3,4.0,Potential Loyalists
CUST-006580,3,154.76030491340393,196,4,5,4,4.333333333333333,Champions
CUST-006581,1,36.96626202129032,86,5,2,2,3.0,Other
CUST-006582,2,5816.606258378672,245,3,4,5,4.0,Potential Loyalists
CUST-006583,3,195.07700387375615,301,3,5,5,4.333333333333333,Potential Loyalists
CUST-006584,2,281.75297787684025,64,5,4,5,4.666666666666667,Champions
CUST-006585,1,106.28491469064294,172,4,2,4,3.3333333333333335,Other
CUST-006586,2,253.77809437771606,191,4,4,5,4.333333333333333,Champions
CUST-006587,1,15.349650760396536,693,1,2,1,1.3333333333333333,At-Risk
CUST-006589,4,259.6981911444462,7,5,5,5,5.0,Champions
CUST-006590,3,7302.696742809361,39,5,5,5,5.0,Champions
CUST-006591,1,23.980608589677093,721,1,2,2,1.6666666666666667,At-Risk
CUST-006592,2,43.614332945718616,255,3,4,3,3.3333333333333335,Potential Loyalists
CUST-006593,1,9.71450139191094,224,3,2,1,2.0,Other
CUST-006594,2,282.16636100071923,38,5,4,5,4.666666666666667,Champions
CUST-006595,1,21.39917210675118,594,1,2,2,1.6666666666666667,At-Risk
CUST-006597,1,13022.6195576604,532,1,2,5,2.6666666666666665,At-Risk
CUST-006598,1,14.562765609154756,206,4,2,1,2.3333333333333335,Other
CUST-006599,1,29.85013345766108,109,4,2,2,2.6666666666666665,Other
CUST-006600,1,99.55385026562462,719,1,2,4,2.3333333333333335,At-Risk
CUST-006601,2,16.152312026963134,256,3,4,1,2.6666666666666665,Other
CUST-006603,2,101.64503034806296,376,2,4,4,3.3333333333333335,Other
CUST-006604,2,509.5115852945538,220,4,4,5,4.333333333333333,Champions
CUST-006605,1,46.88313556182883,451,2,2,3,2.3333333333333335,At-Risk
CUST-006606,1,23.88839875004326,496,2,2,2,2.0,At-Risk
CUST-006607,1,6.938241435958069,318,3,2,1,2.0,Other
CUST-006608,1,14.707900656502082,233,3,2,1,2.0,Other
CUST-006609,1,11.295344723348707,687,1,2,1,1.3333333333333333,At-Risk
CUST-006610,2,9666.108893906256,93,5,4,5,4.666666666666667,Champions
CUST-006611,2,231.81409676178882,323,3,4,5,4.0,Potential Loyalists
CUST-006612,1,28.62753996617199,490,2,2,2,2.0,At-Risk
CUST-006613,2,185.26554889960812,226,3,4,5,4.0,Potential Loyalists
CUST-006615,4,124.79569007805108,38,5,5,4,4.666666666666667,Champions
CUST-006616,2,60.14604358731393,127,4,4,3,3.6666666666666665,Potential Loyalists
CUST-006617,2,115.47478221461803,47,5,4,4,4.333333333333333,Champions
CUST-006618,2,70.41869866428411,118,4,4,3,3.6666666666666665,Potential Loyalists
CUST-006619,1,28.206072503729924,593,1,2,2,1.6666666666666667,At-Risk
CUST-006620,2,21.762592940588252,588,1,4,2,2.3333333333333335,Other
CUST-006621,1,13.30451175403266,286,3,2,1,2.0,Other
CUST-006622,1,82.90359487658202,181,4,2,4,3.3333333333333335,Other
CUST-006623,2,90.9156163554417,174,4,4,4,4.0,Champions
CUST-006624,2,233.2883677676458,86,5,4,5,4.666666666666667,Champions
CUST-006625,1,295.32000860012965,304,3,2,5,3.3333333333333335,Other
CUST-006626,1,64.80542733694158,396,2,2,3,2.3333333333333335,At-Risk
CUST-006627,2,95.76794432028969,105,5,4,4,4.333333333333333,Champions
CUST-006628,1,47.02953536494191,585,1,2,3,2.0,At-Risk
CUST-006629,3,86.66051787976374,106,5,5,4,4.666666666666667,Champions
CUST-006630,2,345.7818880391465,296,3,4,5,4.0,Potential Loyalists
CUST-006631,1,20.48992326218334,345,3,2,2,2.3333333333333335,Other
CUST-006632,1,31.981842267405145,10,5,2,2,3.0,Other
CUST-006633,1,10408.330555519256,430,2,2,5,3.0,At-Risk
CUST-006634,1,21.315726751614253,504,2,2,2,2.0,At-Risk
CUST-006635,1,97.2900605247493,502,2,2,4,2.6666666666666665,At-Risk
CUST-006636,2,104.7417397757564,451,2,4,4,3.3333333333333335,Other
CUST-006637,2,36.97976400338736,335,3,4,2,3.0,Other
CUST-006638,1,11185.519715804705,604,1,2,5,2.6666666666666665,At-Risk
CUST-006639,3,617.2943304307307,288,3,5,5,4.333333333333333,Potential Loyalists
CUST-006640,1,17.79636977224187,625,1,2,1,1.3333333333333333,At-Risk
CUST-006641,2,55.80292660407465,462,2,4,3,3.0,Other
CUST-006643,2,50.76216870064454,139,4,4,3,3.6666666666666665,Potential Loyalists
CUST-006644,2,569.7700915183527,50,5,4,5,4.666666666666667,Champions
CUST-006645,3,108.43019242067358,136,4,5,4,4.333333333333333,Champions
CUST-006646,2,271.23866402758466,334,3,4,5,4.0,Potential Loyalists
CUST-006647,3,134.14808948164577,32,5,5,4,4.666666666666667,Champions
CUST-006648,1,29.356719858450568,435,2,2,2,2.0,At-Risk
CUST-006649,1,7997.118317481513,38,5,2,5,4.0,Other
CUST-006650,1,330.78333721740665,64,5,2,5,4.0,Other
CUST-006651,1,290.14930461444357,578,1,2,5,2.6666666666666665,At-Risk
CUST-006652,1,284.81560639324454,567,1,2,5,2.6666666666666665,At-Risk
CUST-006653,3,33.47775219190835,446,2,5,2,3.0,Other
CUST-006654,2,34.387195298061066,406,2,4,2,2.6666666666666665,Other
CUST-006655,1,163.23025174814543,130,4,2,5,3.6666666666666665,Other
CUST-006656,2,121.59958933444697,388,2,4,4,3.3333333333333335,Other
CUST-006657,2,45.50125484537704,328,3,4,3,3.3333333333333335,Potential Loyalists
CUST-006658,1,34.45881885302984,92,5,2,2,3.0,Other
CUST-006659,1,32.033726086353745,62,5,2,2,3.0,Other
CUST-006660,2,56.73608414683794,557,1,4,3,2.6666666666666665,Other
CUST-006661,1,14.214752931185826,457,2,2,1,1.6666666666666667,At-Risk
CUST-006662,1,12.22899805664676,505,2,2,1,1.6666666666666667,At-Risk
CUST-006663,1,29.18323068366081,625,1,2,2,1.6666666666666667,At-Risk
CUST-006664,1,25.53425322286822,504,2,2,2,2.0,At-Risk
CUST-006665,1,221.42145997767724,426,2,2,5,3.0,At-Risk
CUST-006666,2,267.44518148131857,327,3,4,5,4.0,Potential Loyalists
CUST-006667,1,13.559256914251703,359,2,2,1,1.6666666666666667,At-Risk
CUST-006668,2,54.597896409446584,25,5,4,3,4.0,Potential Loyalists
CUST-006669,2,49.93261843372154,170,4,4,3,3.6666666666666665,Potential Loyalists
CUST-006670,1,225.613463960769,525,1,2,5,2.6666666666666665,At-Risk
CUST-006671,1,40.551167505946886,603,1,2,2,1.6666666666666667,At-Risk
CUST-006672,1,8.38956868175452,299,3,2,1,2.0,Other
CUST-006673,1,17.448093632670084,529,1,2,1,1.3333333333333333,At-Risk
CUST-006674,1,27.468034389462773,404,2,2,2,2.0,At-Risk
CUST-006675,2,24.706993676601673,121,4,4,2,3.3333333333333335,Other
CUST-006676,2,24.608247671599777,179,4,4,2,3.3333333333333335,Other
CUST-006677,1,16.48428240536562,642,1,2,1,1.3333333333333333,At-Risk
CUST-006678,2,48.845046786705716,412,2,4,3,3.0,Other
CUST-006679,1,35.69686802636157,624,1,2,2,1.6666666666666667,At-Risk
CUST-006680,1,9.613389044909052,389,2,2,1,1.6666666666666667,At-Risk
CUST-006681,2,126.6510873854904,344,3,4,4,3.6666666666666665,Potential Loyalists
CUST-006683,1,29.362935471452644,423,2,2,2,2.0,At-Risk
CUST-006684,2,51.0299707376279,3,5,4,3,4.0,Potential Loyalists
CUST-006685,1,17.952881572500747,249,3,2,1,2.0,Other
CUST-006686,1,41.240401136105326,163,4,2,2,2.6666666666666665,Other
CUST-006687,2,172.19837025099983,351,3,4,5,4.0,Potential Loyalists
CUST-006688,2,49.6614234187317,95,5,4,3,4.0,Potential Loyalists
CUST-006689,1,18.2244451401005,271,3,2,1,2.0,Other
CUST-006690,2,228.72445072748366,11,5,4,5,4.666666666666667,Champions
CUST-006691,1,55.02824986771703,263,3,2,3,2.6666666666666665,Other
CUST-006693,1,46.60444266119228,184,4,2,3,3.0,Other
CUST-006695,2,33.0658741530128,373,2,4,2,2.6666666666666665,Other
CUST-006696,1,37.91275888170789,596,1,2,2,1.6666666666666667,At-Risk
CUST-006697,1,25.44845132375848,706,1,2,2,1.6666666666666667,At-Risk
CUST-006698,1,20.067583305368096,21,5,2,2,3.0,Other
CUST-006699,1,13.729189269978606,186,4,2,1,2.3333333333333335,Other
CUST-006700,1,145.60596362790906,269,3,2,4,3.0,Other
CUST-006701,1,176.16791940276408,469,2,2,5,3.0,At-Risk
CUST-006702,2,37.547773184528076,367,2,4,2,2.6666666666666665,Other
CUST-006703,1,9902.781256169486,362,2,2,5,3.0,At-Risk
CUST-006704,1,23.780424271624103,508,2,2,2,2.0,At-Risk
CUST-006705,3,390.8766211554368,272,3,5,5,4.333333333333333,Potential Loyalists
CUST-006706,1,19.12528486695043,680,1,2,2,1.6666666666666667,At-Risk
CUST-006707,1,47.1115571237766,362,2,2,3,2.3333333333333335,At-Risk
CUST-006708,2,53.08068041438384,466,2,4,3,3.0,Other
CUST-006709,2,36.02005541947524,29,5,4,2,3.6666666666666665,Other
CUST-006710,2,20.552814034907627,226,3,4,2,3.0,Other
CUST-006711,2,432.1480992615497,46,5,4,5,4.666666666666667,Champions
CUST-006712,2,49.555225840806784,282,3,4,3,3.3333333333333335,Potential Loyalists
CUST-006713,1,22.35522312202876,293,3,2,2,2.3333333333333335,Other
CUST-006714,1,40.70728188921262,13,5,2,2,3.0,Other
CUST-006715,1,7.544395335182841,405,2,2,1,1.6666666666666667,At-Risk
CUST-006716,2,55.563031756917184,358,3,4,3,3.3333333333333335,Potential Loyalists
CUST-006717,2,119.51576678348096,135,4,4,4,4.0,Champions
CUST-006718,1,33.10112036089155,50,5,2,2,3.0,Other
CUST-006719,2,541.1924787847555,150,4,4,5,4.333333333333333,Champions
CUST-006720,1,30.18465948302501,292,3,2,2,2.3333333333333335,Other
CUST-006721,1,45.66010235573019,210,4,2,3,3.0,Other
CUST-006722,2,90.8978565804117,28,5,4,4,4.333333333333333,Champions
CUST-006723,2,153.12835000059528,86,5,4,4,4.333333333333333,Champions
CUST-006724,1,40.88935072369889,218,4,2,2,2.6666666666666665,Other
CUST-006725,1,17.512049089506313,370,2,2,1,1.6666666666666667,At-Risk
CUST-006726,1,24.175783508124493,537,1,2,2,1.6666666666666667,At-Risk
CUST-006727,2,28.255623251662605,450,2,4,2,2.6666666666666665,Other
CUST-006728,1,17.723836201640292,228,3,2,1,2.0,Other
CUST-006729,1,38.49358512403268,206,4,2,2,2.6666666666666665,Other
CUST-006730,1,52.48203831247121,608,1,2,3,2.0,At-Risk
CUST-006731,1,98.73708592370052,40,5,2,4,3.6666666666666665,Other
CUST-006732,3,122.36605110690523,82,5,5,4,4.666666666666667,Champions
CUST-006733,2,357.4729255284159,257,3,4,5,4.0,Potential Loyalists
CUST-006734,1,18.040706735163052,510,2,2,1,1.6666666666666667,At-Risk
CUST-006735,1,23.439122840727503,569,1,2,2,1.6666666666666667,At-Risk
CUST-006736,1,17.825431200338425,88,5,2,1,2.6666666666666665,Other
CUST-006737,2,285.9852594863758,244,3,4,5,4.0,Potential Loyalists
CUST-006738,2,156.66214245270052,259,3,4,4,3.6666666666666665,Potential Loyalists
CUST-006739,2,41.723869391445795,388,2,4,3,3.0,Other
CUST-006740,1,51.184590685121826,160,4,2,3,3.0,Other
CUST-006741,1,78.39727237733096,435,2,2,3,2.3333333333333335,At-Risk
CUST-006742,1,43.37715762928226,465,2,2,3,2.3333333333333335,At-Risk
CUST-006743,1,26.90919922539364,179,4,2,2,2.6666666666666665,Other
CUST-006744,1,12.749752466810827,553,1,2,1,1.3333333333333333,At-Risk
CUST-006745,2,179.59424620949216,305,3,4,5,4.0,Potential Loyalists
CUST-006746,1,160.2695600875705,143,4,2,4,3.3333333333333335,Other
CUST-006747,1,7.220409151082095,341,3,2,1,2.0,Other
CUST-006748,1,4.398649157696354,632,1,2,1,1.3333333333333333,At-Risk
CUST-006749,4,253.36234994223395,203,4,5,5,4.666666666666667,Champions
CUST-006751,1,40.67671989588696,483,2,2,2,2.0,At-Risk
CUST-006752,2,148.26386139263207,306,3,4,4,3.6666666666666665,Potential Loyalists
CUST-006753,1,25.037496485725512,37,5,2,2,3.0,Other
CUST-006754,1,5.265328418040592,117,4,2,1,2.3333333333333335,Other
CUST-006755,2,72.31294923722541,211,4,4,3,3.6666666666666665,Potential Loyalists
CUST-006756,1,61.389391260803414,482,2,2,3,2.3333333333333335,At-Risk
CUST-006757,1,100.58030389043144,278,3,2,4,3.0,Other
CUST-006758,1,42.927257743737215,253,3,2,3,2.6666666666666665,Other
CUST-006759,1,22.365027052782477,661,1,2,2,1.6666666666666667,At-Risk
CUST-006760,1,92.60863773716468,541,1,2,4,2.3333333333333335,At-Risk
CUST-006761,1,8.81542154718586,48,5,2,1,2.6666666666666665,Other
CUST-006762,2,24.227980397081907,214,4,4,2,3.3333333333333335,Other
CUST-006763,1,22.02661434818266,483,2,2,2,2.0,At-Risk
CUST-006764,3,112.73107068266486,125,4,5,4,4.333333333333333,Champions
CUST-006765,2,73.92565472584398,227,3,4,3,3.3333333333333335,Potential Loyalists
CUST-006766,1,14.539316887524018,560,1,2,1,1.3333333333333333,At-Risk
CUST-006767,2,145.01043569917252,405,2,4,4,3.3333333333333335,Other
CUST-006768,2,314.2395629623451,213,4,4,5,4.333333333333333,Champions
CUST-006769,1,3.3225641920884597,390,2,2,1,1.6666666666666667,At-Risk
CUST-006770,1,159.38581252971676,724,1,2,4,2.3333333333333335,At-Risk
CUST-006771,3,192.8299500396825,75,5,5,5,5.0,Champions
CUST-006772,3,232.7924846366862,267,3,5,5,4.333333333333333,Potential Loyalists
CUST-006773,1,105.78276020555572,607,1,2,4,2.3333333333333335,At-Risk
CUST-006774,2,28.060278873496376,441,2,4,2,2.6666666666666665,Other
CUST-006775,2,51.00973010361274,131,4,4,3,3.6666666666666665,Potential Loyalists
CUST-006776,1,13.099523958207143,88,5,2,1,2.6666666666666665,Other
CUST-006777,2,60.970464349014804,180,4,4,3,3.6666666666666665,Potential Loyalists
CUST-006778,2,161.81136969735493,106,5,4,5,4.666666666666667,Champions
CUST-006779,1,14.606438268764208,206,4,2,1,2.3333333333333335,Other
CUST-006780,1,96.67818088943132,569,1,2,4,2.3333333333333335,At-Risk
CUST-006781,2,78.53599016953018,109,4,4,3,3.6666666666666665,Potential Loyalists
CUST-006782,2,256.41821994363636,80,5,4,5,4.666666666666667,Champions
CUST-006783,2,162.68572983086958,578,1,4,5,3.3333333333333335,Other
CUST-006784,2,312.0665265365506,590,1,4,5,3.3333333333333335,Other
CUST-006785,1,88.0517525901533,718,1,2,4,2.3333333333333335,At-Risk
CUST-006786,2,64.73450974853358,661,1,4,3,2.6666666666666665,Other
CUST-006787,1,69.2651892778587,700,1,2,3,2.0,At-Risk
CUST-006788,2,90.29327485214148,611,1,4,4,3.0,Other
CUST-006789,2,425.1927984621299,240,3,4,5,4.0,Potential Loyalists
CUST-006790,2,89.60198372426763,134,4,4,4,4.0,Champions
CUST-006792,1,40.24055311524706,270,3,2,2,2.3333333333333335,Other
CUST-006793,2,79.82010156337488,158,4,4,3,3.6666666666666665,Potential Loyalists
CUST-006794,2,286.9105605788442,0,5,4,5,4.666666666666667,Champions
CUST-006795,1,19.199203896804825,34,5,2,2,3.0,Other
CUST-006796,1,33.6305292306279,524,1,2,2,1.6666666666666667,At-Risk
CUST-006797,2,38.376741905302495,92,5,4,2,3.6666666666666665,Other
CUST-006798,1,205.1206878329103,173,4,2,5,3.6666666666666665,Other
CUST-006799,1,76.39840421264367,82,5,2,3,3.3333333333333335,Other
CUST-006800,3,312.52794772722007,57,5,5,5,5.0,Champions
CUST-006801,1,56.66981000034969,8,5,2,3,3.3333333333333335,Other
CUST-006802,3,142.01705431680932,34,5,5,4,4.666666666666667,Champions
CUST-006803,1,258.01517151015645,407,2,2,5,3.0,At-Risk
CUST-006804,1,11.41039038951296,649,1,2,1,1.3333333333333333,At-Risk
CUST-006805,1,62.79278485990539,563,1,2,3,2.0,At-Risk
CUST-006807,2,82.24246766574889,525,1,4,4,3.0,Other
CUST-006808,1,5.3799324319543675,596,1,2,1,1.3333333333333333,At-Risk
CUST-006809,1,21.082318255223615,486,2,2,2,2.0,At-Risk
CUST-006810,3,35.53410866359251,191,4,5,2,3.6666666666666665,Other
CUST-006811,1,4.494801613687941,307,3,2,1,2.0,Other
CUST-006812,1,49.83879535662806,651,1,2,3,2.0,At-Risk
CUST-006813,2,35.908619187327865,18,5,4,2,3.6666666666666665,Other
CUST-006814,2,369.62017412409364,628,1,4,5,3.3333333333333335,Other
CUST-006815,1,13.896580524313965,107,4,2,1,2.3333333333333335,Other
CUST-006816,2,64.15262301644346,58,5,4,3,4.0,Potential Loyalists
CUST-006817,2,102.23039923377459,383,2,4,4,3.3333333333333335,Other
CUST-006818,1,21.56996081860692,229,3,2,2,2.3333333333333335,Other
CUST-006819,1,64.82416477346113,239,3,2,3,2.6666666666666665,Other
CUST-006820,3,81.05662692088704,36,5,5,4,4.666666666666667,Champions
CUST-006821,1,72.42869845651684,594,1,2,3,2.0,At-Risk
CUST-006822,1,25.536517521978425,222,3,2,2,2.3333333333333335,Other
CUST-006823,1,13.20903117082414,362,2,2,1,1.6666666666666667,At-Risk
CUST-006824,2,141.24996463613857,144,4,4,4,4.0,Champions
CUST-006825,1,87.03952944224804,337,3,2,4,3.0,Other
CUST-006826,1,44.642606897870074,721,1,2,3,2.0,At-Risk
CUST-006827,1,10.707122639667553,360,2,2,1,1.6666666666666667,At-Risk
CUST-006828,1,10.507479490899906,508,2,2,1,1.6666666666666667,At-Risk
CUST-006829,2,71.36057795980722,216,4,4,3,3.6666666666666665,Potential Loyalists
CUST-006830,1,15.183268443137928,659,1,2,1,1.3333333333333333,At-Risk
CUST-006831,1,16.135239984754527,725,1,2,1,1.3333333333333333,At-Risk
CUST-006832,1,22.04405537021494,564,1,2,2,1.6666666666666667,At-Risk
CUST-006833,1,54.544104256258805,612,1,2,3,2.0,At-Risk
CUST-006834,1,23.23553506936331,72,5,2,2,3.0,Other
CUST-006835,1,35.20773154143765,670,1,2,2,1.6666666666666667,At-Risk
CUST-006836,1,85.99584669479502,522,1,2,4,2.3333333333333335,At-Risk
CUST-006837,1,13.477807454580669,367,2,2,1,1.6666666666666667,At-Risk
CUST-006838,3,93.18354443307643,323,3,5,4,4.0,Potential Loyalists
CUST-006839,2,143.67868512246648,85,5,4,4,4.333333333333333,Champions
CUST-006840,1,3.688218107384256,567,1,2,1,1.3333333333333333,At-Risk
CUST-006841,1,82.94916203347184,603,1,2,4,2.3333333333333335,At-Risk
CUST-006842,2,157.8396258671748,78,5,4,4,4.333333333333333,Champions
CUST-006843,1,66.98651171362125,100,5,2,3,3.3333333333333335,Other
CUST-006844,1,23.900445332780627,120,4,2,2,2.6666666666666665,Other
CUST-006845,1,51.63555798427194,317,3,2,3,2.6666666666666665,Other
CUST-006846,2,53.61031238287539,361,2,4,3,3.0,Other
CUST-006847,2,2928.292572609953,633,1,4,5,3.3333333333333335,Other
CUST-006848,1,88.19159496224124,397,2,2,4,2.6666666666666665,At-Risk
CUST-006849,1,80.82853037195537,111,4,2,4,3.3333333333333335,Other
CUST-006850,1,23.998560635922917,390,2,2,2,2.0,At-Risk
CUST-006851,1,11.523844481725876,301,3,2,1,2.0,Other
CUST-006852,1,9966.012494525648,373,2,2,5,3.0,At-Risk
CUST-006853,3,234.60221264569637,59,5,5,5,5.0,Champions
CUST-006854,1,70.0831845395006,389,2,2,3,2.3333333333333335,At-Risk
CUST-006855,2,73.71285327060075,43,5,4,3,4.0,Potential Loyalists
CUST-006856,2,52.06554830632493,223,3,4,3,3.3333333333333335,Potential Loyalists
CUST-006857,1,32.89135501578444,633,1,2,2,1.6666666666666667,At-Risk
CUST-006858,1,59.07769861322116,253,3,2,3,2.6666666666666665,Other
CUST-006859,1,12.51072129732998,111,4,2,1,2.3333333333333335,Other
CUST-006860,1,14.958812824688644,660,1,2,1,1.3333333333333333,At-Risk
CUST-006861,1,117.16379913284692,445,2,2,4,2.6666666666666665,At-Risk
CUST-006862,1,30.89626097852012,478,2,2,2,2.0,At-Risk
CUST-006863,1,82.43203237646395,559,1,2,4,2.3333333333333335,At-Risk
CUST-006864,2,141.50972216837602,110,4,4,4,4.0,Champions
CUST-006865,2,226.0924730443538,28,5,4,5,4.666666666666667,Champions
CUST-006866,1,20.602648453096595,192,4,2,2,2.6666666666666665,Other
CUST-006867,1,185.13693897338055,532,1,2,5,2.6666666666666665,At-Risk
CUST-006868,1,15.629752220626626,647,1,2,1,1.3333333333333333,At-Risk
CUST-006869,2,192.21700448243547,48,5,4,5,4.666666666666667,Champions
CUST-006870,3,269.6541970713111,23,5,5,5,5.0,Champions
CUST-006871,1,8.98831803188195,82,5,2,1,2.6666666666666665,Other
CUST-006872,2,92.10368975427751,92,5,4,4,4.333333333333333,Champions
CUST-006873,1,50.28444880609269,183,4,2,3,3.0,Other
CUST-006874,2,452.1830634542076,87,5,4,5,4.666666666666667,Champions
CUST-006875,1,44.374094155828715,187,4,2,3,3.0,Other
CUST-006876,1,54.04998395441064,111,4,2,3,3.0,Other
CUST-006877,1,16.672445613895043,66,5,2,1,2.6666666666666665,Other
CUST-006878,1,43.84355337340151,170,4,2,3,3.0,Other
CUST-006879,1,26.651112180749813,247,3,2,2,2.3333333333333335,Other
CUST-006880,1,14.90614808678476,672,1,2,1,1.3333333333333333,At-Risk
CUST-006881,1,38.203253502079136,509,2,2,2,2.0,At-Risk
CUST-006882,3,397.0202114392321,17,5,5,5,5.0,Champions
CUST-006883,2,91.12569867481774,117,4,4,4,4.0,Champions
CUST-006884,1,26.566880157592227,405,2,2,2,2.0,At-Risk
CUST-006885,1,7.141254000026913,715,1,2,1,1.3333333333333333,At-Risk
CUST-006886,1,15.75512641726903,341,3,2,1,2.0,Other
CUST-006887,1,6.138315397008582,627,1,2,1,1.3333333333333333,At-Risk
CUST-006888,1,385.4948229521672,12,5,2,5,4.0,Other
CUST-006889,1,28.16928121660597,460,2,2,2,2.0,At-Risk
CUST-006890,1,190.060321014823,671,1,2,5,2.6666666666666665,At-Risk
CUST-006891,1,349.53318394894575,523,1,2,5,2.6666666666666665,At-Risk
CUST-006892,2,309.7805102567876,179,4,4,5,4.333333333333333,Champions
CUST-006893,3,137.36827216123973,23,5,5,4,4.666666666666667,Champions
CUST-006894,2,182.75456460725394,142,4,4,5,4.333333333333333,Champions
CUST-006895,2,76.40290934367054,121,4,4,3,3.6666666666666665,Potential Loyalists
CUST-006896,2,47.76749035111595,249,3,4,3,3.3333333333333335,Potential Loyalists
CUST-006897,1,7.00549495090551,237,3,2,1,2.0,Other
CUST-006898,2,140.50450535147309,18,5,4,4,4.333333333333333,Champions
CUST-006899,2,241.42042742329772,533,1,4,5,3.3333333333333335,Other
CUST-006900,1,754.603662672595,102,5,2,5,4.0,Other
CUST-006901,2,88.53034422891648,16,5,4,4,4.333333333333333,Champions
CUST-006902,3,113.23273614467846,242,3,5,4,4.0,Potential Loyalists
CUST-006903,1,3.614055880598931,307,3,2,1,2.0,Other
CUST-006904,1,144.33579731719914,91,5,2,4,3.6666666666666665,Other
CUST-006905,1,13.385469275412513,446,2,2,1,1.6666666666666667,At-Risk
CUST-006906,3,186.48921395166477,74,5,5,5,5.0,Champions
CUST-006907,1,144.80424823605557,488,2,2,4,2.6666666666666665,At-Risk
CUST-006908,2,69.40116727735993,261,3,4,3,3.3333333333333335,Potential Loyalists
CUST-006909,1,10.060974604611337,401,2,2,1,1.6666666666666667,At-Risk
CUST-006910,1,53.35818561289451,447,2,2,3,2.3333333333333335,At-Risk
CUST-006911,3,103.23324711765325,348,3,5,4,4.0,Potential Loyalists
CUST-006912,2,28.15129474765959,129,4,4,2,3.3333333333333335,Other
CUST-006913,1,60.46674473161648,201,4,2,3,3.0,Other
CUST-006914,1,20.819765606429357,622,1,2,2,1.6666666666666667,At-Risk
CUST-006915,1,38.01104046871462,564,1,2,2,1.6666666666666667,At-Risk
CUST-006916,2,77.83981969681801,530,1,4,3,2.6666666666666665,Other
CUST-006917,1,50.309579330214845,722,1,2,3,2.0,At-Risk
CUST-006918,2,189.21244215803154,99,5,4,5,4.666666666666667,Champions
CUST-006919,1,44.25062873023015,150,4,2,3,3.0,Other
CUST-006920,3,47.23971381033523,65,5,5,3,4.333333333333333,Potential Loyalists
CUST-006921,1,22.89132585912442,250,3,2,2,2.3333333333333335,Other
CUST-006922,1,35.631113526179185,448,2,2,2,2.0,At-Risk
CUST-006923,1,13.5379961414067,704,1,2,1,1.3333333333333333,At-Risk
CUST-006924,1,90.96821841296423,710,1,2,4,2.3333333333333335,At-Risk
CUST-006925,3,178.39214679261244,503,2,5,5,4.0,Other
CUST-006926,1,13.05746325025596,450,2,2,1,1.6666666666666667,At-Risk
CUST-006927,1,19.212119560350413,99,5,2,2,3.0,Other
CUST-006928,1,80.01326939470704,497,2,2,4,2.6666666666666665,At-Risk
CUST-006929,3,57.34706615559171,5,5,5,3,4.333333333333333,Potential Loyalists
CUST-006930,1,21.427784142237726,630,1,2,2,1.6666666666666667,At-Risk
CUST-006931,1,35.90104363165107,527,1,2,2,1.6666666666666667,At-Risk
CUST-006932,1,42.14163746988328,161,4,2,3,3.0,Other
CUST-006933,1,15.468519020446006,362,2,2,1,1.6666666666666667,At-Risk
CUST-006934,1,336.9158061719515,629,1,2,5,2.6666666666666665,At-Risk
CUST-006935,1,25.476439788041095,458,2,2,2,2.0,At-Risk
CUST-006936,1,145.05401101174246,51,5,2,4,3.6666666666666665,Other
CUST-006937,2,32.54207874377811,24,5,4,2,3.6666666666666665,Other
CUST-006938,2,8664.484865625132,145,4,4,5,4.333333333333333,Champions
CUST-006939,3,326.078486045442,216,4,5,5,4.666666666666667,Champions
CUST-006940,1,148.13510461565335,118,4,2,4,3.3333333333333335,Other
CUST-006941,1,76.38448208720007,284,3,2,3,2.6666666666666665,Other
CUST-006942,2,301.1984745957086,22,5,4,5,4.666666666666667,Champions
CUST-006943,1,17.469551480441456,32,5,2,1,2.6666666666666665,Other
CUST-006944,2,19.455366489831626,86,5,4,2,3.6666666666666665,Other
CUST-006945,2,118.07987525095812,233,3,4,4,3.6666666666666665,Potential Loyalists
CUST-006946,1,0.8393072276393326,641,1,2,1,1.3333333333333333,At-Risk
CUST-006947,1,9.800242943148929,466,2,2,1,1.6666666666666667,At-Risk
CUST-006948,1,73.38482415508524,277,3,2,3,2.6666666666666665,Other
CUST-006949,1,71.19789610624011,103,5,2,3,3.3333333333333335,Other
CUST-006950,4,83.61906495789637,14,5,5,4,4.666666666666667,Champions
CUST-006951,1,86.17844132925997,256,3,2,4,3.0,Other
CUST-006952,1,20.13039470774134,291,3,2,2,2.3333333333333335,Other
CUST-006953,1,161.73696802327083,357,3,2,5,3.3333333333333335,Other
CUST-006954,2,13148.399325455497,538,1,4,5,3.3333333333333335,Other
CUST-006955,1,133.55119576378283,218,4,2,4,3.3333333333333335,Other
CUST-006956,1,76.76814577135269,409,2,2,3,2.3333333333333335,At-Risk
CUST-006957,1,32.26254973641256,402,2,2,2,2.0,At-Risk
CUST-006958,1,44.161735053798594,59,5,2,3,3.3333333333333335,Other
CUST-006959,1,35.292004537630696,442,2,2,2,2.0,At-Risk
CUST-006960,1,5.166126601496139,321,3,2,1,2.0,Other
CUST-006961,2,111.78266914750655,92,5,4,4,4.333333333333333,Champions
CUST-006962,1,203.25199764937665,308,3,2,5,3.3333333333333335,Other
CUST-006963,1,5.629000749157285,64,5,2,1,2.6666666666666665,Other
CUST-006964,2,144.53788970207248,57,5,4,4,4.333333333333333,Champions
CUST-006965,1,98.0803011801494,210,4,2,4,3.3333333333333335,Other
CUST-006966,1,539.1889246505926,309,3,2,5,3.3333333333333335,Other
CUST-006967,2,70.64571016954632,448,2,4,3,3.0,Other
CUST-006968,1,161.35886013522008,426,2,2,5,3.0,At-Risk
CUST-006969,2,172.69680800953827,521,1,4,5,3.3333333333333335,Other
CUST-006970,1,4.7243480556484165,16,5,2,1,2.6666666666666665,Other
CUST-006971,2,53.68579164447283,125,4,4,3,3.6666666666666665,Potential Loyalists
CUST-006972,3,183.5020688651923,176,4,5,5,4.666666666666667,Champions
CUST-006973,1,67.45205963461318,387,2,2,3,2.3333333333333335,At-Risk
CUST-006974,1,5.230004834592524,659,1,2,1,1.3333333333333333,At-Risk
CUST-006975,2,51.89925730536241,98,5,4,3,4.0,Potential Loyalists
CUST-006976,1,61.43019220031449,0,5,2,3,3.3333333333333335,Other
CUST-006977,2,103.4307484566146,188,4,4,4,4.0,Champions
CUST-006978,1,4.087664068002135,313,3,2,1,2.0,Other
CUST-006979,1,13.68283507368376,638,1,2,1,1.3333333333333333,At-Risk
CUST-006980,2,14.903017669121708,285,3,4,1,2.6666666666666665,Other
CUST-006981,5,7845.023758611749,2,5,5,5,5.0,Champions
CUST-006982,3,172.76429369051988,45,5,5,5,5.0,Champions
CUST-006983,2,121.24438394104833,199,4,4,4,4.0,Champions
CUST-006984,1,158.2658733047474,541,1,2,4,2.3333333333333335,At-Risk
CUST-006985,1,13.74493025584736,428,2,2,1,1.6666666666666667,At-Risk
CUST-006986,2,26.358643421320426,334,3,4,2,3.0,Other
CUST-006987,2,76.92132089411643,185,4,4,3,3.6666666666666665,Potential Loyalists
CUST-006988,1,7.413258887015608,143,4,2,1,2.3333333333333335,Other
CUST-006989,2,42.19290902952651,13,5,4,3,4.0,Potential Loyalists
CUST-006990,2,53.17537316386284,60,5,4,3,4.0,Potential Loyalists
CUST-006991,2,542.5711304544307,191,4,4,5,4.333333333333333,Champions
CUST-006992,1,40.46789788970243,312,3,2,2,2.3333333333333335,Other
CUST-006993,1,23.43483832388715,343,3,2,2,2.3333333333333335,Other
CUST-006994,2,101.99857052428789,84,5,4,4,4.333333333333333,Champions
CUST-006995,1,24.16190113164332,205,4,2,2,2.6666666666666665,Other
CUST-006996,2,66.41758640317049,513,2,4,3,3.0,Other
CUST-006997,2,71.93700006746248,519,2,4,3,3.0,Other
CUST-006998,1,6027.8653912874315,467,2,2,5,3.0,At-Risk
CUST-006999,2,55.26017751386803,379,2,4,3,3.0,Other
CUST-007000,3,90.97526363127076,301,3,5,4,4.0,Potential Loyalists
CUST-007001,3,210.97187839762498,86,5,5,5,5.0,Champions
CUST-007002,1,48.106812353069515,467,2,2,3,2.3333333333333335,At-Risk
CUST-007003,4,119.56079802861706,15,5,5,4,4.666666666666667,Champions
CUST-007004,2,131.75622904203777,323,3,4,4,3.6666666666666665,Potential Loyalists
CUST-007005,2,41.625037623194174,234,3,4,3,3.3333333333333335,Potential Loyalists
CUST-007006,2,97.79924343385926,605,1,4,4,3.0,Other
CUST-007007,2,64.46570964858344,108,4,4,3,3.6666666666666665,Potential Loyalists
CUST-007008,1,55.04521783547756,427,2,2,3,2.3333333333333335,At-Risk
CUST-007009,2,236.410371416045,59,5,4,5,4.666666666666667,Champions
CUST-007010,3,557.9916136041275,56,5,5,5,5.0,Champions
CUST-007011,2,133.99628269070882,162,4,4,4,4.0,Champions
CUST-007012,2,259.4930190637117,691,1,4,5,3.3333333333333335,Other
CUST-007013,1,24.519033051702547,681,1,2,2,1.6666666666666667,At-Risk
CUST-007014,1,63.87987800446607,281,3,2,3,2.6666666666666665,Other
CUST-007015,2,45.02232137918229,103,5,4,3,4.0,Potential Loyalists
CUST-007016,1,8577.572696267795,156,4,2,5,3.6666666666666665,Other
CUST-007017,2,27.173831540536952,465,2,4,2,2.6666666666666665,Other
CUST-007018,1,21.443316260592947,487,2,2,2,2.0,At-Risk
CUST-007019,1,48.06629748007936,316,3,2,3,2.6666666666666665,Other
CUST-007020,1,116.08346948120678,276,3,2,4,3.0,Other
CUST-007021,1,148.19455069874832,387,2,2,4,2.6666666666666665,At-Risk
CUST-007022,1,160.3049931322996,65,5,2,4,3.6666666666666665,Other
CUST-007023,1,433.98318843573594,686,1,2,5,2.6666666666666665,At-Risk
CUST-007024,2,42.069475999761856,200,4,4,3,3.6666666666666665,Potential Loyalists
CUST-007025,2,58.36628457598431,316,3,4,3,3.3333333333333335,Potential Loyalists
CUST-007026,1,42.816169806422195,444,2,2,3,2.3333333333333335,At-Risk
CUST-007027,2,154.2835479879302,228,3,4,4,3.6666666666666665,Potential Loyalists
CUST-007028,3,409.6361882936659,164,4,5,5,4.666666666666667,Champions
CUST-007029,1,54.11921883861588,5,5,2,3,3.3333333333333335,Other
CUST-007030,2,85.37265648143047,81,5,4,4,4.333333333333333,Champions
CUST-007032,3,117.0015300105219,152,4,5,4,4.333333333333333,Champions
CUST-007033,2,139.9505935050234,275,3,4,4,3.6666666666666665,Potential Loyalists
CUST-007034,1,5.147654965879271,106,4,2,1,2.3333333333333335,Other
CUST-007035,1,56.59710515382184,148,4,2,3,3.0,Other
CUST-007036,2,73.45320128733742,506,2,4,3,3.0,Other
CUST-007037,2,774.4361042823664,305,3,4,5,4.0,Potential Loyalists
CUST-007038,1,56.705684235335,460,2,2,3,2.3333333333333335,At-Risk
CUST-007039,1,89.63817893418562,642,1,2,4,2.3333333333333335,At-Risk
CUST-007040,1,42.93500333394299,211,4,2,3,3.0,Other
CUST-007041,1,33.34136109914119,307,3,2,2,2.3333333333333335,Other
CUST-007042,3,137.94835284137395,377,2,5,4,3.6666666666666665,Other
CUST-007043,1,24.30732436830599,160,4,2,2,2.6666666666666665,Other
CUST-007044,2,104.72029155549959,267,3,4,4,3.6666666666666665,Potential Loyalists
CUST-007045,1,24.46501547463118,562,1,2,2,1.6666666666666667,At-Risk
CUST-007046,2,92.94400488088334,195,4,4,4,4.0,Champions
CUST-007047,1,100.3895011426654,378,2,2,4,2.6666666666666665,At-Risk
CUST-007048,1,21.996271975321584,58,5,2,2,3.0,Other
CUST-007049,1,125.41100660562174,348,3,2,4,3.0,Other
CUST-007050,1,35.01284912857104,668,1,2,2,1.6666666666666667,At-Risk
CUST-007051,1,55.74314112133943,98,5,2,3,3.3333333333333335,Other
CUST-007052,1,34.87509009713385,540,1,2,2,1.6666666666666667,At-Risk
CUST-007053,2,228.73196625903847,186,4,4,5,4.333333333333333,Champions
CUST-007054,1,363.0870189287439,371,2,2,5,3.0,At-Risk
CUST-007055,1,30.66238998112599,470,2,2,2,2.0,At-Risk
CUST-007056,1,100.6516004733198,80,5,2,4,3.6666666666666665,Other
CUST-007057,2,52.48294817146959,173,4,4,3,3.6666666666666665,Potential Loyalists
CUST-007058,2,67.11267814809975,256,3,4,3,3.3333333333333335,Potential Loyalists
CUST-007060,2,53.51029470170148,250,3,4,3,3.3333333333333335,Potential Loyalists
CUST-007061,1,12.418480908482968,450,2,2,1,1.6666666666666667,At-Risk
CUST-007062,1,18.61222256540564,415,2,2,1,1.6666666666666667,At-Risk
CUST-007063,2,132.66187110820363,502,2,4,4,3.3333333333333335,Other
CUST-007064,1,16.444446660681944,629,1,2,1,1.3333333333333333,At-Risk
CUST-007065,2,201.0460773647246,675,1,4,5,3.3333333333333335,Other
CUST-007066,1,97.243908670379,206,4,2,4,3.3333333333333335,Other
CUST-007067,1,73.24791718875883,672,1,2,3,2.0,At-Risk
CUST-007068,1,11.633576497552514,594,1,2,1,1.3333333333333333,At-Risk
CUST-007069,1,63.78256200247351,208,4,2,3,3.0,Other
CUST-007070,4,99.75922715917858,62,5,5,4,4.666666666666667,Champions
CUST-007071,1,43.279934792078365,366,2,2,3,2.3333333333333335,At-Risk
CUST-007072,2,227.74768803752437,71,5,4,5,4.666666666666667,Champions
CUST-007073,1,102.53342421956228,84,5,2,4,3.6666666666666665,Other
CUST-007074,1,45.51708094428034,432,2,2,3,2.3333333333333335,At-Risk
CUST-007075,1,48.045102703028206,117,4,2,3,3.0,Other
CUST-007076,1,11.023502414574631,352,3,2,1,2.0,Other
CUST-007077,1,238.83627387913515,7,5,2,5,4.0,Other
CUST-007078,1,32.83532915134879,667,1,2,2,1.6666666666666667,At-Risk
CUST-007079,1,80.76447180725616,231,3,2,4,3.0,Other
CUST-007080,2,10.469648049330905,481,2,4,1,2.3333333333333335,Other
CUST-007081,1,31.50687402653306,371,2,2,2,2.0,At-Risk
CUST-007082,3,215.062027449841,171,4,5,5,4.666666666666667,Champions
CUST-007083,2,191.19664118905823,180,4,4,5,4.333333333333333,Champions
CUST-007084,3,83.80069555202871,111,4,5,4,4.333333333333333,Champions
CUST-007085,2,65.86506499476468,138,4,4,3,3.6666666666666665,Potential Loyalists
CUST-007086,1,198.57788970063112,517,2,2,5,3.0,At-Risk
CUST-007087,1,36.32732117343613,41,5,2,2,3.0,Other
CUST-007089,2,46.78307723470849,390,2,4,3,3.0,Other
CUST-007090,1,16.046629073083256,369,2,2,1,1.6666666666666667,At-Risk
CUST-007091,1,17.33432649826614,305,3,2,1,2.0,Other
CUST-007092,1,91.4198669969612,181,4,2,4,3.3333333333333335,Other
CUST-007093,1,59.79685794232962,296,3,2,3,2.6666666666666665,Other
CUST-007094,1,17.29622918434249,519,2,2,1,1.6666666666666667,At-Risk
CUST-007095,2,25.559839188228967,296,3,4,2,3.0,Other
CUST-007096,1,17.310015432504528,107,4,2,1,2.3333333333333335,Other
CUST-007097,2,110.21596059928497,257,3,4,4,3.6666666666666665,Potential Loyalists
CUST-007098,2,31.934943685358167,108,4,4,2,3.3333333333333335,Other
CUST-007099,2,94.13888793189176,180,4,4,4,4.0,Champions
CUST-007100,3,47.5050087006031,112,4,5,3,4.0,Potential Loyalists
CUST-007101,1,3.9401944876019344,604,1,2,1,1.3333333333333333,At-Risk
CUST-007102,2,67.91893016296687,161,4,4,3,3.6666666666666665,Potential Loyalists
CUST-007103,3,164.59233836358064,133,4,5,5,4.666666666666667,Champions
CUST-007104,1,114.67055115334216,204,4,2,4,3.3333333333333335,Other
CUST-007105,1,47.22928127635762,695,1,2,3,2.0,At-Risk
CUST-007106,1,70.22789038361216,707,1,2,3,2.0,At-Risk
CUST-007107,2,10.89456136806098,121,4,4,1,3.0,Other
CUST-007108,1,23.09442720829219,51,5,2,2,3.0,Other
CUST-007109,2,181.6027918511877,276,3,4,5,4.0,Potential Loyalists
CUST-007110,1,99.08670692393538,435,2,2,4,2.6666666666666665,At-Risk
CUST-007111,1,25.154843124980054,320,3,2,2,2.3333333333333335,Other
CUST-007112,1,177.90608693872525,410,2,2,5,3.0,At-Risk
CUST-007113,2,151.9175200739921,591,1,4,4,3.0,Other
CUST-007114,1,27.54418515097285,85,5,2,2,3.0,Other
CUST-007115,3,218.5375148472835,207,4,5,5,4.666666666666667,Champions
CUST-007116,2,37.312328563270434,159,4,4,2,3.3333333333333335,Other
CUST-007117,1,58.70204461720399,49,5,2,3,3.3333333333333335,Other
CUST-007118,4,149.76088914791174,127,4,5,4,4.333333333333333,Champions
CUST-007119,1,3.27359219404576,281,3,2,1,2.0,Other
CUST-007120,3,261.1647468589383,9,5,5,5,5.0,Champions
CUST-007121,1,21.737388412392026,107,4,2,2,2.6666666666666665,Other
CUST-007122,2,46.0044192080504,135,4,4,3,3.6666666666666665,Potential Loyalists
CUST-007123,2,47.10340963644572,354,3,4,3,3.3333333333333335,Potential Loyalists
CUST-007124,2,14.379284762900603,421,2,4,1,2.3333333333333335,Other
CUST-007125,2,40.99083956136017,84,5,4,2,3.6666666666666665,Other
CUST-007126,2,330.04723298650276,587,1,4,5,3.3333333333333335,Other
CUST-007127,2,23.001566548736488,262,3,4,2,3.0,Other
CUST-007129,2,222.2320944055288,451,2,4,5,3.6666666666666665,Other
CUST-007130,2,149.45435838966324,185,4,4,4,4.0,Champions
CUST-007131,2,23.013264972459254,396,2,4,2,2.6666666666666665,Other
CUST-007132,1,19.599816735588117,348,3,2,2,2.3333333333333335,Other
CUST-007133,1,5.044293942824193,417,2,2,1,1.6666666666666667,At-Risk
CUST-007134,2,47.03582815026229,222,3,4,3,3.3333333333333335,Potential Loyalists
CUST-007135,1,682.545585572977,108,4,2,5,3.6666666666666665,Other
CUST-007136,2,43.59321482589359,278,3,4,3,3.3333333333333335,Potential Loyalists
CUST-007137,1,223.30914831981332,278,3,2,5,3.3333333333333335,Other
CUST-007138,2,8176.09036191826,158,4,4,5,4.333333333333333,Champions
CUST-007139,2,91.77992750948277,180,4,4,4,4.0,Champions
CUST-007140,1,67.30808233711049,499,2,2,3,2.3333333333333335,At-Risk
CUST-007141,2,80.4480773433406,218,4,4,4,4.0,Champions
CUST-007142,2,35.97710103480885,213,4,4,2,3.3333333333333335,Other
CUST-007144,2,218.12685280902787,326,3,4,5,4.0,Potential Loyalists
CUST-007145,1,10.931428148575815,30,5,2,1,2.6666666666666665,Other
CUST-007146,1,1.541342611566524,311,3,2,1,2.0,Other
CUST-007147,1,13.912273721828674,692,1,2,1,1.3333333333333333,At-Risk
CUST-007148,2,387.2757790201252,24,5,4,5,4.666666666666667,Champions
CUST-007149,2,86.89961481545714,128,4,4,4,4.0,Champions
CUST-007150,1,116.17456228745696,141,4,2,4,3.3333333333333335,Other
CUST-007151,1,35.61993976648441,1,5,2,2,3.0,Other
CUST-007152,2,188.72880356165166,303,3,4,5,4.0,Potential Loyalists
CUST-007153,1,42.717276771600496,448,2,2,3,2.3333333333333335,At-Risk
CUST-007154,1,4.8705632689065395,577,1,2,1,1.3333333333333333,At-Risk
CUST-007155,2,227.52141227013504,1,5,4,5,4.666666666666667,Champions
CUST-007156,2,85.80181791797838,639,1,4,4,3.0,Other
CUST-007157,2,294.66734143725876,56,5,4,5,4.666666666666667,Champions
CUST-007158,1,28.872975294585384,152,4,2,2,2.6666666666666665,Other
CUST-007159,2,76.86662160029665,81,5,4,3,4.0,Potential Loyalists
CUST-007160,1,0.9527163095011664,71,5,2,1,2.6666666666666665,Other
CUST-007161,2,264.7483731278028,198,4,4,5,4.333333333333333,Champions
CUST-007162,2,57.21457879481633,61,5,4,3,4.0,Potential Loyalists
CUST-007163,2,101.7251285749073,172,4,4,4,4.0,Champions
CUST-007164,1,27.206268468989087,317,3,2,2,2.3333333333333335,Other
CUST-007165,2,51.36655725296356,355,3,4,3,3.3333333333333335,Potential Loyalists
CUST-007166,1,88.1388774822244,450,2,2,4,2.6666666666666665,At-Risk
CUST-007167,2,169.21176866013911,170,4,4,5,4.333333333333333,Champions
CUST-007168,2,216.20144035535142,430,2,4,5,3.6666666666666665,Other
CUST-007169,1,163.4176730842382,682,1,2,5,2.6666666666666665,At-Risk
CUST-007170,1,6.062821950835178,148,4,2,1,2.3333333333333335,Other
CUST-007171,1,34.473539700577795,368,2,2,2,2.0,At-Risk
CUST-007172,1,9610.58509076706,701,1,2,5,2.6666666666666665,At-Risk
CUST-007173,1,29.40433689641768,310,3,2,2,2.3333333333333335,Other
CUST-007174,1,90.71126967313866,223,3,2,4,3.0,Other
CUST-007175,1,21.316073617184863,434,2,2,2,2.0,At-Risk
CUST-007176,2,424.3869571127616,245,3,4,5,4.0,Potential Loyalists
CUST-007177,1,53.55173598189448,9,5,2,3,3.3333333333333335,Other
CUST-007178,2,11.547871591228624,477,2,4,1,2.3333333333333335,Other
CUST-007179,2,20.692461000143716,90,5,4,2,3.6666666666666665,Other
CUST-007180,3,163.90922701538716,136,4,5,5,4.666666666666667,Champions
CUST-007181,1,69.85427185776705,165,4,2,3,3.0,Other
CUST-007182,1,17.084434928024685,468,2,2,1,1.6666666666666667,At-Risk
CUST-007183,1,16.37142835250384,584,1,2,1,1.3333333333333333,At-Risk
CUST-007184,3,190.6647379120056,105,5,5,5,5.0,Champions
CUST-007185,1,9.080504286969685,676,1,2,1,1.3333333333333333,At-Risk
CUST-007186,2,43.078703327577976,171,4,4,3,3.6666666666666665,Potential Loyalists
CUST-007187,4,101.28062929241369,195,4,5,4,4.333333333333333,Champions
CUST-007188,1,31.153032613424923,583,1,2,2,1.6666666666666667,At-Risk
CUST-007189,1,7.529896650526302,152,4,2,1,2.3333333333333335,Other
CUST-007190,2,23.255181608692673,566,1,4,2,2.3333333333333335,Other
CUST-007191,3,99.70715067971642,34,5,5,4,4.666666666666667,Champions
CUST-007192,1,41.27247509714206,448,2,2,2,2.0,At-Risk
CUST-007193,3,105.77056605549723,460,2,5,4,3.6666666666666665,Other
CUST-007194,2,58.95996019467296,84,5,4,3,4.0,Potential Loyalists
CUST-007195,1,42.325156327208205,411,2,2,3,2.3333333333333335,At-Risk
CUST-007196,1,128.2527358097859,425,2,2,4,2.6666666666666665,At-Risk
CUST-007197,3,17422.250582071058,35,5,5,5,5.0,Champions
CUST-007198,1,23.238612563973348,297,3,2,2,2.3333333333333335,Other
CUST-007199,1,58.02380354001279,70,5,2,3,3.3333333333333335,Other
CUST-007200,1,8.542560033926533,681,1,2,1,1.3333333333333333,At-Risk
CUST-007201,1,27.746228791249,203,4,2,2,2.6666666666666665,Other
CUST-007202,1,30.052310120955347,124,4,2,2,2.6666666666666665,Other
CUST-007203,1,45.79697046374616,279,3,2,3,2.6666666666666665,Other
CUST-007204,1,10.175938075895004,152,4,2,1,2.3333333333333335,Other
CUST-007205,1,11.535822380125728,393,2,2,1,1.6666666666666667,At-Risk
CUST-007206,1,14.40374948745914,218,4,2,1,2.3333333333333335,Other
CUST-007207,4,76.35935263798241,379,2,5,3,3.3333333333333335,Other
CUST-007208,1,14.884249111453734,316,3,2,1,2.0,Other
CUST-007209,2,185.9062687249058,74,5,4,5,4.666666666666667,Champions
CUST-007210,1,135.01092898577153,595,1,2,4,2.3333333333333335,At-Risk
CUST-007211,1,75.58053689670102,39,5,2,3,3.3333333333333335,Other
CUST-007212,2,10243.33150592758,478,2,4,5,3.6666666666666665,Other
CUST-007213,2,46.224500940448245,233,3,4,3,3.3333333333333335,Potential Loyalists
CUST-007214,1,16.153112572338046,388,2,2,1,1.6666666666666667,At-Risk
CUST-007215,3,175.51139590011127,98,5,5,5,5.0,Champions
CUST-007216,2,67.69525829736526,379,2,4,3,3.0,Other
CUST-007217,1,38.012812170163535,330,3,2,2,2.3333333333333335,Other
CUST-007218,1,12.402917092354423,366,2,2,1,1.6666666666666667,At-Risk
CUST-007219,2,157.12381043893438,340,3,4,4,3.6666666666666665,Potential Loyalists
CUST-007220,1,250.43522237639857,126,4,2,5,3.6666666666666665,Other
CUST-007221,1,20.742099100467865,95,5,2,2,3.0,Other
CUST-007222,2,72.70247452637281,147,4,4,3,3.6666666666666665,Potential Loyalists
CUST-007223,1,25.63881521603764,134,4,2,2,2.6666666666666665,Other
CUST-007224,1,39.377902341893666,193,4,2,2,2.6666666666666665,Other
CUST-007225,1,85.2647884294997,611,1,2,4,2.3333333333333335,At-Risk
CUST-007226,1,3.5394811892236735,372,2,2,1,1.6666666666666667,At-Risk
CUST-007227,3,68.17514362375853,104,5,5,3,4.333333333333333,Potential Loyalists
CUST-007228,2,40.43411827113045,147,4,4,2,3.3333333333333335,Other
CUST-007229,1,21.79787213788175,428,2,2,2,2.0,At-Risk
CUST-007230,1,17.431015080784803,507,2,2,1,1.6666666666666667,At-Risk
CUST-007231,2,22.830804423626706,149,4,4,2,3.3333333333333335,Other
CUST-007232,1,13.947285559991604,483,2,2,1,1.6666666666666667,At-Risk
CUST-007233,2,78.28831500676503,409,2,4,3,3.0,Other
CUST-007234,1,3.9304021380424703,483,2,2,1,1.6666666666666667,At-Risk
CUST-007235,1,48.34366252222508,440,2,2,3,2.3333333333333335,At-Risk
CUST-007236,1,51.02291489188916,524,1,2,3,2.0,At-Risk
CUST-007237,2,26.118315149843603,512,2,4,2,2.6666666666666665,Other
CUST-007238,1,16.269514806311413,351,3,2,1,2.0,Other
CUST-007239,1,39.83336123646849,562,1,2,2,1.6666666666666667,At-Risk
CUST-007240,3,81.53295503201997,72,5,5,4,4.666666666666667,Champions
CUST-007241,4,213.69333426642655,16,5,5,5,5.0,Champions
CUST-007242,3,61.736785226447594,267,3,5,3,3.6666666666666665,Potential Loyalists
CUST-007243,1,139.6702617603597,590,1,2,4,2.3333333333333335,At-Risk
CUST-007244,1,36.9507190634599,330,3,2,2,2.3333333333333335,Other
CUST-007245,2,27.064286307743572,30,5,4,2,3.6666666666666665,Other
CUST-007246,2,27.89493365621942,600,1,4,2,2.3333333333333335,Other
CUST-007247,1,13.299753601639432,363,2,2,1,1.6666666666666667,At-Risk
CUST-007248,1,5.632010596198871,150,4,2,1,2.3333333333333335,Other
CUST-007249,1,2.3367947333761454,619,1,2,1,1.3333333333333333,At-Risk
CUST-007250,1,82.23525569074242,488,2,2,4,2.6666666666666665,At-Risk
CUST-007251,1,8.558603190742293,432,2,2,1,1.6666666666666667,At-Risk
CUST-007252,1,81.10536778446975,128,4,2,4,3.3333333333333335,Other
CUST-007253,1,3.0615530197347063,228,3,2,1,2.0,Other
CUST-007254,2,24.01866005796472,15,5,4,2,3.6666666666666665,Other
CUST-007255,1,31.846515343168456,284,3,2,2,2.3333333333333335,Other
CUST-007256,1,133.09488150614908,707,1,2,4,2.3333333333333335,At-Risk
CUST-007257,2,44.15568150369633,324,3,4,3,3.3333333333333335,Potential Loyalists
CUST-007258,1,145.12838079789344,567,1,2,4,2.3333333333333335,At-Risk
CUST-007259,1,7.2794788564198285,481,2,2,1,1.6666666666666667,At-Risk
CUST-007260,1,10.085478624894389,670,1,2,1,1.3333333333333333,At-Risk
CUST-007261,2,64.45198392224093,54,5,4,3,4.0,Potential Loyalists
CUST-007262,1,35.50271648627498,660,1,2,2,1.6666666666666667,At-Risk
CUST-007263,2,224.68465289683047,297,3,4,5,4.0,Potential Loyalists
CUST-007264,3,173.58335493057552,595,1,5,5,3.6666666666666665,Other
CUST-007265,2,163.33135831488966,231,3,4,5,4.0,Potential Loyalists
CUST-007266,1,86.4144046663336,323,3,2,4,3.0,Other
CUST-007267,4,349.87389998429603,110,4,5,5,4.666666666666667,Champions
CUST-007268,1,248.8730142474089,242,3,2,5,3.3333333333333335,Other
CUST-007269,1,19.746658731066052,32,5,2,2,3.0,Other
CUST-007270,3,118.36977881048496,298,3,5,4,4.0,Potential Loyalists
CUST-007271,2,80.86773585986262,606,1,4,4,3.0,Other
CUST-007272,1,9.02093616886054,222,3,2,1,2.0,Other
CUST-007273,1,40.10026396814869,148,4,2,2,2.6666666666666665,Other
CUST-007274,1,48.94991659497019,287,3,2,3,2.6666666666666665,Other
CUST-007275,2,135.33392197375804,171,4,4,4,4.0,Champions
CUST-007276,1,274.8846184199979,566,1,2,5,2.6666666666666665,At-Risk
CUST-007277,1,31.082692932634565,242,3,2,2,2.3333333333333335,Other
CUST-007278,1,84.5131550123534,298,3,2,4,3.0,Other
CUST-007279,1,28.692225245952898,466,2,2,2,2.0,At-Risk
CUST-007280,2,35.71875425685789,29,5,4,2,3.6666666666666665,Other
CUST-007281,2,493.1867701265854,39,5,4,5,4.666666666666667,Champions
CUST-007282,1,17.59768126781521,148,4,2,1,2.3333333333333335,Other
CUST-007283,2,134.7395840974014,440,2,4,4,3.3333333333333335,Other
CUST-007284,1,18.84666761185218,3,5,2,2,3.0,Other
CUST-007285,1,239.2403679185808,53,5,2,5,4.0,Other
CUST-007286,2,7039.926434734705,268,3,4,5,4.0,Potential Loyalists
CUST-007287,1,65.56941983878124,197,4,2,3,3.0,Other
CUST-007288,2,149.368558445929,7,5,4,4,4.333333333333333,Champions
CUST-007289,1,172.7324815067161,522,1,2,5,2.6666666666666665,At-Risk
CUST-007290,1,71.94936844159868,685,1,2,3,2.0,At-Risk
CUST-007291,1,29.595527667319807,28,5,2,2,3.0,Other
CUST-007292,4,147.68462287540694,29,5,5,4,4.666666666666667,Champions
CUST-007293,1,31.16674586230266,628,1,2,2,1.6666666666666667,At-Risk
CUST-007294,1,11.814973935977893,266,3,2,1,2.0,Other
CUST-007295,3,150.93991364179473,331,3,5,4,4.0,Potential Loyalists
CUST-007296,3,8171.315861229797,53,5,5,5,5.0,Champions
CUST-007297,2,258.6250129274684,112,4,4,5,4.333333333333333,Champions
CUST-007298,1,16.14751794348648,249,3,2,1,2.0,Other
CUST-007299,1,42.715339079344346,319,3,2,3,2.6666666666666665,Other
CUST-007300,2,98.3185704801023,196,4,4,4,4.0,Champions
CUST-007301,1,19.00196969901356,290,3,2,2,2.3333333333333335,Other
CUST-007302,1,101.41493127469327,642,1,2,4,2.3333333333333335,At-Risk
CUST-007303,1,68.80119229743045,570,1,2,3,2.0,At-Risk
CUST-007304,1,8.214389191954414,681,1,2,1,1.3333333333333333,At-Risk
CUST-007305,2,164.49222040035855,378,2,4,5,3.6666666666666665,Other
CUST-007306,1,21.395882961493996,598,1,2,2,1.6666666666666667,At-Risk
CUST-007307,1,85.49895928091792,646,1,2,4,2.3333333333333335,At-Risk
CUST-007308,1,38.11701259554331,617,1,2,2,1.6666666666666667,At-Risk
CUST-007309,1,109.94358787777394,542,1,2,4,2.3333333333333335,At-Risk
CUST-007310,1,34.91202737252582,431,2,2,2,2.0,At-Risk
CUST-007311,1,41.49889725250581,315,3,2,3,2.6666666666666665,Other
CUST-007312,3,309.93460116035965,216,4,5,5,4.666666666666667,Champions
CUST-007313,3,47.08355991294352,18,5,5,3,4.333333333333333,Potential Loyalists
CUST-007314,1,3.002504289105347,267,3,2,1,2.0,Other
CUST-007315,2,60.15142721545118,217,4,4,3,3.6666666666666665,Potential Loyalists
CUST-007316,1,7.00043807226787,132,4,2,1,2.3333333333333335,Other
CUST-007317,1,17.66248473585092,318,3,2,1,2.0,Other
CUST-007318,1,92.22786329915286,172,4,2,4,3.3333333333333335,Other
CUST-007319,1,13.581895943427394,490,2,2,1,1.6666666666666667,At-Risk
CUST-007320,1,30.057662337473783,419,2,2,2,2.0,At-Risk
CUST-007322,2,48.88511067502742,139,4,4,3,3.6666666666666665,Potential Loyalists
CUST-007323,1,25.958710795041373,494,2,2,2,2.0,At-Risk
CUST-007324,2,54.095638002471475,277,3,4,3,3.3333333333333335,Potential Loyalists
CUST-007325,1,53.823755411764694,728,1,2,3,2.0,At-Risk
CUST-007326,1,115.06176805846783,193,4,2,4,3.3333333333333335,Other
CUST-007327,2,28.46989476015467,116,4,4,2,3.3333333333333335,Other
CUST-007328,2,46.56305567545516,346,3,4,3,3.3333333333333335,Potential Loyalists
CUST-007329,1,41.31680880805299,689,1,2,3,2.0,At-Risk
CUST-007330,2,65.57336920462313,475,2,4,3,3.0,Other
CUST-007331,2,87.99595505659892,437,2,4,4,3.3333333333333335,Other
CUST-007332,2,42.68784803206846,106,4,4,3,3.6666666666666665,Potential Loyalists
CUST-007333,1,71.77428171005985,723,1,2,3,2.0,At-Risk
CUST-007334,1,16.67552283301496,18,5,2,1,2.6666666666666665,Other
CUST-007335,1,95.68490994234412,520,2,2,4,2.6666666666666665,At-Risk
CUST-007336,1,91.78953019573432,640,1,2,4,2.3333333333333335,At-Risk
CUST-007337,1,101.7231620410371,658,1,2,4,2.3333333333333335,At-Risk
CUST-007338,1,13.86339478336993,661,1,2,1,1.3333333333333333,At-Risk
CUST-007339,1,51.59040662827402,313,3,2,3,2.6666666666666665,Other
CUST-007340,2,200.10260033886976,317,3,4,5,4.0,Potential Loyalists
CUST-007341,3,34.29902736521751,359,2,5,2,3.0,Other
CUST-007342,1,49.866960314432205,159,4,2,3,3.0,Other
CUST-007343,1,11.818720729462148,699,1,2,1,1.3333333333333333,At-Risk
CUST-007344,2,599.0864407840672,20,5,4,5,4.666666666666667,Champions
CUST-007345,1,75.65564615211639,91,5,2,3,3.3333333333333335,Other
CUST-007346,2,90.76941105971143,255,3,4,4,3.6666666666666665,Potential Loyalists
CUST-007347,1,24.182235684699737,111,4,2,2,2.6666666666666665,Other
CUST-007348,3,549.5981576268179,284,3,5,5,4.333333333333333,Potential Loyalists
CUST-007350,1,290.3463967063238,339,3,2,5,3.3333333333333335,Other
CUST-007351,2,47.04010203071098,415,2,4,3,3.0,Other
CUST-007352,2,99.69747070427196,185,4,4,4,4.0,Champions
CUST-007353,3,512.0418109538849,26,5,5,5,5.0,Champions
CUST-007354,2,55.32869302811733,444,2,4,3,3.0,Other
CUST-007355,2,62.24270260162018,201,4,4,3,3.6666666666666665,Potential Loyalists
CUST-007356,2,30.071555692885383,156,4,4,2,3.3333333333333335,Other
CUST-007358,3,8997.43602375541,196,4,5,5,4.666666666666667,Champions
CUST-007359,2,91.67755162585432,461,2,4,4,3.3333333333333335,Other
CUST-007360,1,29.28937719882324,79,5,2,2,3.0,Other
CUST-007361,1,52.50739821450335,481,2,2,3,2.3333333333333335,At-Risk
CUST-007362,2,184.38230316595946,77,5,4,5,4.666666666666667,Champions
CUST-007363,1,82.4265724080206,391,2,2,4,2.6666666666666665,At-Risk
CUST-007364,1,15.62415708794638,372,2,2,1,1.6666666666666667,At-Risk
CUST-007365,1,10.440657415946552,108,4,2,1,2.3333333333333335,Other
CUST-007366,2,137.1765829876702,63,5,4,4,4.333333333333333,Champions
CUST-007367,1,21.106652799129115,30,5,2,2,3.0,Other
CUST-007368,1,14.394489845728351,395,2,2,1,1.6666666666666667,At-Risk
CUST-007369,3,13191.478139669674,193,4,5,5,4.666666666666667,Champions
CUST-007370,1,52.17661986728466,267,3,2,3,2.6666666666666665,Other
CUST-007371,1,47.25419509939445,432,2,2,3,2.3333333333333335,At-Risk
CUST-007372,2,144.80015479160062,19,5,4,4,4.333333333333333,Champions
CUST-007373,1,73.13117769911965,198,4,2,3,3.0,Other
CUST-007374,2,16.289996842915862,599,1,4,1,2.0,Other
CUST-007375,3,152.67570674603542,22,5,5,4,4.666666666666667,Champions
CUST-007376,1,82.95382307930575,335,3,2,4,3.0,Other
CUST-007377,1,6.066505334410386,528,1,2,1,1.3333333333333333,At-Risk
CUST-007378,1,1371.7485670677231,675,1,2,5,2.6666666666666665,At-Risk
CUST-007379,2,63.28381569424026,240,3,4,3,3.3333333333333335,Potential Loyalists
CUST-007380,1,8.241539541154717,520,2,2,1,1.6666666666666667,At-Risk
CUST-007381,2,77.15975034960118,637,1,4,3,2.6666666666666665,Other
CUST-007382,2,122.05489124918853,188,4,4,4,4.0,Champions
CUST-007383,2,133.72563031464762,530,1,4,4,3.0,Other
CUST-007384,1,23.23759651085256,654,1,2,2,1.6666666666666667,At-Risk
CUST-007385,2,93.03236872010976,236,3,4,4,3.6666666666666665,Potential Loyalists
CUST-007386,2,135.68339204367413,166,4,4,4,4.0,Champions
CUST-007387,1,23.230829024278083,694,1,2,2,1.6666666666666667,At-Risk
CUST-007388,1,6.9918201269546145,480,2,2,1,1.6666666666666667,At-Risk
CUST-007389,1,24.91602601853641,386,2,2,2,2.0,At-Risk
CUST-007390,2,166.4204792299515,310,3,4,5,4.0,Potential Loyalists
CUST-007391,2,44.76265384193262,490,2,4,3,3.0,Other
CUST-007392,1,21.437431976753253,556,1,2,2,1.6666666666666667,At-Risk
CUST-007393,4,408.1904491572028,59,5,5,5,5.0,Champions
CUST-007394,1,24.892426479039113,48,5,2,2,3.0,Other
CUST-007395,2,219.59501860502854,313,3,4,5,4.0,Potential Loyalists
CUST-007396,2,16.864115371952543,358,3,4,1,2.6666666666666665,Other
CUST-007397,2,100.24948486894729,25,5,4,4,4.333333333333333,Champions
CUST-007398,1,15.351446569297917,267,3,2,1,2.0,Other
CUST-007399,2,48.07575234660197,119,4,4,3,3.6666666666666665,Potential Loyalists
CUST-007400,1,38.22809152364752,686,1,2,2,1.6666666666666667,At-Risk
CUST-007401,2,14.974261451998409,479,2,4,1,2.3333333333333335,Other
CUST-007402,1,33.58948821638194,617,1,2,2,1.6666666666666667,At-Risk
CUST-007403,1,40.315849047548085,56,5,2,2,3.0,Other
CUST-007404,1,8.40238978334925,30,5,2,1,2.6666666666666665,Other
CUST-007405,3,154.58294373428802,234,3,5,4,4.0,Potential Loyalists
CUST-007406,1,2.5218722797022175,158,4,2,1,2.3333333333333335,Other
CUST-007407,1,10.50766688523737,71,5,2,1,2.6666666666666665,Other
CUST-007408,1,23.024924605537088,477,2,2,2,2.0,At-Risk
CUST-007409,1,18.326413447265978,348,3,2,1,2.0,Other
CUST-007410,3,379.90851982900995,212,4,5,5,4.666666666666667,Champions
CUST-007411,1,11.742849711057586,135,4,2,1,2.3333333333333335,Other
CUST-007412,2,145.49014463644028,291,3,4,4,3.6666666666666665,Potential Loyalists
CUST-007413,1,94.4781092088964,216,4,2,4,3.3333333333333335,Other
CUST-007414,1,213.42108238371935,184,4,2,5,3.6666666666666665,Other
CUST-007415,1,22.522498889013395,154,4,2,2,2.6666666666666665,Other
CUST-007416,3,83.6898541768677,6,5,5,4,4.666666666666667,Champions
CUST-007417,1,16.130218147703307,36,5,2,1,2.6666666666666665,Other
CUST-007418,1,27.368217782643143,391,2,2,2,2.0,At-Risk
CUST-007419,3,171.26230329839268,195,4,5,5,4.666666666666667,Champions
CUST-007420,2,111.31084234050321,42,5,4,4,4.333333333333333,Champions
CUST-007421,1,15.912370748980315,468,2,2,1,1.6666666666666667,At-Risk
CUST-007422,3,233.59527976098948,526,1,5,5,3.6666666666666665,Other
CUST-007423,1,110.29151891920534,588,1,2,4,2.3333333333333335,At-Risk
CUST-007424,2,129.39409823276614,382,2,4,4,3.3333333333333335,Other
CUST-007425,2,401.1214407228679,42,5,4,5,4.666666666666667,Champions
CUST-007426,1,5.853944984235609,224,3,2,1,2.0,Other
CUST-007427,1,36.672586289021694,181,4,2,2,2.6666666666666665,Other
CUST-007428,3,366.19697577876656,410,2,5,5,4.0,Other
CUST-007429,1,112.21602698846388,280,3,2,4,3.0,Other
CUST-007430,2,67.51465587600164,5,5,4,3,4.0,Potential Loyalists
CUST-007431,2,66.2940054907357,457,2,4,3,3.0,Other
CUST-007432,2,213.47649674091332,190,4,4,5,4.333333333333333,Champions
CUST-007433,2,27.7564877873485,159,4,4,2,3.3333333333333335,Other
CUST-007434,1,13.91893136629755,507,2,2,1,1.6666666666666667,At-Risk
CUST-007435,1,17.41251394571819,146,4,2,1,2.3333333333333335,Other
CUST-007436,1,27.13496574775298,387,2,2,2,2.0,At-Risk
CUST-007437,1,51.63947257324418,122,4,2,3,3.0,Other
CUST-007438,2,80.60008120697466,54,5,4,4,4.333333333333333,Champions
CUST-007439,1,154.60354698266542,80,5,2,4,3.6666666666666665,Other
CUST-007440,1,19.534013831720323,236,3,2,2,2.3333333333333335,Other
CUST-007441,1,138.77814499674778,625,1,2,4,2.3333333333333335,At-Risk
CUST-007442,1,21.21463198443979,602,1,2,2,1.6666666666666667,At-Risk
CUST-007443,1,55.496033686967905,628,1,2,3,2.0,At-Risk
CUST-007444,1,49.95027837047127,516,2,2,3,2.3333333333333335,At-Risk
CUST-007445,1,26.781349854519995,436,2,2,2,2.0,At-Risk
CUST-007446,1,41.6212468614661,238,3,2,3,2.6666666666666665,Other
CUST-007447,4,148.45869911797524,220,4,5,4,4.333333333333333,Champions
CUST-007448,1,189.79543207590115,601,1,2,5,2.6666666666666665,At-Risk
CUST-007449,1,28.80619570549356,248,3,2,2,2.3333333333333335,Other
CUST-007450,2,182.5416735870785,363,2,4,5,3.6666666666666665,Other
CUST-007451,1,21.47577845503945,174,4,2,2,2.6666666666666665,Other
CUST-007452,1,24.72337863826168,105,5,2,2,3.0,Other
CUST-007453,2,23.67602997003788,434,2,4,2,2.6666666666666665,Other
CUST-007454,1,35.525049911389914,119,4,2,2,2.6666666666666665,Other
CUST-007455,2,24.430270033901415,48,5,4,2,3.6666666666666665,Other
CUST-007456,1,34.689248657069335,130,4,2,2,2.6666666666666665,Other
CUST-007457,1,19.963157739853663,401,2,2,2,2.0,At-Risk
CUST-007458,1,838.7383379384021,574,1,2,5,2.6666666666666665,At-Risk
CUST-007459,1,12.849978749408535,88,5,2,1,2.6666666666666665,Other
CUST-007460,1,13.285375414143015,709,1,2,1,1.3333333333333333,At-Risk
CUST-007461,1,63.62011581540808,69,5,2,3,3.3333333333333335,Other
CUST-007462,2,37.97614143553546,454,2,4,2,2.6666666666666665,Other
CUST-007463,2,250.1439015618799,179,4,4,5,4.333333333333333,Champions
CUST-007464,1,47.28805824927991,513,2,2,3,2.3333333333333335,At-Risk
CUST-007465,1,164.1214510570503,609,1,2,5,2.6666666666666665,At-Risk
CUST-007466,1,40.19487791410048,183,4,2,2,2.6666666666666665,Other
CUST-007467,1,50.633833642376246,152,4,2,3,3.0,Other
CUST-007468,1,37.25054545864899,713,1,2,2,1.6666666666666667,At-Risk
CUST-007469,3,526.5078917337847,97,5,5,5,5.0,Champions
CUST-007470,2,63.18040027942273,18,5,4,3,4.0,Potential Loyalists
CUST-007471,3,36.48168482896828,252,3,5,2,3.3333333333333335,Other
CUST-007472,1,11.579573105427809,582,1,2,1,1.3333333333333333,At-Risk
CUST-007473,1,49.84806470064701,657,1,2,3,2.0,At-Risk
CUST-007474,2,44.67859635901011,115,4,4,3,3.6666666666666665,Potential Loyalists
CUST-007475,1,42.07977202523194,50,5,2,3,3.3333333333333335,Other
CUST-007476,1,32.981780433653405,723,1,2,2,1.6666666666666667,At-Risk
CUST-007477,1,56.78101706272885,23,5,2,3,3.3333333333333335,Other
CUST-007478,1,174.333154373101,308,3,2,5,3.3333333333333335,Other
CUST-007479,2,30.440481749450736,237,3,4,2,3.0,Other
CUST-007480,2,38.12927489774152,517,2,4,2,2.6666666666666665,Other
CUST-007481,3,355.5838874870453,293,3,5,5,4.333333333333333,Potential Loyalists
CUST-007482,1,11.258268958734206,653,1,2,1,1.3333333333333333,At-Risk
CUST-007483,1,114.19959324591186,200,4,2,4,3.3333333333333335,Other
CUST-007484,3,14438.029334739507,374,2,5,5,4.0,Other
CUST-007485,1,53.10921733091572,248,3,2,3,2.6666666666666665,Other
CUST-007486,2,61.97625040467379,96,5,4,3,4.0,Potential Loyalists
CUST-007487,2,95.3750308946171,382,2,4,4,3.3333333333333335,Other
CUST-007488,1,34.48375986731508,360,2,2,2,2.0,At-Risk
CUST-007489,1,81.7414334468355,50,5,2,4,3.6666666666666665,Other
CUST-007490,2,529.0437631322972,0,5,4,5,4.666666666666667,Champions
CUST-007491,2,78.00510411708309,389,2,4,3,3.0,Other
CUST-007492,2,112.67866084220657,295,3,4,4,3.6666666666666665,Potential Loyalists
CUST-007493,1,210.93524718715847,665,1,2,5,2.6666666666666665,At-Risk
CUST-007494,2,125.34362159697149,91,5,4,4,4.333333333333333,Champions
CUST-007495,2,68.14668802175568,462,2,4,3,3.0,Other
CUST-007496,1,3.843448495499891,72,5,2,1,2.6666666666666665,Other
CUST-007497,1,116.02282014279037,342,3,2,4,3.0,Other
CUST-007498,1,56.95981079757055,238,3,2,3,2.6666666666666665,Other
CUST-007499,2,24.55533154368141,38,5,4,2,3.6666666666666665,Other
CUST-007500,1,86.88011564700116,190,4,2,4,3.3333333333333335,Other
CUST-007501,1,21.151871382979397,698,1,2,2,1.6666666666666667,At-Risk
CUST-007502,1,338.33147795810373,75,5,2,5,4.0,Other
CUST-007503,1,13.551422699400543,702,1,2,1,1.3333333333333333,At-Risk
CUST-007504,1,37.02443998230616,459,2,2,2,2.0,At-Risk
CUST-007505,3,266.17779391349086,265,3,5,5,4.333333333333333,Potential Loyalists
CUST-007506,1,593.3388962754727,642,1,2,5,2.6666666666666665,At-Risk
CUST-007507,1,17.925644063599844,614,1,2,1,1.3333333333333333,At-Risk
CUST-007508,1,5.962632301909909,705,1,2,1,1.3333333333333333,At-Risk
CUST-007509,1,11.91940261618022,482,2,2,1,1.6666666666666667,At-Risk
CUST-007510,2,26.523832839606392,447,2,4,2,2.6666666666666665,Other
CUST-007511,1,52.010519680547915,89,5,2,3,3.3333333333333335,Other
CUST-007512,2,112.36550405329014,546,1,4,4,3.0,Other
CUST-007513,1,54.34767688400458,98,5,2,3,3.3333333333333335,Other
CUST-007514,2,4.240681707013773,117,4,4,1,3.0,Other
CUST-007515,1,8.490796296756919,572,1,2,1,1.3333333333333333,At-Risk
CUST-007516,1,27.12349607601731,504,2,2,2,2.0,At-Risk
CUST-007517,1,20.059626426425822,154,4,2,2,2.6666666666666665,Other
CUST-007518,1,3.687989720195918,185,4,2,1,2.3333333333333335,Other
CUST-007519,1,23.724098682683913,168,4,2,2,2.6666666666666665,Other
CUST-007520,3,551.006354277845,150,4,5,5,4.666666666666667,Champions
CUST-007521,1,22.617987269345548,409,2,2,2,2.0,At-Risk
CUST-007522,2,45.634268519502236,137,4,4,3,3.6666666666666665,Potential Loyalists
CUST-007523,2,207.47639458792813,670,1,4,5,3.3333333333333335,Other
CUST-007524,1,50.76076852233139,246,3,2,3,2.6666666666666665,Other
CUST-007525,1,8285.671520414373,717,1,2,5,2.6666666666666665,At-Risk
CUST-007526,1,34.1600937936673,95,5,2,2,3.0,Other
CUST-007527,2,296.91411096370996,643,1,4,5,3.3333333333333335,Other
CUST-007528,1,8.471768499165698,152,4,2,1,2.3333333333333335,Other
CUST-007529,1,19.59233235673546,272,3,2,2,2.3333333333333335,Other
CUST-007530,1,136.6390281962318,43,5,2,4,3.6666666666666665,Other
CUST-007531,1,146.69217334790648,677,1,2,4,2.3333333333333335,At-Risk
CUST-007532,4,279.78367391784946,17,5,5,5,5.0,Champions
CUST-007533,1,18.702267672095964,373,2,2,1,1.6666666666666667,At-Risk
CUST-007534,1,15.320903659138994,474,2,2,1,1.6666666666666667,At-Risk
CUST-007535,1,4.220558727821319,218,4,2,1,2.3333333333333335,Other
CUST-007536,1,55.21401112554653,645,1,2,3,2.0,At-Risk
CUST-007537,1,149.02757973257772,580,1,2,4,2.3333333333333335,At-Risk
CUST-007538,1,2.8594201662600733,302,3,2,1,2.0,Other
CUST-007539,2,373.3862850786682,10,5,4,5,4.666666666666667,Champions
CUST-007540,1,3.5760407699785777,411,2,2,1,1.6666666666666667,At-Risk
CUST-007541,1,126.49951272967628,484,2,2,4,2.6666666666666665,At-Risk
CUST-007542,1,36.79959975358807,447,2,2,2,2.0,At-Risk
CUST-007543,2,64.76741331439698,48,5,4,3,4.0,Potential Loyalists
CUST-007544,2,71.70614489793468,159,4,4,3,3.6666666666666665,Potential Loyalists
CUST-007545,4,6534.88678132224,91,5,5,5,5.0,Champions
CUST-007546,2,1228.5390215152158,119,4,4,5,4.333333333333333,Champions
CUST-007547,2,55.031881460612084,286,3,4,3,3.3333333333333335,Potential Loyalists
CUST-007548,2,64.64094060709732,115,4,4,3,3.6666666666666665,Potential Loyalists
CUST-007549,2,11251.378018319358,294,3,4,5,4.0,Potential Loyalists
CUST-007550,2,139.9018054804573,132,4,4,4,4.0,Champions
CUST-007551,1,303.63168941212604,547,1,2,5,2.6666666666666665,At-Risk
CUST-007552,1,49.58584428730283,224,3,2,3,2.6666666666666665,Other
CUST-007553,2,354.56746490343284,208,4,4,5,4.333333333333333,Champions
CUST-007554,1,66.92574028102631,421,2,2,3,2.3333333333333335,At-Risk
CUST-007555,2,100.08117457466449,159,4,4,4,4.0,Champions
CUST-007556,2,237.2194898359661,357,3,4,5,4.0,Potential Loyalists
CUST-007557,1,12.03441664877534,116,4,2,1,2.3333333333333335,Other
CUST-007558,2,107.26355852173614,156,4,4,4,4.0,Champions
CUST-007559,1,8.813832994843697,3,5,2,1,2.6666666666666665,Other
CUST-007560,1,9.326526448379656,117,4,2,1,2.3333333333333335,Other
CUST-007561,3,168.8573354769157,202,4,5,5,4.666666666666667,Champions
CUST-007562,3,274.8223675516856,41,5,5,5,5.0,Champions
CUST-007563,1,28.99483760169348,579,1,2,2,1.6666666666666667,At-Risk
CUST-007564,1,89.56388109641946,697,1,2,4,2.3333333333333335,At-Risk
CUST-007565,2,50.6620414308771,267,3,4,3,3.3333333333333335,Potential Loyalists
CUST-007566,1,460.5081377616786,275,3,2,5,3.3333333333333335,Other
CUST-007567,2,53.29880554802814,185,4,4,3,3.6666666666666665,Potential Loyalists
CUST-007568,1,7.65175456332117,232,3,2,1,2.0,Other
CUST-007569,2,107.56340079846572,363,2,4,4,3.3333333333333335,Other
CUST-007570,2,51.479845513063175,93,5,4,3,4.0,Potential Loyalists
CUST-007571,3,277.511121206124,90,5,5,5,5.0,Champions
CUST-007572,1,4.032056100370282,418,2,2,1,1.6666666666666667,At-Risk
CUST-007573,1,21.01479986444655,0,5,2,2,3.0,Other
CUST-007574,1,10.87255503554486,663,1,2,1,1.3333333333333333,At-Risk
CUST-007575,3,12004.521955328833,162,4,5,5,4.666666666666667,Champions
CUST-007576,2,51.10475325071363,156,4,4,3,3.6666666666666665,Potential Loyalists
CUST-007577,2,44.25608655715099,166,4,4,3,3.6666666666666665,Potential Loyalists
CUST-007578,1,50.0306117783153,368,2,2,3,2.3333333333333335,At-Risk
CUST-007579,1,122.19847937423684,247,3,2,4,3.0,Other
CUST-007580,2,73.50234346204937,526,1,4,3,2.6666666666666665,Other
CUST-007581,1,3.661445407267956,572,1,2,1,1.3333333333333333,At-Risk
CUST-007582,1,62.8408437149987,558,1,2,3,2.0,At-Risk
CUST-007583,1,28.612980210725446,586,1,2,2,1.6666666666666667,At-Risk
CUST-007584,1,10.779997804854276,134,4,2,1,2.3333333333333335,Other
CUST-007585,1,15.754283231137016,644,1,2,1,1.3333333333333333,At-Risk
CUST-007586,1,26.762181942882982,132,4,2,2,2.6666666666666665,Other
CUST-007587,1,43.62943827898803,371,2,2,3,2.3333333333333335,At-Risk
CUST-007588,3,74.49008347204912,154,4,5,3,4.0,Potential Loyalists
CUST-007589,1,78.98849719965735,525,1,2,3,2.0,At-Risk
CUST-007591,1,126.93996450599867,484,2,2,4,2.6666666666666665,At-Risk
CUST-007592,1,33.338201946210795,337,3,2,2,2.3333333333333335,Other
CUST-007593,1,77.34193921652931,650,1,2,3,2.0,At-Risk
CUST-007594,1,66.01111224973177,233,3,2,3,2.6666666666666665,Other
CUST-007595,2,123.21978885522151,19,5,4,4,4.333333333333333,Champions
CUST-007596,2,221.51039092539443,209,4,4,5,4.333333333333333,Champions
CUST-007597,1,54.67396259021911,31,5,2,3,3.3333333333333335,Other
CUST-007598,2,85.37879828842689,360,2,4,4,3.3333333333333335,Other
CUST-007599,1,5.229983211571137,369,2,2,1,1.6666666666666667,At-Risk
CUST-007600,1,21.276922827295753,669,1,2,2,1.6666666666666667,At-Risk
CUST-007601,1,5.2352438308847,172,4,2,1,2.3333333333333335,Other
CUST-007602,1,7.884701567276579,506,2,2,1,1.6666666666666667,At-Risk
CUST-007603,1,69.96868732023951,600,1,2,3,2.0,At-Risk
CUST-007604,1,5.213229047489255,520,1,2,1,1.3333333333333333,At-Risk
CUST-007605,3,53.095673614218164,189,4,5,3,4.0,Potential Loyalists
CUST-007606,3,138.39033197344082,479,2,5,4,3.6666666666666665,Other
CUST-007607,1,167.49008519787486,155,4,2,5,3.6666666666666665,Other
CUST-007608,1,26.607288668114663,551,1,2,2,1.6666666666666667,At-Risk
CUST-007609,1,13.054906267100147,694,1,2,1,1.3333333333333333,At-Risk
CUST-007610,2,154.01649504727607,508,2,4,4,3.3333333333333335,Other
CUST-007611,2,75.5462129105638,416,2,4,3,3.0,Other
CUST-007612,2,93.35613988351469,479,2,4,4,3.3333333333333335,Other
CUST-007614,1,3.081054139281667,308,3,2,1,2.0,Other
CUST-007615,1,10.589035886888746,207,4,2,1,2.3333333333333335,Other
CUST-007616,1,94.33826588198846,198,4,2,4,3.3333333333333335,Other
CUST-007617,3,18.61941889419783,136,4,5,1,3.3333333333333335,Other
CUST-007618,2,40.13750546006204,122,4,4,2,3.3333333333333335,Other
CUST-007619,2,219.00203540740787,592,1,4,5,3.3333333333333335,Other
CUST-007620,3,54.38553335286225,133,4,5,3,4.0,Potential Loyalists
CUST-007621,2,266.0427769779351,102,5,4,5,4.666666666666667,Champions
CUST-007622,1,15.292789987958452,302,3,2,1,2.0,Other
CUST-007623,2,73.70207390566384,307,3,4,3,3.3333333333333335,Potential Loyalists
CUST-007624,1,49.160210500679305,158,4,2,3,3.0,Other
CUST-007625,1,8.545538112710222,170,4,2,1,2.3333333333333335,Other
CUST-007626,1,44.95796844651042,623,1,2,3,2.0,At-Risk
CUST-007627,1,55.24070135315033,156,4,2,3,3.0,Other
CUST-007628,1,36.71645496424194,18,5,2,2,3.0,Other
CUST-007629,1,46.44986699607378,536,1,2,3,2.0,At-Risk
CUST-007630,3,135.0549092595718,22,5,5,4,4.666666666666667,Champions
CUST-007631,1,69.49586112505959,487,2,2,3,2.3333333333333335,At-Risk
CUST-007632,1,16.354040983310856,415,2,2,1,1.6666666666666667,At-Risk
CUST-007633,1,3.4800428135620036,499,2,2,1,1.6666666666666667,At-Risk
CUST-007634,1,62.0127353148096,298,3,2,3,2.6666666666666665,Other
CUST-007635,1,157.4902354235895,532,1,2,4,2.3333333333333335,At-Risk
CUST-007636,1,54.948176590362465,433,2,2,3,2.3333333333333335,At-Risk
CUST-007638,1,6.213629019038897,629,1,2,1,1.3333333333333333,At-Risk
CUST-007639,2,111.68094505068902,163,4,4,4,4.0,Champions
CUST-007640,1,120.85553956933347,567,1,2,4,2.3333333333333335,At-Risk
CUST-007641,1,84.4176051738821,119,4,2,4,3.3333333333333335,Other
CUST-007642,2,314.1714938233066,159,4,4,5,4.333333333333333,Champions
CUST-007643,1,86.93136414685812,408,2,2,4,2.6666666666666665,At-Risk
CUST-007644,3,167.59932765070982,180,4,5,5,4.666666666666667,Champions
CUST-007645,2,165.04093261931834,64,5,4,5,4.666666666666667,Champions
CUST-007646,1,10.59377511182777,440,2,2,1,1.6666666666666667,At-Risk
CUST-007647,1,26.76307230297957,526,1,2,2,1.6666666666666667,At-Risk
CUST-007648,2,92.17321485737409,139,4,4,4,4.0,Champions
CUST-007649,2,65.89391934731174,204,4,4,3,3.6666666666666665,Potential Loyalists
CUST-007650,1,58.73826178611344,610,1,2,3,2.0,At-Risk
CUST-007651,2,59.4972345631449,58,5,4,3,4.0,Potential Loyalists
CUST-007652,3,565.3068021702026,35,5,5,5,5.0,Champions
CUST-007653,1,27.926081461712357,410,2,2,2,2.0,At-Risk
CUST-007654,1,18.37656499368194,489,2,2,1,1.6666666666666667,At-Risk
CUST-007655,1,24.83922468985418,27,5,2,2,3.0,Other
CUST-007656,1,146.58910020038095,197,4,2,4,3.3333333333333335,Other
CUST-007657,1,4.9010094741666155,14,5,2,1,2.6666666666666665,Other
CUST-007658,3,171.87052729081495,298,3,5,5,4.333333333333333,Potential Loyalists
CUST-007659,2,90.14651349400577,336,3,4,4,3.6666666666666665,Potential Loyalists
CUST-007660,2,119.25238962590484,305,3,4,4,3.6666666666666665,Potential Loyalists
CUST-007661,1,12.70376334159613,26,5,2,1,2.6666666666666665,Other
CUST-007662,2,46.11044001063607,146,4,4,3,3.6666666666666665,Potential Loyalists
CUST-007663,1,57.70580149580812,543,1,2,3,2.0,At-Risk
CUST-007664,1,26.483034504319303,493,2,2,2,2.0,At-Risk
CUST-007665,1,14.230802140089576,593,1,2,1,1.3333333333333333,At-Risk
CUST-007666,1,203.034128648709,635,1,2,5,2.6666666666666665,At-Risk
CUST-007667,1,15.405454641708763,197,4,2,1,2.3333333333333335,Other
CUST-007668,2,67.93643110511208,465,2,4,3,3.0,Other
CUST-007669,2,335.79262544392316,85,5,4,5,4.666666666666667,Champions
CUST-007670,1,21.16274252621917,380,2,2,2,2.0,At-Risk
CUST-007671,1,67.69466480158388,710,1,2,3,2.0,At-Risk
CUST-007672,1,82.81992437284848,580,1,2,4,2.3333333333333335,At-Risk
CUST-007673,1,28.330228429277987,562,1,2,2,1.6666666666666667,At-Risk
CUST-007674,2,13965.896699030996,299,3,4,5,4.0,Potential Loyalists
CUST-007675,3,85.72439893169249,5,5,5,4,4.666666666666667,Champions
CUST-007676,1,11.118197817727127,685,1,2,1,1.3333333333333333,At-Risk
CUST-007677,1,32.239179234338074,685,1,2,2,1.6666666666666667,At-Risk
CUST-007678,1,121.09047484673836,86,5,2,4,3.6666666666666665,Other
CUST-007679,3,150.14708444623415,286,3,5,4,4.0,Potential Loyalists
CUST-007680,3,540.6368160130415,226,3,5,5,4.333333333333333,Potential Loyalists
CUST-007681,2,314.5650777282635,224,3,4,5,4.0,Potential Loyalists
CUST-007682,1,36.025362335812545,179,4,2,2,2.6666666666666665,Other
CUST-007683,1,4.383145262012887,266,3,2,1,2.0,Other
CUST-007684,2,389.27165112695326,226,3,4,5,4.0,Potential Loyalists
CUST-007685,2,22.00936476242958,567,1,4,2,2.3333333333333335,Other
CUST-007686,1,17.712385948024096,67,5,2,1,2.6666666666666665,Other
CUST-007687,2,25.548079537872745,55,5,4,2,3.6666666666666665,Other
CUST-007688,2,37.523513999269,549,1,4,2,2.3333333333333335,Other
CUST-007689,1,995.9473685047464,667,1,2,5,2.6666666666666665,At-Risk
CUST-007690,1,40.77092821920502,537,1,2,2,1.6666666666666667,At-Risk
CUST-007691,1,52.98964465088011,613,1,2,3,2.0,At-Risk
CUST-007692,1,87.09168871544276,200,4,2,4,3.3333333333333335,Other
CUST-007693,2,215.19816687777703,166,4,4,5,4.333333333333333,Champions
CUST-007694,4,102.83792935388298,45,5,5,4,4.666666666666667,Champions
CUST-007695,2,105.0715059772454,239,3,4,4,3.6666666666666665,Potential Loyalists
CUST-007696,1,32.86701990788211,553,1,2,2,1.6666666666666667,At-Risk
CUST-007697,1,113.22153842617637,372,2,2,4,2.6666666666666665,At-Risk
CUST-007698,4,466.2749810102564,35,5,5,5,5.0,Champions
CUST-007699,1,198.71862339609493,696,1,2,5,2.6666666666666665,At-Risk
CUST-007700,1,24.08848950270854,558,1,2,2,1.6666666666666667,At-Risk
CUST-007701,1,12.799631639566458,136,4,2,1,2.3333333333333335,Other
CUST-007702,3,92.51633291465623,98,5,5,4,4.666666666666667,Champions
CUST-007703,1,1.4544793853819404,621,1,2,1,1.3333333333333333,At-Risk
CUST-007704,2,49.51992207472279,51,5,4,3,4.0,Potential Loyalists
CUST-007705,1,8.268377356581652,273,3,2,1,2.0,Other
CUST-007706,2,34.79127838832746,88,5,4,2,3.6666666666666665,Other
CUST-007707,1,4.773943977479152,127,4,2,1,2.3333333333333335,Other
CUST-007708,2,913.0435879262222,46,5,4,5,4.666666666666667,Champions
CUST-007709,1,8353.501886111513,385,2,2,5,3.0,At-Risk
CUST-007710,1,51.547555542360335,51,5,2,3,3.3333333333333335,Other
CUST-007711,2,743.3016351101786,72,5,4,5,4.666666666666667,Champions
CUST-007712,1,3.1429524270333973,538,1,2,1,1.3333333333333333,At-Risk
CUST-007713,1,40.00334560740612,700,1,2,2,1.6666666666666667,At-Risk
CUST-007714,1,57.76424325503854,728,1,2,3,2.0,At-Risk
CUST-007715,2,116.08618617203626,63,5,4,4,4.333333333333333,Champions
CUST-007716,2,102.69165751957443,212,4,4,4,4.0,Champions
CUST-007717,1,10.305594307287718,332,3,2,1,2.0,Other
CUST-007718,1,63.46226287659001,510,2,2,3,2.3333333333333335,At-Risk
CUST-007719,2,1251.0333523828278,257,3,4,5,4.0,Potential Loyalists
CUST-007720,1,19.21353794515652,250,3,2,2,2.3333333333333335,Other
CUST-007721,1,57.868395007832504,241,3,2,3,2.6666666666666665,Other
CUST-007722,2,128.21169412619503,87,5,4,4,4.333333333333333,Champions
CUST-007723,1,10.94779914926011,383,2,2,1,1.6666666666666667,At-Risk
CUST-007724,1,6.1889052549094234,503,2,2,1,1.6666666666666667,At-Risk
CUST-007725,1,9735.763040802398,483,2,2,5,3.0,At-Risk
CUST-007726,2,38.95724378867688,113,4,4,2,3.3333333333333335,Other
CUST-007727,1,43.94899237696539,491,2,2,3,2.3333333333333335,At-Risk
CUST-007728,1,35.049091823929324,23,5,2,2,3.0,Other
CUST-007729,1,51.73283525649874,685,1,2,3,2.0,At-Risk
CUST-007730,1,38.97779798100897,322,3,2,2,2.3333333333333335,Other
CUST-007731,3,667.7144503300511,110,4,5,5,4.666666666666667,Champions
CUST-007732,1,158.0273395115957,547,1,2,4,2.3333333333333335,At-Risk
CUST-007733,1,41.864520025631194,583,1,2,3,2.0,At-Risk
CUST-007734,1,7.977053447550147,402,2,2,1,1.6666666666666667,At-Risk
CUST-007735,2,114.363158042487,267,3,4,4,3.6666666666666665,Potential Loyalists
CUST-007736,1,18.578363486415125,102,5,2,1,2.6666666666666665,Other
CUST-007737,2,53.211734371127555,303,3,4,3,3.3333333333333335,Potential Loyalists
CUST-007738,3,59.095211376198264,383,2,5,3,3.3333333333333335,Other
CUST-007739,1,73.02352723900161,204,4,2,3,3.0,Other
CUST-007740,2,82.66205135109111,321,3,4,4,3.6666666666666665,Potential Loyalists
CUST-007741,1,15.802774648665226,284,3,2,1,2.0,Other
CUST-007742,1,748.6365919392198,349,3,2,5,3.3333333333333335,Other
CUST-007743,3,98.6895351165136,346,3,5,4,4.0,Potential Loyalists
CUST-007744,1,7.221610102446381,82,5,2,1,2.6666666666666665,Other
CUST-007745,1,67.79516165213589,623,1,2,3,2.0,At-Risk
CUST-007747,1,28.791903951968035,620,1,2,2,1.6666666666666667,At-Risk
CUST-007748,1,89.13389092784946,586,1,2,4,2.3333333333333335,At-Risk
CUST-007749,1,11.542006873194453,513,2,2,1,1.6666666666666667,At-Risk
CUST-007750,1,1110.80768946094,318,3,2,5,3.3333333333333335,Other
CUST-007751,1,23.541814968169824,396,2,2,2,2.0,At-Risk
CUST-007752,2,5785.539388792864,386,2,4,5,3.6666666666666665,Other
CUST-007753,1,43.19361644032237,677,1,2,3,2.0,At-Risk
CUST-007754,1,65.4408296434077,568,1,2,3,2.0,At-Risk
CUST-007755,2,320.7848884680724,89,5,4,5,4.666666666666667,Champions
CUST-007756,2,55.900669664553256,145,4,4,3,3.6666666666666665,Potential Loyalists
CUST-007757,1,172.18811643251212,702,1,2,5,2.6666666666666665,At-Risk
CUST-007758,1,31.55819156402172,592,1,2,2,1.6666666666666667,At-Risk
CUST-007759,3,263.75154984510596,283,3,5,5,4.333333333333333,Potential Loyalists
CUST-007760,1,700.7823227097157,176,4,2,5,3.6666666666666665,Other
CUST-007761,1,105.12430893370065,534,1,2,4,2.3333333333333335,At-Risk
CUST-007762,2,182.69785356001572,409,2,4,5,3.6666666666666665,Other
CUST-007763,1,12.50439849696802,499,2,2,1,1.6666666666666667,At-Risk
CUST-007764,1,32.5108251358994,61,5,2,2,3.0,Other
CUST-007765,1,64.80341250510784,215,4,2,3,3.0,Other
CUST-007766,1,15.431010092449409,538,1,2,1,1.3333333333333333,At-Risk
CUST-007767,2,33.19743153211966,218,4,4,2,3.3333333333333335,Other
CUST-007768,1,20.70140540996964,360,2,2,2,2.0,At-Risk
CUST-007769,1,4.406430136251097,345,3,2,1,2.0,Other
CUST-007770,1,65.37928038259078,297,3,2,3,2.6666666666666665,Other
CUST-007771,1,62.22183620511811,724,1,2,3,2.0,At-Risk
CUST-007772,1,32.312917780903085,370,2,2,2,2.0,At-Risk
CUST-007773,1,5.413596652742852,289,3,2,1,2.0,Other
CUST-007774,1,14.67789804317113,10,5,2,1,2.6666666666666665,Other
CUST-007775,2,57.55370913780451,254,3,4,3,3.3333333333333335,Potential Loyalists
CUST-007776,1,38.628536885241296,260,3,2,2,2.3333333333333335,Other
CUST-007777,2,95.13069658759417,150,4,4,4,4.0,Champions
CUST-007778,2,35.323600920743495,322,3,4,2,3.0,Other
CUST-007779,2,74.79334370468554,336,3,4,3,3.3333333333333335,Potential Loyalists
CUST-007780,1,5580.355577414649,268,3,2,5,3.3333333333333335,Other
CUST-007781,1,27.028613307872483,378,2,2,2,2.0,At-Risk
CUST-007782,1,165.5445976552908,2,5,2,5,4.0,Other
CUST-007783,1,15.997385323845762,186,4,2,1,2.3333333333333335,Other
CUST-007784,2,899.5858887999427,113,4,4,5,4.333333333333333,Champions
CUST-007785,1,81.50096849367958,83,5,2,4,3.6666666666666665,Other
CUST-007786,1,22.619145721127957,323,3,2,2,2.3333333333333335,Other
CUST-007787,2,26.485712794398165,279,3,4,2,3.0,Other
CUST-007788,1,15.276231794958086,648,1,2,1,1.3333333333333333,At-Risk
CUST-007789,2,86.014475524415,86,5,4,4,4.333333333333333,Champions
CUST-007790,3,7287.6672349300825,224,3,5,5,4.333333333333333,Potential Loyalists
CUST-007791,2,25.988064768523827,333,3,4,2,3.0,Other
CUST-007792,1,23.521466754909504,91,5,2,2,3.0,Other
CUST-007793,1,35.74356994396908,655,1,2,2,1.6666666666666667,At-Risk
CUST-007794,1,5558.412174256413,63,5,2,5,4.0,Other
CUST-007795,1,17.941598972849917,194,4,2,1,2.3333333333333335,Other
CUST-007796,1,12661.224744112296,712,1,2,5,2.6666666666666665,At-Risk
CUST-007797,1,4.9904100403017555,361,2,2,1,1.6666666666666667,At-Risk
CUST-007798,2,138.09839943565305,411,2,4,4,3.3333333333333335,Other
CUST-007799,1,13.95147169783373,536,1,2,1,1.3333333333333333,At-Risk
CUST-007800,1,5.892236167386286,640,1,2,1,1.3333333333333333,At-Risk
CUST-007801,1,236.5630865459868,577,1,2,5,2.6666666666666665,At-Risk
CUST-007802,1,36.18768328573223,267,3,2,2,2.3333333333333335,Other
CUST-007803,1,73.36229584591632,697,1,2,3,2.0,At-Risk
CUST-007804,1,12.336500285668272,31,5,2,1,2.6666666666666665,Other
CUST-007805,3,270.8821984670553,409,2,5,5,4.0,Other
CUST-007806,2,108.06087541010555,406,2,4,4,3.3333333333333335,Other
CUST-007807,2,250.3844720329074,179,4,4,5,4.333333333333333,Champions
CUST-007808,1,8.49668236107432,608,1,2,1,1.3333333333333333,At-Risk
CUST-007809,1,42.11246298403345,292,3,2,3,2.6666666666666665,Other
CUST-007810,1,31.941792419780324,438,2,2,2,2.0,At-Risk
CUST-007811,1,36.505194472961726,387,2,2,2,2.0,At-Risk
CUST-007812,1,30.165871923169835,72,5,2,2,3.0,Other
CUST-007813,2,123.26886752831197,143,4,4,4,4.0,Champions
CUST-007814,2,404.0991902748209,93,5,4,5,4.666666666666667,Champions
CUST-007815,1,14.929201165928664,382,2,2,1,1.6666666666666667,At-Risk
CUST-007816,2,34.11059338471892,519,2,4,2,2.6666666666666665,Other
CUST-007817,1,2.485906765986617,433,2,2,1,1.6666666666666667,At-Risk
CUST-007818,2,85.56827572465845,278,3,4,4,3.6666666666666665,Potential Loyalists
CUST-007819,2,107.20658428755254,206,4,4,4,4.0,Champions
CUST-007820,1,8.296184521868424,699,1,2,1,1.3333333333333333,At-Risk
CUST-007821,1,185.5080766230375,107,4,2,5,3.6666666666666665,Other
CUST-007822,1,95.4415759620811,43,5,2,4,3.6666666666666665,Other
CUST-007823,1,113.4882617867049,519,2,2,4,2.6666666666666665,At-Risk
CUST-007824,2,91.81415333010145,41,5,4,4,4.333333333333333,Champions
CUST-007825,1,67.86013686714237,298,3,2,3,2.6666666666666665,Other
CUST-007826,2,790.7072147969182,323,3,4,5,4.0,Potential Loyalists
CUST-007827,1,13.206298703769152,426,2,2,1,1.6666666666666667,At-Risk
CUST-007828,2,305.2137620453507,422,2,4,5,3.6666666666666665,Other
CUST-007829,1,1.1574038932220343,578,1,2,1,1.3333333333333333,At-Risk
CUST-007830,2,184.77745779130348,296,3,4,5,4.0,Potential Loyalists
CUST-007831,2,59.61887372752837,53,5,4,3,4.0,Potential Loyalists
CUST-007832,1,54.75656198252562,688,1,2,3,2.0,At-Risk
CUST-007833,3,70.41445694942777,18,5,5,3,4.333333333333333,Potential Loyalists
CUST-007834,5,136.1700564732544,289,3,5,4,4.0,Potential Loyalists
CUST-007835,1,30.739060591909094,457,2,2,2,2.0,At-Risk
CUST-007836,2,479.53112087373876,677,1,4,5,3.3333333333333335,Other
CUST-007837,1,14.067536829901242,425,2,2,1,1.6666666666666667,At-Risk
CUST-007838,2,65.08100467315873,50,5,4,3,4.0,Potential Loyalists
CUST-007839,1,25.30612641754539,636,1,2,2,1.6666666666666667,At-Risk
CUST-007840,1,121.1657454074046,262,3,2,4,3.0,Other
CUST-007841,1,7.157930966121233,542,1,2,1,1.3333333333333333,At-Risk
CUST-007842,1,10935.343064832863,313,3,2,5,3.3333333333333335,Other
CUST-007843,2,27.555006924581093,307,3,4,2,3.0,Other
CUST-007844,1,87.26474171651907,200,4,2,4,3.3333333333333335,Other
CUST-007845,1,69.00139640115928,509,2,2,3,2.3333333333333335,At-Risk
CUST-007846,2,10.247600038511354,386,2,4,1,2.3333333333333335,Other
CUST-007847,2,32.42221320187295,76,5,4,2,3.6666666666666665,Other
CUST-007848,1,43.134742638046255,332,3,2,3,2.6666666666666665,Other
CUST-007849,2,267.3476316658734,169,4,4,5,4.333333333333333,Champions
CUST-007850,2,82.4501997317173,202,4,4,4,4.0,Champions
CUST-007851,1,7683.870886061301,662,1,2,5,2.6666666666666665,At-Risk
CUST-007852,2,50.906179764342504,130,4,4,3,3.6666666666666665,Potential Loyalists
CUST-007853,1,119.74159474981413,647,1,2,4,2.3333333333333335,At-Risk
CUST-007854,1,14.991340018411735,344,3,2,1,2.0,Other
CUST-007855,1,18.373136112850556,653,1,2,1,1.3333333333333333,At-Risk
CUST-007856,1,179.67436356483066,496,2,2,5,3.0,At-Risk
CUST-007857,1,180.05774359413113,657,1,2,5,2.6666666666666665,At-Risk
CUST-007858,2,168.55159583089156,297,3,4,5,4.0,Potential Loyalists
CUST-007859,2,17.74860508994831,232,3,4,1,2.6666666666666665,Other
CUST-007861,2,96.92690132614035,144,4,4,4,4.0,Champions
CUST-007862,1,106.94499997419923,485,2,2,4,2.6666666666666665,At-Risk
CUST-007863,1,76.43769960536005,692,1,2,3,2.0,At-Risk
CUST-007864,2,28.246906247632722,65,5,4,2,3.6666666666666665,Other
CUST-007865,1,44.086340706712214,274,3,2,3,2.6666666666666665,Other
CUST-007866,1,24.6802290844182,501,2,2,2,2.0,At-Risk
CUST-007867,2,80.11486953315408,176,4,4,4,4.0,Champions
CUST-007868,2,71.75002744874763,24,5,4,3,4.0,Potential Loyalists
CUST-007869,1,13.140977391805489,717,1,2,1,1.3333333333333333,At-Risk
CUST-007870,3,273.75772206119075,243,3,5,5,4.333333333333333,Potential Loyalists
CUST-007871,2,117.66162416098067,118,4,4,4,4.0,Champions
CUST-007872,2,84.66014973405468,456,2,4,4,3.3333333333333335,Other
CUST-007873,1,5.545617777482196,180,4,2,1,2.3333333333333335,Other
CUST-007874,1,7018.970680163215,572,1,2,5,2.6666666666666665,At-Risk
CUST-007875,1,27.52003992675537,728,1,2,2,1.6666666666666667,At-Risk
CUST-007876,2,76.7666469955129,473,2,4,3,3.0,Other
CUST-007877,2,120.3902043198891,154,4,4,4,4.0,Champions
CUST-007878,1,16.044941806987783,484,2,2,1,1.6666666666666667,At-Risk
CUST-007879,2,22.970626646808434,499,2,4,2,2.6666666666666665,Other
CUST-007880,1,217.4302434429851,682,1,2,5,2.6666666666666665,At-Risk
CUST-007881,2,131.83322673858117,8,5,4,4,4.333333333333333,Champions
CUST-007882,1,353.1426754973173,101,5,2,5,4.0,Other
CUST-007883,1,6.2286216306107995,240,3,2,1,2.0,Other
CUST-007884,1,9.263182438221904,65,5,2,1,2.6666666666666665,Other
CUST-007885,1,18.07272600001202,462,2,2,1,1.6666666666666667,At-Risk
CUST-007886,1,58.184638541295264,150,4,2,3,3.0,Other
CUST-007887,1,43.75239956808604,721,1,2,3,2.0,At-Risk
CUST-007888,1,1.3193961243195265,639,1,2,1,1.3333333333333333,At-Risk
CUST-007889,1,30.50077082995672,703,1,2,2,1.6666666666666667,At-Risk
CUST-007890,1,33.188372899520445,656,1,2,2,1.6666666666666667,At-Risk
CUST-007891,1,58.51450817821365,521,1,2,3,2.0,At-Risk
CUST-007892,2,46.32818538345845,42,5,4,3,4.0,Potential Loyalists
CUST-007893,2,97.30568742293019,44,5,4,4,4.333333333333333,Champions
CUST-007894,1,86.2913408863532,647,1,2,4,2.3333333333333335,At-Risk
CUST-007895,1,9.4692580167664,43,5,2,1,2.6666666666666665,Other
CUST-007896,1,132.42718443499783,359,2,2,4,2.6666666666666665,At-Risk
CUST-007897,2,47.67574250448649,147,4,4,3,3.6666666666666665,Potential Loyalists
CUST-007898,1,79.08616327682653,256,3,2,3,2.6666666666666665,Other
CUST-007899,2,43.130641510696435,31,5,4,3,4.0,Potential Loyalists
CUST-007900,1,15.3567682736944,650,1,2,1,1.3333333333333333,At-Risk
CUST-007901,1,39.43749478988708,592,1,2,2,1.6666666666666667,At-Risk
CUST-007902,3,212.94598090993202,294,3,5,5,4.333333333333333,Potential Loyalists
CUST-007903,2,145.25813115047146,459,2,4,4,3.3333333333333335,Other
CUST-007904,1,63.74382080434158,673,1,2,3,2.0,At-Risk
CUST-007905,2,109.34539727216469,0,5,4,4,4.333333333333333,Champions
CUST-007906,1,20.511837423434436,559,1,2,2,1.6666666666666667,At-Risk
CUST-007907,2,81.69590024307456,493,2,4,4,3.3333333333333335,Other
CUST-007908,1,117.9382207822671,590,1,2,4,2.3333333333333335,At-Risk
CUST-007909,1,79.51179983834845,357,3,2,3,2.6666666666666665,Other
CUST-007910,2,143.84216384056816,269,3,4,4,3.6666666666666665,Potential Loyalists
CUST-007911,2,121.67390312174108,191,4,4,4,4.0,Champions
CUST-007912,1,16.483040016071506,6,5,2,1,2.6666666666666665,Other
CUST-007913,1,9.769316287243209,502,2,2,1,1.6666666666666667,At-Risk
CUST-007914,2,424.217724911078,303,3,4,5,4.0,Potential Loyalists
CUST-007915,1,69.94027788297377,683,1,2,3,2.0,At-Risk
CUST-007916,1,20.137707830892825,204,4,2,2,2.6666666666666665,Other
CUST-007917,2,51.872431025699285,163,4,4,3,3.6666666666666665,Potential Loyalists
CUST-007918,1,9.583469717006938,50,5,2,1,2.6666666666666665,Other
CUST-007919,1,18.14702437262634,677,1,2,1,1.3333333333333333,At-Risk
CUST-007920,1,21.33989040384026,473,2,2,2,2.0,At-Risk
CUST-007921,1,4.442444620668253,426,2,2,1,1.6666666666666667,At-Risk
CUST-007922,1,7503.048180905479,512,2,2,5,3.0,At-Risk
CUST-007923,2,19.89976620461322,461,2,4,2,2.6666666666666665,Other
CUST-007924,1,6.775111446158506,295,3,2,1,2.0,Other
CUST-007925,1,33.07320167610444,48,5,2,2,3.0,Other
CUST-007926,1,18.87939265772172,661,1,2,2,1.6666666666666667,At-Risk
CUST-007927,1,19.65735775246942,553,1,2,2,1.6666666666666667,At-Risk
CUST-007928,4,643.6601493796302,202,4,5,5,4.666666666666667,Champions
CUST-007929,2,277.93423184118006,139,4,4,5,4.333333333333333,Champions
CUST-007930,2,81.73959545252873,504,2,4,4,3.3333333333333335,Other
CUST-007931,1,23.551748595736317,235,3,2,2,2.3333333333333335,Other
CUST-007932,1,24.38223633209565,425,2,2,2,2.0,At-Risk
CUST-007933,1,10.236487561666944,449,2,2,1,1.6666666666666667,At-Risk
CUST-007934,2,214.3307070554462,122,4,4,5,4.333333333333333,Champions
CUST-007935,1,239.87612795304543,597,1,2,5,2.6666666666666665,At-Risk
CUST-007936,2,15.807201452123412,631,1,4,1,2.0,Other
CUST-007937,1,44.94085867080656,458,2,2,3,2.3333333333333335,At-Risk
CUST-007938,1,56.14278924849919,540,1,2,3,2.0,At-Risk
CUST-007939,2,102.5311018075108,289,3,4,4,3.6666666666666665,Potential Loyalists
CUST-007940,3,54.68687194116068,396,2,5,3,3.3333333333333335,Other
CUST-007941,2,143.71294325155907,228,3,4,4,3.6666666666666665,Potential Loyalists
CUST-007942,2,86.80260854727358,59,5,4,4,4.333333333333333,Champions
CUST-007943,1,61.00728305618438,419,2,2,3,2.3333333333333335,At-Risk
CUST-007944,2,9752.88093118486,245,3,4,5,4.0,Potential Loyalists
CUST-007945,1,196.7997425528717,132,4,2,5,3.6666666666666665,Other
CUST-007946,1,8.8086250193662,365,2,2,1,1.6666666666666667,At-Risk
CUST-007947,1,38.02279181775965,646,1,2,2,1.6666666666666667,At-Risk
CUST-007948,1,13.255086889956038,43,5,2,1,2.6666666666666665,Other
CUST-007949,1,139.46309325080455,327,3,2,4,3.0,Other
CUST-007950,1,92.00636526488054,603,1,2,4,2.3333333333333335,At-Risk
CUST-007951,2,76.874932756896,137,4,4,3,3.6666666666666665,Potential Loyalists
CUST-007952,2,48.349837228698625,100,5,4,3,4.0,Potential Loyalists
CUST-007953,1,376.6947480606377,352,3,2,5,3.3333333333333335,Other
CUST-007954,1,43.239044857286856,370,2,2,3,2.3333333333333335,At-Risk
CUST-007955,3,126.0763505789352,352,3,5,4,4.0,Potential Loyalists
CUST-007956,1,86.91768925480395,642,1,2,4,2.3333333333333335,At-Risk
CUST-007957,1,260.6987170742837,348,3,2,5,3.3333333333333335,Other
CUST-007958,2,8.057761482946084,138,4,4,1,3.0,Other
CUST-007959,1,25.105354594898383,21,5,2,2,3.0,Other
CUST-007960,1,7.514480417325455,674,1,2,1,1.3333333333333333,At-Risk
CUST-007961,1,395.35617360081034,475,2,2,5,3.0,At-Risk
CUST-007962,1,98.37768594145204,505,2,2,4,2.6666666666666665,At-Risk
CUST-007963,2,213.6323673095324,184,4,4,5,4.333333333333333,Champions
CUST-007964,1,32.54416925425917,396,2,2,2,2.0,At-Risk
CUST-007965,1,419.0565438244559,381,2,2,5,3.0,At-Risk
CUST-007966,1,129.88233625253804,257,3,2,4,3.0,Other
CUST-007967,1,118.27391764259146,203,4,2,4,3.3333333333333335,Other
CUST-007968,3,157.34114484780122,25,5,5,4,4.666666666666667,Champions
CUST-007969,1,34.263375374418466,407,2,2,2,2.0,At-Risk
CUST-007970,1,37.746195896380755,23,5,2,2,3.0,Other
CUST-007971,3,115.3729119886639,19,5,5,4,4.666666666666667,Champions
CUST-007972,1,47.58726444372231,727,1,2,3,2.0,At-Risk
CUST-007973,2,175.43321179128972,371,2,4,5,3.6666666666666665,Other
CUST-007974,2,90.70499727476526,246,3,4,4,3.6666666666666665,Potential Loyalists
CUST-007975,1,19.152242373182936,247,3,2,2,2.3333333333333335,Other
CUST-007976,1,27.744904835481865,90,5,2,2,3.0,Other
CUST-007977,1,15.211672624722103,69,5,2,1,2.6666666666666665,Other
CUST-007978,2,314.6028807856509,91,5,4,5,4.666666666666667,Champions
CUST-007979,1,64.89252969638684,21,5,2,3,3.3333333333333335,Other
CUST-007980,3,88.64896448424304,11,5,5,4,4.666666666666667,Champions
CUST-007981,3,102.78631657195629,128,4,5,4,4.333333333333333,Champions
CUST-007982,1,9.0491334339767,585,1,2,1,1.3333333333333333,At-Risk
CUST-007983,4,142.09759262083975,153,4,5,4,4.333333333333333,Champions
CUST-007984,1,75.59718844487861,662,1,2,3,2.0,At-Risk
CUST-007985,4,294.6465513924421,285,3,5,5,4.333333333333333,Potential Loyalists
CUST-007986,1,72.14864461940279,42,5,2,3,3.3333333333333335,Other
CUST-007987,2,83.04383716959993,112,4,4,4,4.0,Champions
CUST-007988,2,137.1351459720501,33,5,4,4,4.333333333333333,Champions
CUST-007989,1,11.58134983788945,185,4,2,1,2.3333333333333335,Other
CUST-007990,2,92.7838657788481,28,5,4,4,4.333333333333333,Champions
CUST-007991,1,245.77798334616105,63,5,2,5,4.0,Other
CUST-007992,1,28.39307976386815,14,5,2,2,3.0,Other
CUST-007993,3,70.27081731492004,4,5,5,3,4.333333333333333,Potential Loyalists
CUST-007994,2,206.98036464243276,282,3,4,5,4.0,Potential Loyalists
CUST-007995,2,61.30636597508928,2,5,4,3,4.0,Potential Loyalists
CUST-007996,1,97.14017674676144,239,3,2,4,3.0,Other
CUST-007997,2,12381.022425171861,409,2,4,5,3.6666666666666665,Other
CUST-007998,2,104.51600564690891,33,5,4,4,4.333333333333333,Champions
CUST-008000,2,21.991614130989998,373,2,4,2,2.6666666666666665,Other
CUST-008001,1,12.044077467430776,439,2,2,1,1.6666666666666667,At-Risk
CUST-008002,1,11.548412423656506,449,2,2,1,1.6666666666666667,At-Risk
CUST-008003,3,353.5612740875334,198,4,5,5,4.666666666666667,Champions
CUST-008004,2,486.17655748039897,29,5,4,5,4.666666666666667,Champions
CUST-008005,2,163.4168673415422,181,4,4,5,4.333333333333333,Champions
CUST-008006,1,264.5503484216293,170,4,2,5,3.6666666666666665,Other
CUST-008007,2,12690.462928630006,205,4,4,5,4.333333333333333,Champions
CUST-008008,3,204.42023896595623,56,5,5,5,5.0,Champions
CUST-008009,1,29.411772401649593,30,5,2,2,3.0,Other
CUST-008010,1,41.97975805434015,71,5,2,3,3.3333333333333335,Other
CUST-008011,2,49.603914442605365,29,5,4,3,4.0,Potential Loyalists
CUST-008012,1,33.43275595223378,88,5,2,2,3.0,Other
CUST-008013,1,23.37988117909121,636,1,2,2,1.6666666666666667,At-Risk
CUST-008014,1,152.90247024266094,21,5,2,4,3.6666666666666665,Other
CUST-008015,1,7.854295958927033,385,2,2,1,1.6666666666666667,At-Risk
CUST-008016,1,32.47580116088053,173,4,2,2,2.6666666666666665,Other
CUST-008017,2,217.97521023647846,3,5,4,5,4.666666666666667,Champions
CUST-008018,4,444.1104646778634,237,3,5,5,4.333333333333333,Potential Loyalists
CUST-008019,1,18.537693522327803,258,3,2,1,2.0,Other
CUST-008020,1,25.535101358875917,86,5,2,2,3.0,Other
CUST-008021,1,59.39005272639558,489,2,2,3,2.3333333333333335,At-Risk
CUST-008022,1,102.88775597501464,349,3,2,4,3.0,Other
CUST-008023,1,9.23878067980868,8,5,2,1,2.6666666666666665,Other
CUST-008024,1,39.51459167616063,163,4,2,2,2.6666666666666665,Other
CUST-008025,2,28.92531373418683,470,2,4,2,2.6666666666666665,Other
CUST-008026,1,139.04487535961246,319,3,2,4,3.0,Other
CUST-008027,2,73.44243348975883,191,4,4,3,3.6666666666666665,Potential Loyalists
CUST-008028,1,31.979881781767705,519,2,2,2,2.0,At-Risk
CUST-008029,1,79.2128849437882,73,5,2,3,3.3333333333333335,Other
CUST-008030,1,17.57921634855988,57,5,2,1,2.6666666666666665,Other
CUST-008031,1,38.85446218574319,467,2,2,2,2.0,At-Risk
CUST-008032,1,40.87319600572824,28,5,2,2,3.0,Other
CUST-008033,2,111.92967611500143,433,2,4,4,3.3333333333333335,Other
CUST-008034,3,165.59348779673056,195,4,5,5,4.666666666666667,Champions
CUST-008035,1,95.84189254135774,518,2,2,4,2.6666666666666665,At-Risk
CUST-008036,1,285.3694629946951,313,3,2,5,3.3333333333333335,Other
CUST-008037,1,68.63062774010208,435,2,2,3,2.3333333333333335,At-Risk
CUST-008038,1,32.349427409489394,388,2,2,2,2.0,At-Risk
CUST-008039,2,46.38518194144859,99,5,4,3,4.0,Potential Loyalists
CUST-008040,2,23.381902726456683,64,5,4,2,3.6666666666666665,Other
CUST-008041,1,80.0408228121107,229,3,2,4,3.0,Other
CUST-008042,1,7.278420912559325,549,1,2,1,1.3333333333333333,At-Risk
CUST-008044,2,35.012665198780844,67,5,4,2,3.6666666666666665,Other
CUST-008045,3,146.15427464567236,6,5,5,4,4.666666666666667,Champions
CUST-008046,1,54.92684434730923,489,2,2,3,2.3333333333333335,At-Risk
CUST-008047,1,5.77798288820797,417,2,2,1,1.6666666666666667,At-Risk
CUST-008048,1,29.277100170337448,715,1,2,2,1.6666666666666667,At-Risk
CUST-008049,1,283.8287313306894,321,3,2,5,3.3333333333333335,Other
CUST-008050,1,28.932210451538964,214,4,2,2,2.6666666666666665,Other
CUST-008051,1,1.8373776638970756,629,1,2,1,1.3333333333333333,At-Risk
CUST-008052,1,18.397646957118603,182,4,2,1,2.3333333333333335,Other
CUST-008053,1,132.48238093964275,450,2,2,4,2.6666666666666665,At-Risk
CUST-008054,2,49.95612978514649,15,5,4,3,4.0,Potential Loyalists
CUST-008055,1,12.792077154561255,102,5,2,1,2.6666666666666665,Other
CUST-008056,1,12.265134296767188,577,1,2,1,1.3333333333333333,At-Risk
CUST-008057,2,64.52726604910725,31,5,4,3,4.0,Potential Loyalists
CUST-008058,1,17.482812059278515,612,1,2,1,1.3333333333333333,At-Risk
CUST-008059,2,70.82623831092793,405,2,4,3,3.0,Other
CUST-008060,1,10.511325603885952,55,5,2,1,2.6666666666666665,Other
CUST-008061,1,61.89532600257736,392,2,2,3,2.3333333333333335,At-Risk
CUST-008062,1,29.89385814942492,110,4,2,2,2.6666666666666665,Other
CUST-008063,1,17.88551107481221,358,3,2,1,2.0,Other
CUST-008064,1,18.88238885349743,261,3,2,2,2.3333333333333335,Other
CUST-008065,1,30.443927395899085,112,4,2,2,2.6666666666666665,Other
CUST-008066,1,84.77067466610171,699,1,2,4,2.3333333333333335,At-Risk
CUST-008067,1,822.6021236703288,327,3,2,5,3.3333333333333335,Other
CUST-008068,1,318.8293849211907,404,2,2,5,3.0,At-Risk
CUST-008069,2,178.64212096029604,490,2,4,5,3.6666666666666665,Other
CUST-008070,1,40.572377426758365,629,1,2,2,1.6666666666666667,At-Risk
CUST-008071,2,123.5450024109986,16,5,4,4,4.333333333333333,Champions
CUST-008072,1,3.140221455732621,50,5,2,1,2.6666666666666665,Other
CUST-008073,1,35.001637500852034,720,1,2,2,1.6666666666666667,At-Risk
CUST-008074,2,99.70476502931793,346,3,4,4,3.6666666666666665,Potential Loyalists
CUST-008075,1,18.67086292583232,482,2,2,1,1.6666666666666667,At-Risk
CUST-008076,1,14.104280615904168,481,2,2,1,1.6666666666666667,At-Risk
CUST-008077,1,52.32407809026906,245,3,2,3,2.6666666666666665,Other
CUST-008078,1,29.587124460986235,418,2,2,2,2.0,At-Risk
CUST-008079,2,205.5162392417899,404,2,4,5,3.6666666666666665,Other
CUST-008080,1,38.15522811249223,164,4,2,2,2.6666666666666665,Other
CUST-008081,3,217.4014049103672,60,5,5,5,5.0,Champions
CUST-008082,1,3.1686474133220934,174,4,2,1,2.3333333333333335,Other
CUST-008083,2,475.1873170900011,106,4,4,5,4.333333333333333,Champions
CUST-008084,1,38.47585991709796,464,2,2,2,2.0,At-Risk
CUST-008085,1,154.3007350639386,413,2,2,4,2.6666666666666665,At-Risk
CUST-008086,1,135.1384298051295,379,2,2,4,2.6666666666666665,At-Risk
CUST-008087,1,85.1326559885762,355,3,2,4,3.0,Other
CUST-008088,2,112.1697755250324,267,3,4,4,3.6666666666666665,Potential Loyalists
CUST-008089,2,82.73296405783213,135,4,4,4,4.0,Champions
CUST-008090,1,19.19717549706089,484,2,2,2,2.0,At-Risk
CUST-008091,2,29.558315845614224,91,5,4,2,3.6666666666666665,Other
CUST-008092,1,10.441000799003415,456,2,2,1,1.6666666666666667,At-Risk
CUST-008093,2,46.52889930769562,168,4,4,3,3.6666666666666665,Potential Loyalists
CUST-008094,1,16.801792741612587,155,4,2,1,2.3333333333333335,Other
CUST-008095,1,33.942644871199064,346,3,2,2,2.3333333333333335,Other
CUST-008096,1,63.07161716675151,341,3,2,3,2.6666666666666665,Other
CUST-008097,2,220.888714663746,219,4,4,5,4.333333333333333,Champions
CUST-008098,1,74.91362351381747,193,4,2,3,3.0,Other
CUST-008099,1,15.997199543239498,340,3,2,1,2.0,Other
CUST-008100,1,29.0732156460704,178,4,2,2,2.6666666666666665,Other
CUST-008101,3,254.59315754210368,160,4,5,5,4.666666666666667,Champions
CUST-008102,1,112.00063018963208,567,1,2,4,2.3333333333333335,At-Risk
CUST-008103,2,58.00610873058897,665,1,4,3,2.6666666666666665,Other
CUST-008104,2,43.32531721659388,103,5,4,3,4.0,Potential Loyalists
CUST-008105,1,164.5937703680662,540,1,2,5,2.6666666666666665,At-Risk
CUST-008106,3,365.5589626718807,204,4,5,5,4.666666666666667,Champions
CUST-008107,2,115.73561472681345,7,5,4,4,4.333333333333333,Champions
CUST-008108,1,1.0144614407163053,344,3,2,1,2.0,Other
CUST-008109,1,33.105551571018225,688,1,2,2,1.6666666666666667,At-Risk
CUST-008110,1,14.689972126756167,518,2,2,1,1.6666666666666667,At-Risk
CUST-008111,2,37.831100631741236,76,5,4,2,3.6666666666666665,Other
CUST-008112,2,39.74225561199731,93,5,4,2,3.6666666666666665,Other
CUST-008113,3,14555.921758090659,90,5,5,5,5.0,Champions
CUST-008114,1,73.31217528611398,689,1,2,3,2.0,At-Risk
CUST-008115,1,109.1804104310978,16,5,2,4,3.6666666666666665,Other
CUST-008116,1,16.565051306769373,542,1,2,1,1.3333333333333333,At-Risk
CUST-008117,1,30.386274522995887,271,3,2,2,2.3333333333333335,Other
CUST-008118,1,385.67574100571886,431,2,2,5,3.0,At-Risk
CUST-008119,1,6.39794537531841,64,5,2,1,2.6666666666666665,Other
CUST-008120,1,37.21610501682475,634,1,2,2,1.6666666666666667,At-Risk
CUST-008121,4,183.4076536064262,91,5,5,5,5.0,Champions
CUST-008122,1,31.763995988880744,111,4,2,2,2.6666666666666665,Other
CUST-008123,1,4.563161628957554,357,3,2,1,2.0,Other
CUST-008124,2,156.85251989227618,107,4,4,4,4.0,Champions
CUST-008125,1,127.55054997066811,293,3,2,4,3.0,Other
CUST-008126,4,97.37934858923778,64,5,5,4,4.666666666666667,Champions
CUST-008127,1,38.693506288663954,90,5,2,2,3.0,Other
CUST-008128,1,32.31530857704858,643,1,2,2,1.6666666666666667,At-Risk
CUST-008129,1,7.81711244151174,693,1,2,1,1.3333333333333333,At-Risk
CUST-008130,1,11.1498601360515,123,4,2,1,2.3333333333333335,Other
CUST-008131,2,32.89148003842065,416,2,4,2,2.6666666666666665,Other
CUST-008132,1,88.02021078809383,291,3,2,4,3.0,Other
CUST-008133,1,15.06432152224814,174,4,2,1,2.3333333333333335,Other
CUST-008134,2,88.48062573396075,200,4,4,4,4.0,Champions
CUST-008135,2,24.01342430641049,610,1,4,2,2.3333333333333335,Other
CUST-008136,3,50.43033000813586,91,5,5,3,4.333333333333333,Potential Loyalists
CUST-008137,1,245.45904651212732,335,3,2,5,3.3333333333333335,Other
CUST-008138,1,5.947492482877216,488,2,2,1,1.6666666666666667,At-Risk
CUST-008139,1,14.179175223142073,590,1,2,1,1.3333333333333333,At-Risk
CUST-008140,1,205.69693559139233,346,3,2,5,3.3333333333333335,Other
CUST-008141,1,34.91637435733446,325,3,2,2,2.3333333333333335,Other
CUST-008143,1,4.442909890623429,727,1,2,1,1.3333333333333333,At-Risk
CUST-008144,2,195.74641402737024,547,1,4,5,3.3333333333333335,Other
CUST-008145,1,65.28193134031783,92,5,2,3,3.3333333333333335,Other
CUST-008146,1,12.411574236488605,422,2,2,1,1.6666666666666667,At-Risk
CUST-008147,1,2.8502507714967447,213,4,2,1,2.3333333333333335,Other
CUST-008148,1,14.180962686469082,262,3,2,1,2.0,Other
CUST-008149,2,6.148168031796379,132,4,4,1,3.0,Other
CUST-008150,1,46.46022110340296,352,3,2,3,2.6666666666666665,Other
CUST-008151,2,309.05452839441955,423,2,4,5,3.6666666666666665,Other
CUST-008152,2,77.24831986200175,543,1,4,3,2.6666666666666665,Other
CUST-008153,2,64.02458197976563,507,2,4,3,3.0,Other
CUST-008154,1,5.933377216360219,479,2,2,1,1.6666666666666667,At-Risk
CUST-008155,2,10509.194775245403,190,4,4,5,4.333333333333333,Champions
CUST-008156,3,55.49580705431916,219,4,5,3,4.0,Potential Loyalists
CUST-008157,1,69.22684087641794,368,2,2,3,2.3333333333333335,At-Risk
CUST-008158,1,27.745372182735466,522,1,2,2,1.6666666666666667,At-Risk
CUST-008159,1,15.784119650795796,699,1,2,1,1.3333333333333333,At-Risk
CUST-008160,1,19.838926748380807,78,5,2,2,3.0,Other
CUST-008161,2,37.14110216841005,49,5,4,2,3.6666666666666665,Other
CUST-008162,1,4.911792361572731,11,5,2,1,2.6666666666666665,Other
CUST-008163,2,76.2931860155562,676,1,4,3,2.6666666666666665,Other
CUST-008164,1,21.747755992070154,181,4,2,2,2.6666666666666665,Other
CUST-008165,2,101.07017934587819,205,4,4,4,4.0,Champions
CUST-008166,1,4.371790234165943,555,1,2,1,1.3333333333333333,At-Risk
CUST-008167,1,125.3846578090413,386,2,2,4,2.6666666666666665,At-Risk
CUST-008168,1,63.608854519105975,514,2,2,3,2.3333333333333335,At-Risk
CUST-008169,1,14.694340234738338,569,1,2,1,1.3333333333333333,At-Risk
CUST-008170,1,28.090562085287573,84,5,2,2,3.0,Other
CUST-008171,1,55.90045483833287,247,3,2,3,2.6666666666666665,Other
CUST-008172,1,52.87999744958768,491,2,2,3,2.3333333333333335,At-Risk
CUST-008173,2,28.75124447519109,414,2,4,2,2.6666666666666665,Other
CUST-008174,4,1044.06102471642,361,2,5,5,4.0,Other
CUST-008175,2,67.95016113002369,191,4,4,3,3.6666666666666665,Potential Loyalists
CUST-008176,2,47.05019188715441,43,5,4,3,4.0,Potential Loyalists
CUST-008177,1,170.4039099625391,320,3,2,5,3.3333333333333335,Other
CUST-008178,1,51.731658098747914,130,4,2,3,3.0,Other
CUST-008179,1,56.459430141478286,601,1,2,3,2.0,At-Risk
CUST-008180,2,10750.281431221978,564,1,4,5,3.3333333333333335,Other
CUST-008181,1,63.300999559964865,568,1,2,3,2.0,At-Risk
CUST-008182,2,57.214646586657544,8,5,4,3,4.0,Potential Loyalists
CUST-008183,2,58.130993888824825,36,5,4,3,4.0,Potential Loyalists
CUST-008184,1,134.18802760751493,33,5,2,4,3.6666666666666665,Other
CUST-008185,1,3.645453450325593,51,5,2,1,2.6666666666666665,Other
CUST-008186,2,27.491086503653136,573,1,4,2,2.3333333333333335,Other
CUST-008187,2,215.65709782383493,451,2,4,5,3.6666666666666665,Other
CUST-008188,1,16.846456490227254,440,2,2,1,1.6666666666666667,At-Risk
CUST-008189,1,10147.359771018955,30,5,2,5,4.0,Other
CUST-008190,2,115.55208792224104,68,5,4,4,4.333333333333333,Champions
CUST-008191,2,207.83397730273828,483,2,4,5,3.6666666666666665,Other
CUST-008192,1,6.401030812597526,721,1,2,1,1.3333333333333333,At-Risk
CUST-008193,1,288.17021981578495,517,2,2,5,3.0,At-Risk
CUST-008194,1,36.91101121927957,720,1,2,2,1.6666666666666667,At-Risk
CUST-008195,2,473.9433242612114,42,5,4,5,4.666666666666667,Champions
CUST-008196,2,168.2800928093888,285,3,4,5,4.0,Potential Loyalists
CUST-008197,1,16.84433863850013,637,1,2,1,1.3333333333333333,At-Risk
CUST-008198,1,46.46958431154202,246,3,2,3,2.6666666666666665,Other
CUST-008199,1,217.58808080336547,161,4,2,5,3.6666666666666665,Other
CUST-008200,2,130.54554502883823,319,3,4,4,3.6666666666666665,Potential Loyalists
CUST-008201,1,7.9556096065674335,680,1,2,1,1.3333333333333333,At-Risk
CUST-008202,1,40.34319932882342,408,2,2,2,2.0,At-Risk
CUST-008203,2,290.4871895778845,318,3,4,5,4.0,Potential Loyalists
CUST-008204,1,26.18977487814793,715,1,2,2,1.6666666666666667,At-Risk
CUST-008205,1,7.315891174156751,359,2,2,1,1.6666666666666667,At-Risk
CUST-008206,1,85.91249951404023,498,2,2,4,2.6666666666666665,At-Risk
CUST-008207,1,16.314008536568434,234,3,2,1,2.0,Other
CUST-008208,2,11274.323303740543,233,3,4,5,4.0,Potential Loyalists
CUST-008209,2,163.7141315620607,190,4,4,5,4.333333333333333,Champions
CUST-008210,1,27.921084754959047,448,2,2,2,2.0,At-Risk
CUST-008211,4,113.42457852951038,153,4,5,4,4.333333333333333,Champions
CUST-008212,1,27.603210723399325,196,4,2,2,2.6666666666666665,Other
CUST-008213,2,74.04939275337875,439,2,4,3,3.0,Other
CUST-008214,2,16.26695359861184,40,5,4,1,3.3333333333333335,Other
CUST-008215,1,36.9000976000607,47,5,2,2,3.0,Other
CUST-008216,1,29.62060019426074,210,4,2,2,2.6666666666666665,Other
CUST-008217,1,22.77653551259712,350,3,2,2,2.3333333333333335,Other
CUST-008218,1,29.839652932128335,146,4,2,2,2.6666666666666665,Other
CUST-008219,1,68.1487266666247,500,2,2,3,2.3333333333333335,At-Risk
CUST-008220,2,93.89854491693518,376,2,4,4,3.3333333333333335,Other
CUST-008221,3,83.5235702172214,90,5,5,4,4.666666666666667,Champions
CUST-008222,1,11.538431721280482,276,3,2,1,2.0,Other
CUST-008223,1,111.70145494773128,692,1,2,4,2.3333333333333335,At-Risk
CUST-008224,1,83.30295159915562,277,3,2,4,3.0,Other
CUST-008225,2,165.29291360843143,194,4,4,5,4.333333333333333,Champions
CUST-008226,1,236.97037622815128,321,3,2,5,3.3333333333333335,Other
CUST-008227,2,315.7406292632466,141,4,4,5,4.333333333333333,Champions
CUST-008228,2,138.25358414610906,302,3,4,4,3.6666666666666665,Potential Loyalists
CUST-008229,2,31.33067240542801,128,4,4,2,3.3333333333333335,Other
CUST-008230,1,26.52232807244119,194,4,2,2,2.6666666666666665,Other
CUST-008231,2,37.23308371411373,171,4,4,2,3.3333333333333335,Other
CUST-008232,1,7.402113601193392,395,2,2,1,1.6666666666666667,At-Risk
CUST-008233,2,239.42423239506815,243,3,4,5,4.0,Potential Loyalists
CUST-008234,1,31.68647399421342,284,3,2,2,2.3333333333333335,Other
CUST-008235,3,51.42740841342298,61,5,5,3,4.333333333333333,Potential Loyalists
CUST-008236,2,22.080542104285875,583,1,4,2,2.3333333333333335,Other
CUST-008237,1,12.312817766982558,573,1,2,1,1.3333333333333333,At-Risk
CUST-008238,1,3.84638125353232,260,3,2,1,2.0,Other
CUST-008239,2,161.93119682933172,490,2,4,5,3.6666666666666665,Other
CUST-008241,1,127.41095316617734,188,4,2,4,3.3333333333333335,Other
CUST-008242,1,30.326692383365778,582,1,2,2,1.6666666666666667,At-Risk
CUST-008243,1,271.0182433447051,231,3,2,5,3.3333333333333335,Other
CUST-008244,1,10.02637915174185,631,1,2,1,1.3333333333333333,At-Risk
CUST-008245,2,831.7013715903804,143,4,4,5,4.333333333333333,Champions
CUST-008246,2,70.56943381255992,354,3,4,3,3.3333333333333335,Potential Loyalists
CUST-008247,1,147.62951884953162,100,5,2,4,3.6666666666666665,Other
CUST-008248,1,18.348290063124622,705,1,2,1,1.3333333333333333,At-Risk
CUST-008249,1,82.49061657869424,202,4,2,4,3.3333333333333335,Other
CUST-008250,1,49.77254652800629,396,2,2,3,2.3333333333333335,At-Risk
CUST-008251,1,52.94679750056108,173,4,2,3,3.0,Other
CUST-008252,1,4.806256831663809,180,4,2,1,2.3333333333333335,Other
CUST-008253,2,220.14100325354303,477,2,4,5,3.6666666666666665,Other
CUST-008254,1,16.468746062006208,323,3,2,1,2.0,Other
CUST-008255,1,347.80076474097547,499,2,2,5,3.0,At-Risk
CUST-008256,1,3.0748078323052326,96,5,2,1,2.6666666666666665,Other
CUST-008257,1,177.52752197566497,529,1,2,5,2.6666666666666665,At-Risk
CUST-008258,1,54.49981293401416,517,2,2,3,2.3333333333333335,At-Risk
CUST-008259,3,431.7669211714084,132,4,5,5,4.666666666666667,Champions
CUST-008260,2,33.09238077620045,240,3,4,2,3.0,Other
CUST-008261,1,108.6893712428034,237,3,2,4,3.0,Other
CUST-008262,1,26.739769457127796,520,1,2,2,1.6666666666666667,At-Risk
CUST-008263,1,187.15906511637377,317,3,2,5,3.3333333333333335,Other
CUST-008264,3,144.3229329972226,22,5,5,4,4.666666666666667,Champions
CUST-008265,3,72.43109753630416,67,5,5,3,4.333333333333333,Potential Loyalists
CUST-008266,1,49.748995636893866,175,4,2,3,3.0,Other
CUST-008267,2,228.16400736264495,232,3,4,5,4.0,Potential Loyalists
CUST-008268,1,6.892109666220251,263,3,2,1,2.0,Other
CUST-008269,1,1156.9475996708088,180,4,2,5,3.6666666666666665,Other
CUST-008270,1,43.1644802999044,672,1,2,3,2.0,At-Risk
CUST-008271,1,44.03237631982068,612,1,2,3,2.0,At-Risk
CUST-008272,1,10.79162292388944,225,3,2,1,2.0,Other
CUST-008273,1,208.3391667714919,679,1,2,5,2.6666666666666665,At-Risk
CUST-008274,1,267.3455952589415,208,4,2,5,3.6666666666666665,Other
CUST-008275,1,7.747241349672777,75,5,2,1,2.6666666666666665,Other
CUST-008277,1,107.14253086615304,7,5,2,4,3.6666666666666665,Other
CUST-008278,2,15.682010492085865,491,2,4,1,2.3333333333333335,Other
CUST-008279,1,21.739425289510866,85,5,2,2,3.0,Other
CUST-008280,1,22.134627828555185,299,3,2,2,2.3333333333333335,Other
CUST-008281,1,32.58930745116989,330,3,2,2,2.3333333333333335,Other
CUST-008282,2,24.817095069248804,600,1,4,2,2.3333333333333335,Other
CUST-008283,1,14.31251671845167,57,5,2,1,2.6666666666666665,Other
CUST-008284,1,3.354088570734754,103,5,2,1,2.6666666666666665,Other
CUST-008285,1,77.01909267412711,80,5,2,3,3.3333333333333335,Other
CUST-008286,1,5.2928321075394775,579,1,2,1,1.3333333333333333,At-Risk
CUST-008287,2,19.970727356158335,144,4,4,2,3.3333333333333335,Other
CUST-008288,1,43.404181541467615,216,4,2,3,3.0,Other
CUST-008289,1,93.87510029879108,457,2,2,4,2.6666666666666665,At-Risk
CUST-008290,1,12.208545413091402,339,3,2,1,2.0,Other
CUST-008291,1,12.550812050459474,465,2,2,1,1.6666666666666667,At-Risk
CUST-008292,1,10701.036588693169,419,2,2,5,3.0,At-Risk
CUST-008293,1,19.248603123464935,447,2,2,2,2.0,At-Risk
CUST-008294,1,16.598885811329097,417,2,2,1,1.6666666666666667,At-Risk
CUST-008295,1,177.24717211490986,582,1,2,5,2.6666666666666665,At-Risk
CUST-008296,1,3.009139536725799,464,2,2,1,1.6666666666666667,At-Risk
CUST-008297,1,4.396342889843766,368,2,2,1,1.6666666666666667,At-Risk
CUST-008298,1,11.332223866191471,644,1,2,1,1.3333333333333333,At-Risk
CUST-008299,1,7.685139704715714,466,2,2,1,1.6666666666666667,At-Risk
CUST-008300,1,31.877053089387825,86,5,2,2,3.0,Other
CUST-008301,1,10.904760402352244,176,4,2,1,2.3333333333333335,Other
CUST-008302,2,153.23591162391807,206,4,4,4,4.0,Champions
CUST-008303,1,282.7423633391795,223,3,2,5,3.3333333333333335,Other
CUST-008304,1,129.0957819088814,17,5,2,4,3.6666666666666665,Other
CUST-008305,1,15.906450877659088,252,3,2,1,2.0,Other
CUST-008306,2,69.73354666959698,227,3,4,3,3.3333333333333335,Potential Loyalists
CUST-008307,3,297.7841117477346,24,5,5,5,5.0,Champions
CUST-008308,3,98.14006086427823,8,5,5,4,4.666666666666667,Champions
CUST-008309,2,66.37030607188969,614,1,4,3,2.6666666666666665,Other
CUST-008310,1,54.644798657781266,244,3,2,3,2.6666666666666665,Other
CUST-008311,1,80.92798263538147,355,3,2,4,3.0,Other
CUST-008312,2,90.77899068368873,55,5,4,4,4.333333333333333,Champions
CUST-008313,1,1.7201140872065228,161,4,2,1,2.3333333333333335,Other
CUST-008314,1,29.67594898890209,201,4,2,2,2.6666666666666665,Other
CUST-008315,1,12.388899003502114,84,5,2,1,2.6666666666666665,Other
CUST-008316,2,211.31936342912985,425,2,4,5,3.6666666666666665,Other
CUST-008317,1,26.995102188135125,698,1,2,2,1.6666666666666667,At-Risk
CUST-008318,1,333.2341555214417,158,4,2,5,3.6666666666666665,Other
CUST-008319,1,385.4208681323498,719,1,2,5,2.6666666666666665,At-Risk
CUST-008320,3,54.644011551048436,27,5,5,3,4.333333333333333,Potential Loyalists
CUST-008321,3,103.35581388900397,75,5,5,4,4.666666666666667,Champions
CUST-008322,2,44.012178990825795,333,3,4,3,3.3333333333333335,Potential Loyalists
CUST-008323,2,6673.629486667188,69,5,4,5,4.666666666666667,Champions
CUST-008324,1,94.31801929975497,121,4,2,4,3.3333333333333335,Other
CUST-008325,1,206.0791155208823,711,1,2,5,2.6666666666666665,At-Risk
CUST-008326,2,68.87120897279095,88,5,4,3,4.0,Potential Loyalists
CUST-008327,2,32.281609484000015,252,3,4,2,3.0,Other
CUST-008328,1,37.66097650045976,208,4,2,2,2.6666666666666665,Other
CUST-008329,2,547.8008273029312,265,3,4,5,4.0,Potential Loyalists
CUST-008330,2,79.33055956703892,287,3,4,3,3.3333333333333335,Potential Loyalists
CUST-008331,1,53.28418857836495,666,1,2,3,2.0,At-Risk
CUST-008332,1,128.01690290513255,83,5,2,4,3.6666666666666665,Other
CUST-008333,1,57.800847677586646,51,5,2,3,3.3333333333333335,Other
CUST-008334,2,364.63404376402116,71,5,4,5,4.666666666666667,Champions
CUST-008335,1,19.337793117303548,241,3,2,2,2.3333333333333335,Other
CUST-008336,2,121.56813801630196,148,4,4,4,4.0,Champions
CUST-008337,1,34.17645685986407,372,2,2,2,2.0,At-Risk
CUST-008338,1,11.896626078581514,146,4,2,1,2.3333333333333335,Other
CUST-008339,2,62.751194824873124,115,4,4,3,3.6666666666666665,Potential Loyalists
CUST-008340,2,114.66852261177748,625,1,4,4,3.0,Other
CUST-008341,2,104.46142261411077,199,4,4,4,4.0,Champions
CUST-008342,1,17.459286343931016,500,2,2,1,1.6666666666666667,At-Risk
CUST-008343,2,16.66275991520153,104,5,4,1,3.3333333333333335,Other
CUST-008344,1,19.263605133816267,325,3,2,2,2.3333333333333335,Other
CUST-008345,1,16.58976562330487,652,1,2,1,1.3333333333333333,At-Risk
CUST-008346,3,27.19903832818739,19,5,5,2,4.0,Other
CUST-008347,2,74.68561012312641,333,3,4,3,3.3333333333333335,Potential Loyalists
CUST-008348,2,10853.781742288033,306,3,4,5,4.0,Potential Loyalists
CUST-008349,1,7.765652158510158,329,3,2,1,2.0,Other
CUST-008350,1,4.138908660618841,386,2,2,1,1.6666666666666667,At-Risk
CUST-008351,2,555.9200556045322,68,5,4,5,4.666666666666667,Champions
CUST-008352,1,11.156713262921684,652,1,2,1,1.3333333333333333,At-Risk
CUST-008353,2,30.679995788889997,81,5,4,2,3.6666666666666665,Other
CUST-008354,2,9528.917932109367,375,2,4,5,3.6666666666666665,Other
CUST-008355,1,55.81526204911661,47,5,2,3,3.3333333333333335,Other
CUST-008356,1,159.40094387468304,670,1,2,4,2.3333333333333335,At-Risk
CUST-008357,2,18.7733699542915,27,5,4,1,3.3333333333333335,Other
CUST-008358,2,21.62672009846567,164,4,4,2,3.3333333333333335,Other
CUST-008359,1,83.09032701963187,590,1,2,4,2.3333333333333335,At-Risk
CUST-008360,1,11.810549654193435,512,2,2,1,1.6666666666666667,At-Risk
CUST-008361,1,76.8277838374699,631,1,2,3,2.0,At-Risk
CUST-008362,1,22.950126453059227,11,5,2,2,3.0,Other
CUST-008363,2,38.65204519362736,180,4,4,2,3.3333333333333335,Other
CUST-008364,2,62.98666519156798,465,2,4,3,3.0,Other
CUST-008365,1,10.266308429845656,176,4,2,1,2.3333333333333335,Other
CUST-008366,2,80.62213766132642,446,2,4,4,3.3333333333333335,Other
CUST-008367,1,13020.792146288792,108,4,2,5,3.6666666666666665,Other
CUST-008368,2,39.87081367382772,395,2,4,2,2.6666666666666665,Other
CUST-008369,1,86.34705775610077,603,1,2,4,2.3333333333333335,At-Risk
CUST-008370,1,181.19510658316577,367,2,2,5,3.0,At-Risk
CUST-008371,1,2.198075150735231,645,1,2,1,1.3333333333333333,At-Risk
CUST-008372,1,57.65420371246846,55,5,2,3,3.3333333333333335,Other
CUST-008373,1,122.8348110688909,511,2,2,4,2.6666666666666665,At-Risk
CUST-008374,1,2.618148961937421,235,3,2,1,2.0,Other
CUST-008375,1,25.143533330856275,702,1,2,2,1.6666666666666667,At-Risk
CUST-008376,1,52.562294447085016,199,4,2,3,3.0,Other
CUST-008377,2,57.586261539994226,253,3,4,3,3.3333333333333335,Potential Loyalists
CUST-008379,4,299.3878289064972,49,5,5,5,5.0,Champions
CUST-008380,1,54.30718584443022,124,4,2,3,3.0,Other
CUST-008381,1,162.39827010015722,420,2,2,5,3.0,At-Risk
CUST-008382,1,15.088380269019742,506,2,2,1,1.6666666666666667,At-Risk
CUST-008383,1,136.94831443147615,508,2,2,4,2.6666666666666665,At-Risk
CUST-008384,2,41.11174917320326,335,3,4,2,3.0,Other
CUST-008385,1,33.71346591069625,483,2,2,2,2.0,At-Risk
CUST-008386,2,85.06197343903405,337,3,4,4,3.6666666666666665,Potential Loyalists
CUST-008387,3,280.17230011098985,270,3,5,5,4.333333333333333,Potential Loyalists
CUST-008388,1,289.2354465239862,640,1,2,5,2.6666666666666665,At-Risk
CUST-008389,1,26.256485587945452,144,4,2,2,2.6666666666666665,Other
CUST-008390,3,154.94002457581334,121,4,5,4,4.333333333333333,Champions
CUST-008391,1,40.00054060163797,112,4,2,2,2.6666666666666665,Other
CUST-008392,1,25.220808445581422,94,5,2,2,3.0,Other
CUST-008393,3,116.63527749315247,347,3,5,4,4.0,Potential Loyalists
CUST-008394,2,41.45020389496062,76,5,4,3,4.0,Potential Loyalists
CUST-008395,1,121.57312970742132,599,1,2,4,2.3333333333333335,At-Risk
CUST-008396,1,86.3656278007537,603,1,2,4,2.3333333333333335,At-Risk
CUST-008397,1,2.6550155705451184,134,4,2,1,2.3333333333333335,Other
CUST-008398,1,186.74399796597845,412,2,2,5,3.0,At-Risk
CUST-008400,2,92.98117164103597,122,4,4,4,4.0,Champions
CUST-008401,1,15.094675116119864,269,3,2,1,2.0,Other
CUST-008402,1,65.10128487657909,601,1,2,3,2.0,At-Risk
CUST-008403,1,29.394237883269447,118,4,2,2,2.6666666666666665,Other
CUST-008404,1,33.825862678565585,710,1,2,2,1.6666666666666667,At-Risk
CUST-008405,1,8.95376863479535,438,2,2,1,1.6666666666666667,At-Risk
CUST-008406,1,7.600960967723674,723,1,2,1,1.3333333333333333,At-Risk
CUST-008407,1,76.48826800492346,554,1,2,3,2.0,At-Risk
CUST-008408,2,6551.689212001724,428,2,4,5,3.6666666666666665,Other
CUST-008410,1,16.589720025108466,85,5,2,1,2.6666666666666665,Other
CUST-008411,1,10.543021208770815,687,1,2,1,1.3333333333333333,At-Risk
CUST-008412,4,54.87928646475435,107,4,5,3,4.0,Potential Loyalists
CUST-008413,1,33.66953099740967,609,1,2,2,1.6666666666666667,At-Risk
CUST-008414,1,39.9571066344319,709,1,2,2,1.6666666666666667,At-Risk
CUST-008415,1,31.441107141164867,194,4,2,2,2.6666666666666665,Other
CUST-008416,2,108.5297111123632,434,2,4,4,3.3333333333333335,Other
CUST-008417,1,24.524159435286244,636,1,2,2,1.6666666666666667,At-Risk
CUST-008418,2,647.5111511867368,210,4,4,5,4.333333333333333,Champions
CUST-008419,2,80.05836160029705,102,5,4,4,4.333333333333333,Champions
CUST-008420,1,4.886403067782491,184,4,2,1,2.3333333333333335,Other
CUST-008421,1,54.44283870085393,268,3,2,3,2.6666666666666665,Other
CUST-008422,1,1.4013951794752886,201,4,2,1,2.3333333333333335,Other
CUST-008423,1,10.221226320822913,173,4,2,1,2.3333333333333335,Other
CUST-008424,1,60.83664332239876,184,4,2,3,3.0,Other
CUST-008425,1,32.4814400115323,371,2,2,2,2.0,At-Risk
CUST-008426,1,6.944646860127968,80,5,2,1,2.6666666666666665,Other
CUST-008427,1,23.174278781106,206,4,2,2,2.6666666666666665,Other
CUST-008428,2,5149.459870374741,151,4,4,5,4.333333333333333,Champions
CUST-008429,2,286.65428801515435,161,4,4,5,4.333333333333333,Champions
CUST-008430,2,55.29692099737366,182,4,4,3,3.6666666666666665,Potential Loyalists
CUST-008431,1,348.2733974533697,88,5,2,5,4.0,Other
CUST-008432,1,56.010956914814265,402,2,2,3,2.3333333333333335,At-Risk
CUST-008433,2,41.22538993862597,563,1,4,2,2.3333333333333335,Other
CUST-008434,4,235.61263038851266,264,3,5,5,4.333333333333333,Potential Loyalists
CUST-008435,2,139.81874931649037,76,5,4,4,4.333333333333333,Champions
CUST-008436,2,353.9904172922267,271,3,4,5,4.0,Potential Loyalists
CUST-008437,3,43.34637065059836,477,2,5,3,3.3333333333333335,Other
CUST-008438,1,25.15848785988696,56,5,2,2,3.0,Other
CUST-008439,2,174.1846223827159,162,4,4,5,4.333333333333333,Champions
CUST-008440,1,3.2864824374082473,670,1,2,1,1.3333333333333333,At-Risk
CUST-008441,1,94.80980536472268,274,3,2,4,3.0,Other
CUST-008442,1,3.4694319492018515,12,5,2,1,2.6666666666666665,Other
CUST-008443,3,56.7389987425758,174,4,5,3,4.0,Potential Loyalists
CUST-008444,1,3.6320328689199712,389,2,2,1,1.6666666666666667,At-Risk
CUST-008445,1,20.738251616243772,438,2,2,2,2.0,At-Risk
CUST-008446,3,89.6975193921128,156,4,5,4,4.333333333333333,Champions
CUST-008447,1,18.743755031641985,238,3,2,1,2.0,Other
CUST-008448,1,9.798702447274785,642,1,2,1,1.3333333333333333,At-Risk
CUST-008449,2,31.093988998104393,151,4,4,2,3.3333333333333335,Other
CUST-008450,1,293.4559226044271,61,5,2,5,4.0,Other
CUST-008451,1,16.851180999741473,710,1,2,1,1.3333333333333333,At-Risk
CUST-008452,1,103.91095316969864,476,2,2,4,2.6666666666666665,At-Risk
CUST-008453,1,18.355547463338915,189,4,2,1,2.3333333333333335,Other
CUST-008454,2,7475.992537519878,192,4,4,5,4.333333333333333,Champions
CUST-008455,1,215.7767147020247,528,1,2,5,2.6666666666666665,At-Risk
CUST-008456,1,3.0787002595639956,164,4,2,1,2.3333333333333335,Other
CUST-008457,2,53.983945730176735,625,1,4,3,2.6666666666666665,Other
CUST-008458,1,18.26976328590665,651,1,2,1,1.3333333333333333,At-Risk
CUST-008459,2,54.25902676009132,157,4,4,3,3.6666666666666665,Potential Loyalists
CUST-008460,1,21.491084559620024,624,1,2,2,1.6666666666666667,At-Risk
CUST-008461,1,22.76470320396153,468,2,2,2,2.0,At-Risk
CUST-008462,2,75.96861247271336,435,2,4,3,3.0,Other
CUST-008463,1,22.750430886256463,129,4,2,2,2.6666666666666665,Other
CUST-008464,2,162.7055729788935,461,2,4,5,3.6666666666666665,Other
CUST-008465,2,94.03972120824909,301,3,4,4,3.6666666666666665,Potential Loyalists
CUST-008466,3,138.7540247882586,286,3,5,4,4.0,Potential Loyalists
CUST-008467,1,30.367710902157,38,5,2,2,3.0,Other
CUST-008468,3,317.0946355605138,58,5,5,5,5.0,Champions
CUST-008469,2,60.21916415777126,33,5,4,3,4.0,Potential Loyalists
CUST-008470,2,72.89630370038822,283,3,4,3,3.3333333333333335,Potential Loyalists
CUST-008471,1,13.152303734006717,398,2,2,1,1.6666666666666667,At-Risk
CUST-008472,1,10326.44826453798,480,2,2,5,3.0,At-Risk
CUST-008473,3,89.3188270128654,162,4,5,4,4.333333333333333,Champions
CUST-008474,1,7.482831647479123,542,1,2,1,1.3333333333333333,At-Risk
CUST-008475,2,429.61689979220387,192,4,4,5,4.333333333333333,Champions
CUST-008476,2,182.73878123504113,3,5,4,5,4.666666666666667,Champions
CUST-008477,2,255.65941107907116,474,2,4,5,3.6666666666666665,Other
CUST-008478,2,286.93802345794313,603,1,4,5,3.3333333333333335,Other
CUST-008479,1,9.200832518631657,608,1,2,1,1.3333333333333333,At-Risk
CUST-008480,2,158.94303408440297,505,2,4,4,3.3333333333333335,Other
CUST-008481,1,14.155723757686353,101,5,2,1,2.6666666666666665,Other
CUST-008482,1,26.928454535334676,480,2,2,2,2.0,At-Risk
CUST-008483,1,34.92106156671806,660,1,2,2,1.6666666666666667,At-Risk
CUST-008484,1,20.885765441003205,181,4,2,2,2.6666666666666665,Other
CUST-008485,1,41.78841796582937,525,1,2,3,2.0,At-Risk
CUST-008486,1,23.142709546767577,606,1,2,2,1.6666666666666667,At-Risk
CUST-008487,1,44.29641901938059,195,4,2,3,3.0,Other
CUST-008488,1,21.191858800671397,658,1,2,2,1.6666666666666667,At-Risk
CUST-008489,1,9.295170352721906,504,2,2,1,1.6666666666666667,At-Risk
CUST-008490,1,66.01935914531042,716,1,2,3,2.0,At-Risk
CUST-008491,2,100.49091379508928,421,2,4,4,3.3333333333333335,Other
CUST-008492,2,83.74830434053844,549,1,4,4,3.0,Other
CUST-008494,1,18.316141717185,17,5,2,1,2.6666666666666665,Other
CUST-008495,1,11.296047071524605,106,4,2,1,2.3333333333333335,Other
CUST-008496,1,160.86601487552613,6,5,2,5,4.0,Other
CUST-008497,1,25.060712010195665,103,5,2,2,3.0,Other
CUST-008498,3,81.56588271780633,148,4,5,4,4.333333333333333,Champions
CUST-008499,1,30.01728058394687,700,1,2,2,1.6666666666666667,At-Risk
CUST-008500,1,7.282197596115186,477,2,2,1,1.6666666666666667,At-Risk
CUST-008501,1,103.1359345909053,137,4,2,4,3.3333333333333335,Other
CUST-008502,2,12386.704985831795,221,3,4,5,4.0,Potential Loyalists
CUST-008503,2,72.50137402965728,6,5,4,3,4.0,Potential Loyalists
CUST-008504,2,31.18085518272385,71,5,4,2,3.6666666666666665,Other
CUST-008505,2,39.57482433348055,78,5,4,2,3.6666666666666665,Other
CUST-008506,2,16.86747977962824,171,4,4,1,3.0,Other
CUST-008507,1,10944.81593260136,231,3,2,5,3.3333333333333335,Other
CUST-008508,1,12.920783504802625,230,3,2,1,2.0,Other
CUST-008509,2,71.16617439852459,40,5,4,3,4.0,Potential Loyalists
CUST-008510,1,37.29838544004176,125,4,2,2,2.6666666666666665,Other
CUST-008511,1,63.14694883698914,416,2,2,3,2.3333333333333335,At-Risk
CUST-008512,1,14.803781862222332,336,3,2,1,2.0,Other
CUST-008513,2,132.50349811933677,136,4,4,4,4.0,Champions
CUST-008514,1,22.79260795717527,321,3,2,2,2.3333333333333335,Other
CUST-008515,1,11.943867274246545,127,4,2,1,2.3333333333333335,Other
CUST-008516,1,3.2043080447821217,392,2,2,1,1.6666666666666667,At-Risk
CUST-008517,1,37.78092384455958,436,2,2,2,2.0,At-Risk
CUST-008518,1,73.75334798811816,385,2,2,3,2.3333333333333335,At-Risk
CUST-008519,1,27.63049119386405,535,1,2,2,1.6666666666666667,At-Risk
CUST-008520,3,148.66740826752618,539,1,5,4,3.3333333333333335,Other
CUST-008521,1,97.6920141417112,11,5,2,4,3.6666666666666665,Other
CUST-008523,1,151.6666045851807,707,1,2,4,2.3333333333333335,At-Risk
CUST-008525,1,1111.1761001256814,360,2,2,5,3.0,At-Risk
CUST-008526,1,83.9589185215579,212,4,2,4,3.3333333333333335,Other
CUST-008527,1,26.819382266260774,670,1,2,2,1.6666666666666667,At-Risk
CUST-008528,2,219.08452809892594,376,2,4,5,3.6666666666666665,Other
CUST-008529,1,7.218477915389966,348,3,2,1,2.0,Other
CUST-008530,1,72.34701989480067,632,1,2,3,2.0,At-Risk
CUST-008531,1,55.545103302849824,184,4,2,3,3.0,Other
CUST-008532,1,4.454792593190857,22,5,2,1,2.6666666666666665,Other
CUST-008533,2,45.00070524646836,197,4,4,3,3.6666666666666665,Potential Loyalists
CUST-008534,4,90.91342711981031,42,5,5,4,4.666666666666667,Champions
CUST-008535,1,30.02832387244387,232,3,2,2,2.3333333333333335,Other
CUST-008536,2,37.49688438881252,234,3,4,2,3.0,Other
CUST-008537,1,10.469437976346176,672,1,2,1,1.3333333333333333,At-Risk
CUST-008538,1,20.72788962776953,553,1,2,2,1.6666666666666667,At-Risk
CUST-008539,1,107.7451022671451,396,2,2,4,2.6666666666666665,At-Risk
CUST-008540,1,66.46910952562571,651,1,2,3,2.0,At-Risk
CUST-008541,1,60.77470207233683,572,1,2,3,2.0,At-Risk
CUST-008542,1,37.48430099752309,652,1,2,2,1.6666666666666667,At-Risk
CUST-008543,1,26.677199253313567,694,1,2,2,1.6666666666666667,At-Risk
CUST-008544,1,13.14281058958762,142,4,2,1,2.3333333333333335,Other
CUST-008545,1,25.03096937946213,647,1,2,2,1.6666666666666667,At-Risk
CUST-008546,1,81.60141427093636,529,1,2,4,2.3333333333333335,At-Risk
CUST-008547,1,5195.487403502919,681,1,2,5,2.6666666666666665,At-Risk
CUST-008548,2,35.51455830786758,287,3,4,2,3.0,Other
CUST-008549,2,90.93465811233091,262,3,4,4,3.6666666666666665,Potential Loyalists
CUST-008550,2,37.78799732352891,191,4,4,2,3.3333333333333335,Other
CUST-008551,1,25.25021964711428,514,2,2,2,2.0,At-Risk
CUST-008552,3,77.31464050320479,23,5,5,3,4.333333333333333,Potential Loyalists
CUST-008553,1,188.66199524345373,702,1,2,5,2.6666666666666665,At-Risk
CUST-008554,2,42.127373158751695,427,2,4,3,3.0,Other
CUST-008555,2,48.64573881855887,253,3,4,3,3.3333333333333335,Potential Loyalists
CUST-008556,2,248.63584275571432,191,4,4,5,4.333333333333333,Champions
CUST-008557,2,129.58606025400584,353,3,5,4,4.0,Potential Loyalists
CUST-008558,2,153.56480527879089,147,4,5,4,4.333333333333333,Champions
CUST-008559,1,11.698843388945331,64,5,2,1,2.6666666666666665,Other
CUST-008560,1,160.26285184970257,567,1,2,4,2.3333333333333335,At-Risk
CUST-008561,2,1022.2668225445897,199,4,5,5,4.666666666666667,Champions
CUST-008562,2,18.180277585831117,194,4,5,1,3.3333333333333335,Other
CUST-008563,2,50.72995125684844,156,4,5,3,4.0,Potential Loyalists
CUST-008564,1,25.827550483898367,510,2,2,2,2.0,At-Risk
CUST-008565,2,79.1843952021522,187,4,5,3,4.0,Potential Loyalists
CUST-008566,1,155.93744774598278,543,1,2,4,2.3333333333333335,At-Risk
CUST-008567,4,279.29291244679484,420,2,5,5,4.0,Other
CUST-008568,3,37.16517816338859,56,5,5,2,4.0,Other
CUST-008569,1,11090.435408579531,108,4,2,5,3.6666666666666665,Other
CUST-008570,2,132.30837868738035,60,5,5,4,4.666666666666667,Champions
CUST-008571,1,93.02710574253672,345,3,2,4,3.0,Other
CUST-008572,2,36.62834983053273,9,5,5,2,4.0,Other
CUST-008573,2,33.021384231138114,172,4,5,2,3.6666666666666665,Other
CUST-008574,1,64.91116892901196,35,5,2,3,3.3333333333333335,Other
CUST-008575,1,17.91916792665683,32,5,2,1,2.6666666666666665,Other
CUST-008576,3,108.56353509786662,208,4,5,4,4.333333333333333,Champions
CUST-008577,1,13.568690990679872,429,2,2,1,1.6666666666666667,At-Risk
CUST-008578,2,622.6709294989171,312,3,5,5,4.333333333333333,Potential Loyalists
CUST-008579,2,225.52016548538418,442,2,5,5,4.0,Other
CUST-008580,2,29.148591074442898,21,5,5,2,4.0,Other
CUST-008581,2,50.894090852172624,123,4,5,3,4.0,Potential Loyalists
CUST-008582,1,287.03849262518844,711,1,2,5,2.6666666666666665,At-Risk
CUST-008583,1,18.14435006964908,332,3,2,1,2.0,Other
CUST-008584,1,48.97083750379987,673,1,2,3,2.0,At-Risk
CUST-008585,2,119.67614082072676,179,4,5,4,4.333333333333333,Champions
CUST-008586,1,19.53649680129651,113,4,2,2,2.6666666666666665,Other
CUST-008587,2,202.58448790496595,415,2,5,5,4.0,Other
CUST-008588,1,239.52902718978515,1,5,2,5,4.0,Other
CUST-008589,2,124.84328869023688,447,2,5,4,3.6666666666666665,Other
CUST-008590,1,4.314753523072815,657,1,2,1,1.3333333333333333,At-Risk
CUST-008591,2,88.10747581260425,0,5,5,4,4.666666666666667,Champions
CUST-008592,2,157.6336094580256,148,4,5,4,4.333333333333333,Champions
CUST-008593,2,175.48264723112322,213,4,5,5,4.666666666666667,Champions
CUST-008594,1,17.006848865231937,268,3,2,1,2.0,Other
CUST-008595,1,14.077151303821948,211,4,2,1,2.3333333333333335,Other
CUST-008596,2,109.54798874654254,123,4,5,4,4.333333333333333,Champions
CUST-008597,1,8.762501711250993,308,3,2,1,2.0,Other
CUST-008598,3,355.0405072070737,212,4,5,5,4.666666666666667,Champions
CUST-008599,1,6.113332129343786,597,1,2,1,1.3333333333333333,At-Risk
CUST-008600,2,61.59274040088016,170,4,5,3,4.0,Potential Loyalists
CUST-008601,1,15.384084197420457,346,3,2,1,2.0,Other
CUST-008602,2,35.54285632099893,556,1,5,2,2.6666666666666665,Other
CUST-008603,1,81.68513648544037,103,5,2,4,3.6666666666666665,Other
CUST-008604,1,20.041913547667814,396,2,2,2,2.0,At-Risk
CUST-008605,1,4.124947463043999,409,2,2,1,1.6666666666666667,At-Risk
CUST-008606,1,12.13130596311812,72,5,2,1,2.6666666666666665,Other
CUST-008607,1,20.039384487619085,466,2,2,2,2.0,At-Risk
CUST-008608,1,49.378113009305864,39,5,2,3,3.3333333333333335,Other
CUST-008609,1,6.661683848921727,289,3,2,1,2.0,Other
CUST-008610,2,104.51812675917196,110,4,5,4,4.333333333333333,Champions
CUST-008611,1,43.7846749517084,98,5,2,3,3.3333333333333335,Other
CUST-008612,2,53.591094902722176,229,3,5,3,3.6666666666666665,Potential Loyalists
CUST-008613,1,19.12861023865812,20,5,2,2,3.0,Other
CUST-008614,1,116.71545531946732,607,1,2,4,2.3333333333333335,At-Risk
CUST-008615,1,17.76796087577192,462,2,2,1,1.6666666666666667,At-Risk
CUST-008616,2,186.75214487486835,145,4,5,5,4.666666666666667,Champions
CUST-008617,3,224.37679223131687,53,5,5,5,5.0,Champions
CUST-008618,1,15.402065039581682,266,3,2,1,2.0,Other
CUST-008619,1,34.93175157508228,419,2,2,2,2.0,At-Risk
CUST-008620,2,22.401684037427607,68,5,5,2,4.0,Other
CUST-008621,1,35.451155464340374,106,4,2,2,2.6666666666666665,Other
CUST-008622,1,15.667104935629052,431,2,2,1,1.6666666666666667,At-Risk
CUST-008623,2,74.94426056332841,61,5,5,3,4.333333333333333,Potential Loyalists
CUST-008624,3,116.07332690208726,223,3,5,4,4.0,Potential Loyalists
CUST-008625,1,11.18936564342962,81,5,2,1,2.6666666666666665,Other
CUST-008626,1,62.74904704124484,313,3,2,3,2.6666666666666665,Other
CUST-008627,1,13.8100487248722,517,2,2,1,1.6666666666666667,At-Risk
CUST-008628,1,52.82899080799169,315,3,3,3,3.0,Potential Loyalists
CUST-008629,1,145.8297609594648,590,1,3,4,2.6666666666666665,Other
CUST-008630,1,123.72468257635148,154,4,3,4,3.6666666666666665,Potential Loyalists
CUST-008631,1,13.35486229357386,291,3,3,1,2.3333333333333335,Other
CUST-008632,1,74.60347559181261,93,5,3,3,3.6666666666666665,Potential Loyalists
CUST-008633,2,153.90306838199055,81,5,5,4,4.666666666666667,Champions
CUST-008634,2,53.637372057978396,5,5,5,3,4.333333333333333,Potential Loyalists
CUST-008635,1,6.052173025499357,321,3,3,1,2.3333333333333335,Other
CUST-008636,1,31.500162908075595,635,1,3,2,2.0,Other
CUST-008637,3,94.2464587888783,82,5,5,4,4.666666666666667,Champions
CUST-008638,1,181.50295982353992,151,4,3,5,4.0,Potential Loyalists
CUST-008639,1,93.15504084075856,269,3,3,4,3.3333333333333335,Potential Loyalists
CUST-008640,1,20.673748799037615,201,4,3,2,3.0,Other
CUST-008641,2,119.11050517032865,135,4,5,4,4.333333333333333,Champions
CUST-008642,1,78.50205241743951,384,2,3,3,2.6666666666666665,Other
CUST-008643,1,8.175941654476672,464,2,3,1,2.0,Other
CUST-008644,2,23.550591364836304,332,3,5,2,3.3333333333333335,Other
CUST-008645,1,35.732285742757114,84,5,3,2,3.3333333333333335,Other
CUST-008646,1,163.39217959116542,704,1,3,5,3.0,Other
CUST-008647,2,324.89669139974427,75,5,5,5,5.0,Champions
CUST-008648,2,48.83746651530092,163,4,5,3,4.0,Potential Loyalists
CUST-008649,2,140.07223621244896,419,2,5,4,3.6666666666666665,Other
CUST-008650,1,7.756654551649841,11,5,3,1,3.0,Other
CUST-008651,1,36.30313745403986,254,3,3,2,2.6666666666666665,Other
CUST-008652,1,7.818690499749844,382,2,3,1,2.0,Other
CUST-008653,3,251.2348217621648,41,5,5,5,5.0,Champions
CUST-008654,1,273.7329393594248,79,5,3,5,4.333333333333333,Potential Loyalists
CUST-008655,1,1466.6411619483852,310,3,3,5,3.6666666666666665,Potential Loyalists
CUST-008656,1,136.17347394924874,464,2,3,4,3.0,Other
CUST-008657,2,27.589120997264104,32,5,5,2,4.0,Other
CUST-008658,1,109.38950318846554,133,4,3,4,3.6666666666666665,Potential Loyalists
CUST-008659,1,1.5667088750829978,184,4,3,1,2.6666666666666665,Other
CUST-008660,2,55.537002553247305,392,2,5,3,3.3333333333333335,Other
CUST-008661,1,14.457105646824788,343,3,3,1,2.3333333333333335,Other
CUST-008662,1,53.3660069244719,458,2,3,3,2.6666666666666665,Other
CUST-008663,4,173.2210978457227,28,5,5,5,5.0,Champions
CUST-008664,1,35.3537796043832,114,4,3,2,3.0,Other
CUST-008665,1,33.75265798823787,492,2,3,2,2.3333333333333335,Other
CUST-008666,1,38.76329321790129,295,3,3,2,2.6666666666666665,Other
CUST-008667,3,836.312506045085,49,5,5,5,5.0,Champions
CUST-008668,2,147.59385286474622,12,5,5,4,4.666666666666667,Champions
CUST-008669,1,14.614571096288254,431,2,3,1,2.0,Other
CUST-008670,2,158.99368890936776,0,5,5,4,4.666666666666667,Champions
CUST-008671,1,22.769991458833843,445,2,3,2,2.3333333333333335,Other
CUST-008672,3,20.166077986681017,13,5,5,2,4.0,Other
CUST-008673,1,21.534633074795163,556,1,3,2,2.0,Other
CUST-008674,1,20.89941823030301,703,1,3,2,2.0,Other
CUST-008675,1,161.82409439122583,361,2,3,5,3.3333333333333335,Other
CUST-008676,1,334.1300486517569,144,4,3,5,4.0,Potential Loyalists
CUST-008677,3,115.0129352922574,246,3,5,4,4.0,Potential Loyalists
CUST-008678,1,38.353546609082706,436,2,3,2,2.3333333333333335,Other
CUST-008679,1,23.224372266404373,656,1,3,2,2.0,Other
CUST-008680,1,53.12906685048576,420,2,3,3,2.6666666666666665,Other
CUST-008681,4,109.72342274235375,79,5,5,4,4.666666666666667,Champions
CUST-008682,2,40.67624457431721,43,5,5,2,4.0,Other
CUST-008683,2,123.24770026606473,147,4,5,4,4.333333333333333,Champions
CUST-008685,4,233.71050513976397,34,5,5,5,5.0,Champions
CUST-008686,2,94.64505634167595,232,3,5,4,4.0,Potential Loyalists
CUST-008687,1,11778.724839157774,276,3,3,5,3.6666666666666665,Potential Loyalists
CUST-008688,1,41.85761582739025,270,3,3,3,3.0,Potential Loyalists
CUST-008689,1,35.39995595259923,213,4,3,2,3.0,Other
CUST-008690,1,22.341019993076664,22,5,3,2,3.3333333333333335,Other
CUST-008691,3,451.3781074119587,105,5,5,5,5.0,Champions
CUST-008692,3,9584.8701603837,17,5,5,5,5.0,Champions
CUST-008693,1,12.425031464770866,602,1,3,1,1.6666666666666667,Other
CUST-008694,2,54.45681470558134,351,3,5,3,3.6666666666666665,Potential Loyalists
CUST-008695,1,81.40001263270923,513,2,3,4,3.0,Other
CUST-008696,1,223.1016129435904,451,2,3,5,3.3333333333333335,Other
CUST-008697,1,13.658716266182411,476,2,3,1,2.0,Other
CUST-008698,2,48.535148408988725,335,3,5,3,3.6666666666666665,Potential Loyalists
CUST-008700,1,3.1010814577938617,275,3,3,1,2.3333333333333335,Other
CUST-008701,1,11498.865461339068,178,4,3,5,4.0,Potential Loyalists
CUST-008702,1,459.6051750112237,479,2,3,5,3.3333333333333335,Other
CUST-008703,2,5295.336072770757,25,5,5,5,5.0,Champions
CUST-008704,1,52.5919757031496,418,2,3,3,2.6666666666666665,Other
CUST-008705,1,160.84261967832745,122,4,3,5,4.0,Potential Loyalists
CUST-008706,1,114.25345982512448,338,3,3,4,3.3333333333333335,Potential Loyalists
CUST-008707,3,103.15888322840394,267,3,5,4,4.0,Potential Loyalists
CUST-008708,2,88.68584962921243,109,4,5,4,4.333333333333333,Champions
CUST-008709,2,23.035424569429953,310,3,5,2,3.3333333333333335,Other
CUST-008710,1,78.5720773935351,421,2,3,3,2.6666666666666665,Other
CUST-008711,1,7.227180985077318,198,4,3,1,2.6666666666666665,Other
CUST-008712,3,6874.507950805076,123,4,5,5,4.666666666666667,Champions
CUST-008713,3,28.466792727985773,121,4,5,2,3.6666666666666665,Other
CUST-008714,1,77.7625801431216,293,3,3,3,3.0,Potential Loyalists
CUST-008715,2,190.9811607244082,228,3,5,5,4.333333333333333,Potential Loyalists
CUST-008716,1,7.893013361969259,681,1,3,1,1.6666666666666667,Other
CUST-008717,2,82.66967769493243,20,5,5,4,4.666666666666667,Champions
CUST-008718,2,77.74220404723147,544,1,5,3,3.0,Other
CUST-008719,2,126.03468940174598,278,3,5,4,4.0,Potential Loyalists
CUST-008720,1,21.133544390268455,128,4,3,2,3.0,Other
CUST-008721,1,31.71608652459325,465,2,3,2,2.3333333333333335,Other
CUST-008722,2,52.70465966653967,515,2,5,3,3.3333333333333335,Other
CUST-008723,1,12.972970264290508,646,1,3,1,1.6666666666666667,Other
CUST-008724,1,42.83356161534882,65,5,3,3,3.6666666666666665,Potential Loyalists
CUST-008725,1,194.73349001334375,161,4,3,5,4.0,Potential Loyalists
CUST-008726,1,12696.283549694555,697,1,3,5,3.0,Other
CUST-008727,1,58.190099440530865,631,1,3,3,2.3333333333333335,Other
CUST-008728,1,74.83930437862576,698,1,3,3,2.3333333333333335,Other
CUST-008729,2,74.00618704909871,38,5,5,3,4.333333333333333,Potential Loyalists
CUST-008730,1,74.74006265647412,12,5,3,3,3.6666666666666665,Potential Loyalists
CUST-008731,1,11.424489564196035,342,3,3,1,2.3333333333333335,Other
CUST-008732,1,101.33207598455084,97,5,3,4,4.0,Potential Loyalists
CUST-008733,1,21.371426828695395,236,3,3,2,2.6666666666666665,Other
CUST-008734,2,25.778941039464215,605,1,5,2,2.6666666666666665,Other
CUST-008735,2,50.9414469896097,641,1,5,3,3.0,Other
CUST-008736,1,48.26041398033119,141,4,3,3,3.3333333333333335,Potential Loyalists
CUST-008737,1,166.07831143328102,406,2,3,5,3.3333333333333335,Other
CUST-008738,2,69.55859022606938,484,2,5,3,3.3333333333333335,Other
CUST-008739,2,35.18870487752531,525,1,5,2,2.6666666666666665,Other
CUST-008740,1,83.01128618662128,597,1,3,4,2.6666666666666665,Other
CUST-008741,1,89.22123872358809,58,5,3,4,4.0,Potential Loyalists
CUST-008742,1,8.925460712188256,561,1,3,1,1.6666666666666667,Other
CUST-008743,1,1.186048636790498,638,1,3,1,1.6666666666666667,Other
CUST-008744,1,10.103532920725131,200,4,3,1,2.6666666666666665,Other
CUST-008746,2,59.94686274053534,33,5,5,3,4.333333333333333,Potential Loyalists
CUST-008747,1,10.953010570380588,609,1,3,1,1.6666666666666667,Other
CUST-008748,1,34.61789691794551,157,4,3,2,3.0,Other
CUST-008749,1,5.975641378849911,715,1,3,1,1.6666666666666667,Other
CUST-008750,1,39.26886588970521,22,5,3,2,3.3333333333333335,Other
CUST-008751,2,65.69789411734068,31,5,5,3,4.333333333333333,Potential Loyalists
CUST-008752,2,14.20563115281176,22,5,5,1,3.6666666666666665,Other
CUST-008753,1,60.34378078172144,309,3,3,3,3.0,Potential Loyalists
CUST-008754,1,35.10615805680511,244,3,3,2,2.6666666666666665,Other
CUST-008755,3,40.13105772427785,163,4,5,2,3.6666666666666665,Other
CUST-008756,2,130.32514430249796,625,1,5,4,3.3333333333333335,Other
CUST-008757,1,35.0996151646215,377,2,3,2,2.3333333333333335,Other
CUST-008758,1,14.086030157761463,471,2,3,1,2.0,Other
CUST-008759,2,40.10567432431753,512,2,5,2,3.0,Other
CUST-008760,1,13.578077820811258,129,4,3,1,2.6666666666666665,Other
CUST-008761,1,15.98137448595115,473,2,3,1,2.0,Other
CUST-008762,1,23.81044489254648,24,5,3,2,3.3333333333333335,Other
CUST-008763,1,140.7445527651026,356,3,3,4,3.3333333333333335,Potential Loyalists
CUST-008764,1,37.49815853847892,450,2,3,2,2.3333333333333335,Other
CUST-008765,1,39.45919176342143,168,4,3,2,3.0,Other
CUST-008766,1,38.54935369743234,188,4,3,2,3.0,Other
CUST-008767,3,136.52534604476642,47,5,5,4,4.666666666666667,Champions
CUST-008768,2,44.4868511835381,81,5,5,3,4.333333333333333,Potential Loyalists
CUST-008769,1,18.867363108673697,352,3,3,2,2.6666666666666665,Other
CUST-008770,1,102.04834880269983,49,5,3,4,4.0,Potential Loyalists
CUST-008771,1,76.78457211874347,54,5,3,3,3.6666666666666665,Potential Loyalists
CUST-008772,1,7.0529204770880085,546,1,3,1,1.6666666666666667,Other
CUST-008773,1,31.977928703513665,182,4,3,2,3.0,Other
CUST-008774,1,22.578446113510832,436,2,3,2,2.3333333333333335,Other
CUST-008775,1,82.99119437678381,433,2,3,4,3.0,Other
CUST-008776,2,267.16392981909763,349,3,5,5,4.333333333333333,Potential Loyalists
CUST-008777,1,7.441514889402041,225,3,3,1,2.3333333333333335,Other
CUST-008778,1,110.01896378323411,45,5,3,4,4.0,Potential Loyalists
CUST-008779,1,80.54440902360369,692,1,3,4,2.6666666666666665,Other
CUST-008780,1,162.64694339803944,17,5,3,5,4.333333333333333,Potential Loyalists
CUST-008781,2,46.32575202723016,238,3,5,3,3.6666666666666665,Potential Loyalists
CUST-008782,1,217.72637956386808,141,4,3,5,4.0,Potential Loyalists
CUST-008783,2,72.59333517063178,135,4,5,3,4.0,Potential Loyalists
CUST-008784,2,44.62543510788318,574,1,5,3,3.0,Other
CUST-008785,1,53.814039935132776,549,1,3,3,2.3333333333333335,Other
CUST-008786,2,742.7869204403195,421,2,5,5,4.0,Other
CUST-008787,1,217.15999306965065,394,2,3,5,3.3333333333333335,Other
CUST-008788,3,48.85164768674073,72,5,5,3,4.333333333333333,Potential Loyalists
CUST-008789,1,35.384442981102666,450,2,3,2,2.3333333333333335,Other
CUST-008790,2,499.6068875587273,258,3,5,5,4.333333333333333,Potential Loyalists
CUST-008791,2,183.13897592935143,362,2,5,5,4.0,Other
CUST-008792,1,11.11835512620011,350,3,3,1,2.3333333333333335,Other
CUST-008793,4,77.89068639108696,63,5,5,3,4.333333333333333,Potential Loyalists
CUST-008794,1,120.12837535006496,285,3,3,4,3.3333333333333335,Potential Loyalists
CUST-008795,1,21.377780708202614,589,1,3,2,2.0,Other
CUST-008796,2,42.05706497157426,663,1,5,3,3.0,Other
CUST-008797,1,96.26971106845735,721,1,3,4,2.6666666666666665,Other
CUST-008798,1,8.14407442025691,92,5,3,1,3.0,Other
CUST-008799,1,108.9695265599198,679,1,3,4,2.6666666666666665,Other
CUST-008800,2,83.7903262559105,180,4,5,4,4.333333333333333,Champions
CUST-008801,3,96.07337711361939,429,2,5,4,3.6666666666666665,Other
CUST-008802,3,208.91652421873368,111,4,5,5,4.666666666666667,Champions
CUST-008803,1,4.395549160047394,443,2,3,1,2.0,Other
CUST-008804,1,96.5235106547433,189,4,3,4,3.6666666666666665,Potential Loyalists
CUST-008805,2,39.18005855079146,286,3,5,2,3.3333333333333335,Other
CUST-008806,1,46.430741143193785,255,3,3,3,3.0,Potential Loyalists
CUST-008807,2,34.84961710069578,194,4,5,2,3.6666666666666665,Other
CUST-008808,1,11.410457228222208,564,1,3,1,1.6666666666666667,Other
CUST-008809,2,63.90758518691409,198,4,5,3,4.0,Potential Loyalists
CUST-008810,1,85.90126579202908,677,1,3,4,2.6666666666666665,Other
CUST-008811,1,93.90401015009084,606,1,3,4,2.6666666666666665,Other
CUST-008812,2,65.42615306871829,243,3,5,3,3.6666666666666665,Potential Loyalists
CUST-008813,1,17.864105635898103,478,2,3,1,2.0,Other
CUST-008814,1,757.6022698214164,11,5,3,5,4.333333333333333,Potential Loyalists
CUST-008815,1,22.337807265713003,402,2,3,2,2.3333333333333335,Other
CUST-008816,2,59.38050559402626,309,3,5,3,3.6666666666666665,Potential Loyalists
CUST-008817,1,141.10928819117976,174,4,3,4,3.6666666666666665,Potential Loyalists
CUST-008818,1,40.58242560482634,348,3,3,2,2.6666666666666665,Other
CUST-008819,1,23.090551462389488,433,2,3,2,2.3333333333333335,Other
CUST-008820,1,154.79367587434152,170,4,3,4,3.6666666666666665,Potential Loyalists
CUST-008821,2,187.404487306598,387,2,5,5,4.0,Other
CUST-008822,1,57.29028487316217,308,3,3,3,3.0,Potential Loyalists
CUST-008824,1,170.33741403455477,40,5,3,5,4.333333333333333,Potential Loyalists
CUST-008825,1,39.11351210362237,326,3,3,2,2.6666666666666665,Other
CUST-008826,1,73.88552922282155,685,1,3,3,2.3333333333333335,Other
CUST-008827,1,18.518326801375533,231,3,3,1,2.3333333333333335,Other
CUST-008828,1,10.144216605044749,423,2,3,1,2.0,Other
CUST-008829,2,49.406534200018015,123,4,5,3,4.0,Potential Loyalists
CUST-008830,1,18.45834747111776,132,4,3,1,2.6666666666666665,Other
CUST-008831,1,31.871125407029663,271,3,3,2,2.6666666666666665,Other
CUST-008832,1,25.621845351423207,64,5,3,2,3.3333333333333335,Other
CUST-008833,2,24.190193273594872,560,1,5,2,2.6666666666666665,Other
CUST-008834,1,7.653159120576105,186,4,3,1,2.6666666666666665,Other
CUST-008835,1,63.827574030848794,493,2,3,3,2.6666666666666665,Other
CUST-008836,2,166.74651443916838,302,3,5,5,4.333333333333333,Potential Loyalists
CUST-008837,1,39.30075347307808,407,2,3,2,2.3333333333333335,Other
CUST-008838,3,83.5166998842065,119,4,5,4,4.333333333333333,Champions
CUST-008839,2,72.72537889913272,51,5,5,3,4.333333333333333,Potential Loyalists
CUST-008840,1,66.66052249944298,272,3,3,3,3.0,Potential Loyalists
CUST-008841,1,16.111297474121685,556,1,3,1,1.6666666666666667,Other
CUST-008842,3,164.03670597118423,75,5,5,5,5.0,Champions
CUST-008843,1,1.9628911342400288,308,3,3,1,2.3333333333333335,Other
CUST-008844,2,57.697460535989606,257,3,5,3,3.6666666666666665,Potential Loyalists
CUST-008845,2,151.93201439297894,462,2,5,4,3.6666666666666665,Other
CUST-008846,1,229.22960564055867,442,2,3,5,3.3333333333333335,Other
CUST-008847,1,53.88284228275579,63,5,3,3,3.6666666666666665,Potential Loyalists
CUST-008848,1,40.45964506968657,33,5,3,2,3.3333333333333335,Other
CUST-008849,3,218.5328747987586,2,5,5,5,5.0,Champions
CUST-008850,2,8617.578971474237,28,5,5,5,5.0,Champions
CUST-008851,2,109.22052734518586,275,3,5,4,4.0,Potential Loyalists
CUST-008852,2,180.78314249729056,20,5,5,5,5.0,Champions
CUST-008853,1,39.98079959761597,504,2,3,2,2.3333333333333335,Other
CUST-008854,3,1534.8691695980315,343,3,5,5,4.333333333333333,Potential Loyalists
CUST-008855,1,44.85476810324464,652,1,3,3,2.3333333333333335,Other
CUST-008856,1,2.1688699722598086,2,5,3,1,3.0,Other
CUST-008857,1,34.67803934738816,210,4,3,2,3.0,Other
CUST-008859,2,100.49840578619651,550,1,5,4,3.3333333333333335,Other
CUST-008860,2,23.726868969112246,94,5,5,2,4.0,Other
CUST-008861,1,9.427914257527904,111,4,3,1,2.6666666666666665,Other
CUST-008862,1,94.16668948678344,563,1,3,4,2.6666666666666665,Other
CUST-008863,1,6.005961188937954,111,4,3,1,2.6666666666666665,Other
CUST-008864,1,22.16760298179997,613,1,3,2,2.0,Other
CUST-008865,2,73.29574230404918,284,3,5,3,3.6666666666666665,Potential Loyalists
CUST-008866,2,77.24789009019463,47,5,5,3,4.333333333333333,Potential Loyalists
CUST-008867,1,12.233259143685316,501,2,3,1,2.0,Other
CUST-008868,1,12890.611218365308,371,2,3,5,3.3333333333333335,Other
CUST-008870,2,46.062202894151895,53,5,5,3,4.333333333333333,Potential Loyalists
CUST-008871,1,6.075769497600661,643,1,3,1,1.6666666666666667,Other
CUST-008872,1,26.89883698930389,77,5,3,2,3.3333333333333335,Other
CUST-008873,2,37.98848598564775,356,3,5,2,3.3333333333333335,Other
CUST-008874,1,33.55448141807832,21,5,3,2,3.3333333333333335,Other
CUST-008875,1,18.2436858878618,410,2,3,1,2.0,Other
CUST-008876,1,34.67764751102594,427,2,3,2,2.3333333333333335,Other
CUST-008877,1,9.524604467538182,457,2,3,1,2.0,Other
CUST-008878,1,30.35339972186816,192,4,3,2,3.0,Other
CUST-008879,1,29.1327884175464,338,3,3,2,2.6666666666666665,Other
CUST-008880,1,49.59717244571478,409,2,3,3,2.6666666666666665,Other
CUST-008881,1,122.1622468868402,509,2,3,4,3.0,Other
CUST-008882,1,379.8138183836749,469,2,3,5,3.3333333333333335,Other
CUST-008883,1,7.096057251805247,301,3,3,1,2.3333333333333335,Other
CUST-008884,1,71.55386681186583,151,4,3,3,3.3333333333333335,Potential Loyalists
CUST-008885,2,55.9404645177879,388,2,5,3,3.3333333333333335,Other
CUST-008886,1,22.16460177657984,177,4,3,2,3.0,Other
CUST-008887,1,20.566807123727536,154,4,3,2,3.0,Other
CUST-008888,1,17.539690329701298,418,2,3,1,2.0,Other
CUST-008889,1,73.6741800631867,46,5,3,3,3.6666666666666665,Potential Loyalists
CUST-008890,1,203.36409033662989,627,1,3,5,3.0,Other
CUST-008892,2,72.5161296573341,328,3,5,3,3.6666666666666665,Potential Loyalists
CUST-008893,1,19.351902999206185,659,1,3,2,2.0,Other
CUST-008894,1,24.889051813879256,239,3,3,2,2.6666666666666665,Other
CUST-008895,2,91.53403832769318,27,5,5,4,4.666666666666667,Champions
CUST-008896,2,353.81920412685105,308,3,5,5,4.333333333333333,Potential Loyalists
CUST-008897,2,9.845546380857506,231,3,5,1,3.0,Other
CUST-008898,1,119.00411614777822,484,2,3,4,3.0,Other
CUST-008899,1,42.098557983712205,605,1,3,3,2.3333333333333335,Other
CUST-008900,1,50.942996295561194,592,1,3,3,2.3333333333333335,Other
CUST-008901,1,437.5667420514217,163,4,3,5,4.0,Potential Loyalists
CUST-008902,4,362.43587997051355,160,4,5,5,4.666666666666667,Champions
CUST-008903,1,5.755815012878734,674,1,3,1,1.6666666666666667,Other
CUST-008904,1,13.989912100957016,510,2,3,1,2.0,Other
CUST-008905,1,49.92440299954689,218,4,3,3,3.3333333333333335,Potential Loyalists
CUST-008906,4,119.2259062601335,6,5,5,4,4.666666666666667,Champions
CUST-008907,3,370.3977743572391,81,5,5,5,5.0,Champions
CUST-008908,2,80.95993636090621,100,5,5,4,4.666666666666667,Champions
CUST-008909,1,6.828950021906551,504,2,3,1,2.0,Other
CUST-008910,1,140.9044829433035,351,3,3,4,3.3333333333333335,Potential Loyalists
CUST-008911,1,8.96041391248368,257,3,3,1,2.3333333333333335,Other
CUST-008912,1,740.648983446687,83,5,3,5,4.333333333333333,Potential Loyalists
CUST-008913,2,204.51307596277076,348,3,5,5,4.333333333333333,Potential Loyalists
CUST-008914,1,11.362287583015702,500,2,3,1,2.0,Other
CUST-008915,2,270.3612662595742,165,4,5,5,4.666666666666667,Champions
CUST-008916,3,7301.414532829947,621,1,5,5,3.6666666666666665,Other
CUST-008917,1,1.029571440282634,563,1,3,1,1.6666666666666667,Other
CUST-008918,1,38.43340202913815,667,1,3,2,2.0,Other
CUST-008919,1,10.216108173866694,206,4,3,1,2.6666666666666665,Other
CUST-008920,1,43.6130996577981,410,2,3,3,2.6666666666666665,Other
CUST-008921,2,21.397018753000996,186,4,5,2,3.6666666666666665,Other
CUST-008922,3,127.7205590536813,7,5,5,4,4.666666666666667,Champions
CUST-008923,1,116.96414333121476,433,2,3,4,3.0,Other
CUST-008924,3,99.07787997405009,21,5,5,4,4.666666666666667,Champions
CUST-008925,3,106.43472150914073,208,4,5,4,4.333333333333333,Champions
CUST-008926,1,72.29183163090627,445,2,3,3,2.6666666666666665,Other
CUST-008927,1,48.36478514594514,517,2,3,3,2.6666666666666665,Other
CUST-008928,2,88.04610738319978,226,3,5,4,4.0,Potential Loyalists
CUST-008929,1,2.5007205686118588,214,4,3,1,2.6666666666666665,Other
CUST-008930,1,9.172051966967894,43,5,3,1,3.0,Other
CUST-008931,2,33.1379727749174,120,4,5,2,3.6666666666666665,Other
CUST-008932,1,25.159249365999056,508,2,3,2,2.3333333333333335,Other
CUST-008933,2,503.94221485651747,236,3,5,5,4.333333333333333,Potential Loyalists
CUST-008934,2,13.686602090111839,166,4,5,1,3.3333333333333335,Other
CUST-008935,1,181.8465462831226,524,1,3,5,3.0,Other
CUST-008936,1,14.131689442691597,254,3,3,1,2.3333333333333335,Other
CUST-008937,1,77.08666061744691,401,2,3,3,2.6666666666666665,Other
CUST-008938,1,61.769632841579735,299,3,3,3,3.0,Potential Loyalists
CUST-008939,2,140.47857823823955,326,3,5,4,4.0,Potential Loyalists
CUST-008940,1,18.25989989902896,257,3,3,1,2.3333333333333335,Other
CUST-008941,1,21.480519378142457,351,3,3,2,2.6666666666666665,Other
CUST-008942,2,120.10696231258012,120,4,5,4,4.333333333333333,Champions
CUST-008943,2,312.96660644723516,406,2,5,5,4.0,Other
CUST-008944,1,85.56083525947105,498,2,3,4,3.0,Other
CUST-008945,1,320.04431911585607,631,1,3,5,3.0,Other
CUST-008946,2,42.12284740594191,627,1,5,3,3.0,Other
CUST-008947,2,194.2874765997938,14,5,5,5,5.0,Champions
CUST-008948,2,218.33049745558282,634,1,5,5,3.6666666666666665,Other
CUST-008950,1,6.886488322501163,588,1,3,1,1.6666666666666667,Other
CUST-008951,1,30.725472950727564,281,3,3,2,2.6666666666666665,Other
CUST-008952,1,50.600817272470906,681,1,3,3,2.3333333333333335,Other
CUST-008953,1,89.71923796226052,450,2,3,4,3.0,Other
CUST-008954,1,9.883872700355028,526,1,3,1,1.6666666666666667,Other
CUST-008955,3,107.44933835429303,341,3,5,4,4.0,Potential Loyalists
CUST-008956,1,18.306194118597173,386,2,3,1,2.0,Other
CUST-008957,1,85.10491351702915,1,5,3,4,4.0,Potential Loyalists
CUST-008958,1,59.21779226589403,216,4,3,3,3.3333333333333335,Potential Loyalists
CUST-008959,2,542.4990914615883,237,3,5,5,4.333333333333333,Potential Loyalists
CUST-008960,1,67.96013040829466,666,1,3,3,2.3333333333333335,Other
CUST-008961,2,460.00756450233075,124,4,5,5,4.666666666666667,Champions
CUST-008962,1,21.296505965921217,276,3,3,2,2.6666666666666665,Other
CUST-008963,1,17.251990432471235,282,3,3,1,2.3333333333333335,Other
CUST-008964,1,12.098156802566177,484,2,3,1,2.0,Other
CUST-008965,2,54.73267827471026,469,2,5,3,3.3333333333333335,Other
CUST-008966,1,100.99402815557556,378,2,3,4,3.0,Other
CUST-008967,2,65.34515483511743,369,2,5,3,3.3333333333333335,Other
CUST-008968,2,7048.1430145976665,344,3,5,5,4.333333333333333,Potential Loyalists
CUST-008969,1,51.12459931226547,690,1,3,3,2.3333333333333335,Other
CUST-008970,1,61.22097031261784,568,1,3,3,2.3333333333333335,Other
CUST-008971,2,98.4366252169736,101,5,5,4,4.666666666666667,Champions
CUST-008972,1,20.75314414090974,694,1,3,2,2.0,Other
CUST-008973,1,4.152144186730964,479,2,3,1,2.0,Other
CUST-008975,1,8.439958688477416,590,1,3,1,1.6666666666666667,Other
CUST-008976,3,610.4685959997212,171,4,5,5,4.666666666666667,Champions
CUST-008977,2,69.94366653082233,121,4,5,3,4.0,Potential Loyalists
CUST-008978,1,71.05421600047393,348,3,3,3,3.0,Potential Loyalists
CUST-008979,1,60.87056076789017,387,2,3,3,2.6666666666666665,Other
CUST-008980,1,8.38917390553909,682,1,3,1,1.6666666666666667,Other
CUST-008981,2,65.56880137001282,624,1,5,3,3.0,Other
CUST-008982,1,19.168620574436243,517,2,3,2,2.3333333333333335,Other
CUST-008983,2,52.139736795637425,255,3,5,3,3.6666666666666665,Potential Loyalists
CUST-008984,1,312.2667351312593,84,5,3,5,4.333333333333333,Potential Loyalists
CUST-008985,3,106.02647999786063,39,5,5,4,4.666666666666667,Champions
CUST-008986,1,18.26422688202833,649,1,3,1,1.6666666666666667,Other
CUST-008987,1,23.143028126239436,358,3,3,2,2.6666666666666665,Other
CUST-008988,2,46.598910552028514,32,5,5,3,4.333333333333333,Potential Loyalists
CUST-008989,3,467.2168596909246,62,5,5,5,5.0,Champions
CUST-008990,2,62.07885321737602,51,5,5,3,4.333333333333333,Potential Loyalists
CUST-008991,1,36.69404718176293,286,3,3,2,2.6666666666666665,Other
CUST-008992,1,9.510279507510624,23,5,3,1,3.0,Other
CUST-008993,1,106.39872198195306,564,1,3,4,2.6666666666666665,Other
CUST-008994,1,8.810236259863057,482,2,3,1,2.0,Other
CUST-008995,1,153.36421929174634,77,5,3,4,4.0,Potential Loyalists
CUST-008996,2,251.38572136275417,3,5,5,5,5.0,Champions
CUST-008997,4,58.023258788651326,285,3,5,3,3.6666666666666665,Potential Loyalists
CUST-008998,1,2.4559437158469466,584,1,3,1,1.6666666666666667,Other
CUST-008999,1,32.50726340450633,34,5,3,2,3.3333333333333335,Other
CUST-009000,1,110.60293406300868,159,4,3,4,3.6666666666666665,Potential Loyalists
CUST-009001,1,74.71933071666922,513,2,3,3,2.6666666666666665,Other
CUST-009002,1,11.300590102231835,24,5,3,1,3.0,Other
CUST-009003,1,97.762453860619,298,3,3,4,3.3333333333333335,Potential Loyalists
CUST-009004,1,29.45781545828846,218,4,3,2,3.0,Other
CUST-009005,1,65.50521686022358,653,1,3,3,2.3333333333333335,Other
CUST-009006,2,9251.645657138914,23,5,5,5,5.0,Champions
CUST-009007,1,89.63989073243563,228,3,3,4,3.3333333333333335,Potential Loyalists
CUST-009008,1,77.72773412767289,68,5,3,3,3.6666666666666665,Potential Loyalists
CUST-009009,2,87.70549130157957,379,2,5,4,3.6666666666666665,Other
CUST-009010,3,66.70145325937068,240,3,5,3,3.6666666666666665,Potential Loyalists
CUST-009011,2,213.88893512971268,158,4,5,5,4.666666666666667,Champions
CUST-009012,2,90.57426350125459,384,2,5,4,3.6666666666666665,Other
CUST-009013,2,137.65120593138764,125,4,5,4,4.333333333333333,Champions
CUST-009014,2,176.94946776544438,221,3,5,5,4.333333333333333,Potential Loyalists
CUST-009015,2,250.08445032029834,251,3,5,5,4.333333333333333,Potential Loyalists
CUST-009016,1,46.796366254230016,654,1,3,3,2.3333333333333335,Other
CUST-009017,1,45.222973415325875,623,1,3,3,2.3333333333333335,Other
CUST-009018,2,28.32389702437849,26,5,5,2,4.0,Other
CUST-009019,3,72.77700522963522,130,4,5,3,4.0,Potential Loyalists
CUST-009020,1,19.28885162705444,219,4,3,2,3.0,Other
CUST-009021,1,11.992173396136453,147,4,3,1,2.6666666666666665,Other
CUST-009022,2,83.71675483132825,362,2,5,4,3.6666666666666665,Other
CUST-009023,1,4.15371307221766,285,3,3,1,2.3333333333333335,Other
CUST-009024,1,41.54528241454024,435,2,3,3,2.6666666666666665,Other
CUST-009025,1,36.131627982888745,103,5,3,2,3.3333333333333335,Other
CUST-009027,1,47.088630022136016,649,1,3,3,2.3333333333333335,Other
CUST-009028,1,7.651946293357407,4,5,3,1,3.0,Other
CUST-009029,1,26.041290356086336,593,1,3,2,2.0,Other
CUST-009030,1,26.38882252778759,566,1,3,2,2.0,Other
CUST-009031,1,5.979577364296702,564,1,3,1,1.6666666666666667,Other
CUST-009032,2,13.896312429757405,125,4,5,1,3.3333333333333335,Other
CUST-009033,3,77.93023790204433,55,5,5,3,4.333333333333333,Potential Loyalists
CUST-009034,1,74.8063834888407,525,1,3,3,2.3333333333333335,Other
CUST-009035,1,161.79791535266006,350,3,3,5,3.6666666666666665,Potential Loyalists
CUST-009036,2,10888.824583850079,457,2,5,5,4.0,Other
CUST-009037,1,4.789833479572343,296,3,3,1,2.3333333333333335,Other
CUST-009038,1,317.8842954373978,687,1,3,5,3.0,Other
CUST-009039,1,48.438763134356776,441,2,3,3,2.6666666666666665,Other
CUST-009040,1,33.66212297233851,211,4,3,2,3.0,Other
CUST-009041,2,58.38047444120975,61,5,5,3,4.333333333333333,Potential Loyalists
CUST-009042,2,316.54800325606567,82,5,5,5,5.0,Champions
CUST-009043,2,115.90756548133467,227,3,5,4,4.0,Potential Loyalists
CUST-009044,2,11120.83661659243,637,1,5,5,3.6666666666666665,Other
CUST-009045,1,14.511959361120931,378,2,3,1,2.0,Other
CUST-009046,1,17.0332288667467,581,1,3,1,1.6666666666666667,Other
CUST-009047,1,8.986827492938087,337,3,3,1,2.3333333333333335,Other
CUST-009048,2,12465.018865810238,632,1,5,5,3.6666666666666665,Other
CUST-009049,1,19.633195881867714,378,2,3,2,2.3333333333333335,Other
CUST-009050,1,139.0851048728995,369,2,3,4,3.0,Other
CUST-009051,1,79.11085054494625,344,3,3,3,3.0,Potential Loyalists
CUST-009052,1,5.242006723670881,526,1,3,1,1.6666666666666667,Other
CUST-009053,1,16.780938362869698,169,4,3,1,2.6666666666666665,Other
CUST-009054,1,42.23834156120924,201,4,3,3,3.3333333333333335,Potential Loyalists
CUST-009055,1,114.01447419534394,272,3,3,4,3.3333333333333335,Potential Loyalists
CUST-009056,1,25.32081817176315,705,1,3,2,2.0,Other
CUST-009057,1,152.30225957975557,99,5,3,4,4.0,Potential Loyalists
CUST-009058,1,11.317162764115022,677,1,3,1,1.6666666666666667,Other
CUST-009059,1,11.54497764153274,604,1,3,1,1.6666666666666667,Other
CUST-009061,1,27.32154655373022,114,4,3,2,3.0,Other
CUST-009062,2,61.78765110567125,293,3,5,3,3.6666666666666665,Potential Loyalists
CUST-009063,3,78.12302000254618,73,5,5,3,4.333333333333333,Potential Loyalists
CUST-009064,1,8.34962981058561,160,4,3,1,2.6666666666666665,Other
CUST-009065,2,15.990194390388165,282,3,5,1,3.0,Other
CUST-009066,2,177.01537680450411,344,3,5,5,4.333333333333333,Potential Loyalists
CUST-009067,1,94.46743497780568,590,1,3,4,2.6666666666666665,Other
CUST-009068,3,104.84288466256143,7,5,5,4,4.666666666666667,Champions
CUST-009069,1,7.606601684708982,666,1,3,1,1.6666666666666667,Other
CUST-009070,1,12.31870450926128,625,1,3,1,1.6666666666666667,Other
CUST-009071,1,16.67172430966043,509,2,3,1,2.0,Other
CUST-009072,1,43.94472457977041,0,5,3,3,3.6666666666666665,Potential Loyalists
CUST-009073,1,93.59891978149744,592,1,3,4,2.6666666666666665,Other
CUST-009074,1,166.43198832570803,338,3,3,5,3.6666666666666665,Potential Loyalists
CUST-009075,3,141.47675735395956,242,3,5,4,4.0,Potential Loyalists
CUST-009076,1,40.07899275784349,329,3,3,2,2.6666666666666665,Other
CUST-009077,3,137.3981102518299,110,4,5,4,4.333333333333333,Champions
CUST-009078,3,153.38229712515977,8,5,5,4,4.666666666666667,Champions
CUST-009079,3,6416.532188239998,101,5,5,5,5.0,Champions
CUST-009080,1,60.52094858772055,507,2,3,3,2.6666666666666665,Other
CUST-009081,3,64.26650654611656,80,5,5,3,4.333333333333333,Potential Loyalists
CUST-009082,2,116.87601655504,339,3,5,4,4.0,Potential Loyalists
CUST-009083,2,155.6372547858001,217,4,5,4,4.333333333333333,Champions
CUST-009084,2,56.46028857828481,172,4,5,3,4.0,Potential Loyalists
CUST-009085,1,29.699241042080335,170,4,3,2,3.0,Other
CUST-009086,1,107.05833252529015,274,3,3,4,3.3333333333333335,Potential Loyalists
CUST-009087,2,39.41308807851051,51,5,5,2,4.0,Other
CUST-009088,3,40.36086691831084,188,4,5,2,3.6666666666666665,Other
CUST-009089,1,126.70762987093896,549,1,3,4,2.6666666666666665,Other
CUST-009090,1,100.57648787727696,346,3,3,4,3.3333333333333335,Potential Loyalists
CUST-009091,1,28.51010258503935,498,2,3,2,2.3333333333333335,Other
CUST-009092,2,45.02693471038196,650,1,5,3,3.0,Other
CUST-009093,2,137.72175178916362,269,3,5,4,4.0,Potential Loyalists
CUST-009094,1,96.80659650919536,560,1,3,4,2.6666666666666665,Other
CUST-009095,3,8469.39931870293,74,5,5,5,5.0,Champions
CUST-009096,2,67.16205920223791,113,4,5,3,4.0,Potential Loyalists
CUST-009097,1,18.361492026293703,505,2,3,1,2.0,Other
CUST-009098,1,22.032252270836487,313,3,3,2,2.6666666666666665,Other
CUST-009099,2,75.85822118689292,570,1,5,3,3.0,Other
CUST-009100,2,83.3078225457466,205,4,5,4,4.333333333333333,Champions
CUST-009101,1,52.47858049609278,374,2,3,3,2.6666666666666665,Other
CUST-009102,3,13514.891688306872,68,5,5,5,5.0,Champions
CUST-009103,1,97.5677196296958,368,2,3,4,3.0,Other
CUST-009104,2,49.72737063104594,267,3,5,3,3.6666666666666665,Potential Loyalists
CUST-009105,3,183.72701454675746,98,5,5,5,5.0,Champions
CUST-009106,2,248.04416460099694,597,1,5,5,3.6666666666666665,Other
CUST-009107,2,129.56501658750375,48,5,5,4,4.666666666666667,Champions
CUST-009108,3,256.1541779466111,475,2,5,5,4.0,Other
CUST-009109,2,18.851520005455573,169,4,5,2,3.6666666666666665,Other
CUST-009110,2,769.2039699830674,105,5,5,5,5.0,Champions
CUST-009111,2,171.04254977129662,495,2,5,5,4.0,Other
CUST-009112,2,24.669117192859716,121,4,5,2,3.6666666666666665,Other
CUST-009113,1,4.413282086584542,326,3,3,1,2.3333333333333335,Other
CUST-009114,1,109.30223112180968,526,1,3,4,2.6666666666666665,Other
CUST-009115,3,42.08574911405972,41,5,5,3,4.333333333333333,Potential Loyalists
CUST-009116,1,37.48842573974914,78,5,3,2,3.3333333333333335,Other
CUST-009117,3,77.5963590836106,147,4,5,3,4.0,Potential Loyalists
CUST-009118,2,114.0982971846344,470,2,5,4,3.6666666666666665,Other
CUST-009119,1,45.141838219922754,587,1,3,3,2.3333333333333335,Other
CUST-009120,1,64.01135577459533,645,1,3,3,2.3333333333333335,Other
CUST-009121,2,22.727764586020427,153,4,5,2,3.6666666666666665,Other
CUST-009122,2,255.60593424273253,385,2,5,5,4.0,Other
CUST-009123,2,22.00537352758571,432,2,5,2,3.0,Other
CUST-009124,1,26.744171646656422,5,5,3,2,3.3333333333333335,Other
CUST-009125,1,7704.181903953903,19,5,3,5,4.333333333333333,Potential Loyalists
CUST-009126,1,84.68174440089125,266,3,3,4,3.3333333333333335,Potential Loyalists
CUST-009127,2,53.05404426713596,347,3,5,3,3.6666666666666665,Potential Loyalists
CUST-009128,4,138.02344398750773,172,4,5,4,4.333333333333333,Champions
CUST-009129,1,114.093295649538,603,1,3,4,2.6666666666666665,Other
CUST-009130,1,243.47116556509587,492,2,3,5,3.3333333333333335,Other
CUST-009131,2,148.05113500113902,645,1,5,4,3.3333333333333335,Other
CUST-009132,3,157.36606953287148,17,5,5,4,4.666666666666667,Champions
CUST-009133,1,81.6981040858389,19,5,3,4,4.0,Potential Loyalists
CUST-009134,1,697.0438925145562,129,4,3,5,4.0,Potential Loyalists
CUST-009135,2,317.42699454260804,46,5,5,5,5.0,Champions
CUST-009136,5,6845.236962432032,50,5,5,5,5.0,Champions
CUST-009137,2,57.76984659271518,293,3,5,3,3.6666666666666665,Potential Loyalists
CUST-009138,2,237.63128904554526,430,2,5,5,4.0,Other
CUST-009139,2,20.538210792827478,0,5,5,2,4.0,Other
CUST-009140,1,78.50654047890633,62,5,3,3,3.6666666666666665,Potential Loyalists
CUST-009141,1,201.78752056763153,341,3,3,5,3.6666666666666665,Potential Loyalists
CUST-009142,3,93.85946565472221,133,4,5,4,4.333333333333333,Champions
CUST-009143,1,24.17686005465646,224,3,3,2,2.6666666666666665,Other
CUST-009144,1,6.348876698928122,468,2,3,1,2.0,Other
CUST-009145,1,77.72393766103218,597,1,3,3,2.3333333333333335,Other
CUST-009146,2,234.1270000359297,290,3,5,5,4.333333333333333,Potential Loyalists
CUST-009147,4,140.50382710332838,261,3,5,4,4.0,Potential Loyalists
CUST-009148,1,47.40430179018696,610,1,3,3,2.3333333333333335,Other
CUST-009150,1,126.59212473631766,460,2,3,4,3.0,Other
CUST-009151,1,17.6974429928646,620,1,3,1,1.6666666666666667,Other
CUST-009152,1,264.41048715042626,114,4,3,5,4.0,Potential Loyalists
CUST-009153,1,8.525272219253969,457,2,3,1,2.0,Other
CUST-009154,2,131.53579334557097,40,5,5,4,4.666666666666667,Champions
CUST-009155,2,213.43830471842224,557,1,5,5,3.6666666666666665,Other
CUST-009156,2,158.41451610669583,124,4,5,4,4.333333333333333,Champions
CUST-009157,1,100.93500796458925,617,1,3,4,2.6666666666666665,Other
CUST-009158,1,52.95695131786056,459,2,3,3,2.6666666666666665,Other
CUST-009159,1,110.24863825113977,13,5,3,4,4.0,Potential Loyalists
CUST-009160,1,2.94784548251809,245,3,3,1,2.3333333333333335,Other
CUST-009161,2,54.675729357545826,28,5,5,3,4.333333333333333,Potential Loyalists
CUST-009162,1,6.973864940612441,495,2,3,1,2.0,Other
CUST-009163,1,17.71823416889159,154,4,3,1,2.6666666666666665,Other
CUST-009164,2,80.9226127048438,303,3,5,4,4.0,Potential Loyalists
CUST-009165,1,62.0960517401432,43,5,3,3,3.6666666666666665,Potential Loyalists
CUST-009166,2,78.14608388642665,629,1,5,3,3.0,Other
CUST-009167,2,289.8250204382101,27,5,5,5,5.0,Champions
CUST-009168,2,915.7781991853362,39,5,5,5,5.0,Champions
CUST-009169,4,955.65587397679,413,2,5,5,4.0,Other
CUST-009170,2,36.77291954224902,9,5,5,2,4.0,Other
CUST-009171,2,131.93695590720174,341,3,5,4,4.0,Potential Loyalists
CUST-009172,3,6880.0691006287425,90,5,5,5,5.0,Champions
CUST-009173,2,73.54993184144679,290,3,5,3,3.6666666666666665,Potential Loyalists
CUST-009174,1,58.11865740363191,382,2,3,3,2.6666666666666665,Other
CUST-009175,1,22.166112982868995,723,1,3,2,2.0,Other
CUST-009176,3,39.95717776721576,98,5,5,2,4.0,Other
CUST-009177,1,29.198527867194095,636,1,3,2,2.0,Other
CUST-009178,2,115.90026267923048,28,5,5,4,4.666666666666667,Champions
CUST-009179,1,4.484912644061921,500,2,3,1,2.0,Other
CUST-009180,2,138.64505076397663,166,4,5,4,4.333333333333333,Champions
CUST-009181,1,46.662930015025886,623,1,3,3,2.3333333333333335,Other
CUST-009182,1,102.5675473123196,107,4,3,4,3.6666666666666665,Potential Loyalists
CUST-009183,2,114.85733433785984,280,3,5,4,4.0,Potential Loyalists
CUST-009184,2,355.4196742307089,126,4,5,5,4.666666666666667,Champions
CUST-009185,2,108.71799410422355,581,1,5,4,3.3333333333333335,Other
CUST-009186,1,358.64141515013443,126,4,3,5,4.0,Potential Loyalists
CUST-009187,1,7.204933306909656,138,4,3,1,2.6666666666666665,Other
CUST-009188,1,11.075465393780496,713,1,3,1,1.6666666666666667,Other
CUST-009189,1,53.925946431951274,279,3,3,3,3.0,Potential Loyalists
CUST-009190,1,12.850569143449002,355,3,3,1,2.3333333333333335,Other
CUST-009191,2,79.39861706309372,138,4,5,3,4.0,Potential Loyalists
CUST-009192,1,50.63936706147561,304,3,3,3,3.0,Potential Loyalists
CUST-009193,1,17.22510952231387,77,5,3,1,3.0,Other
CUST-009194,1,8725.877191216763,670,1,3,5,3.0,Other
CUST-009195,1,48.74345641718574,570,1,3,3,2.3333333333333335,Other
CUST-009196,1,252.94967106025237,182,4,3,5,4.0,Potential Loyalists
CUST-009197,2,7532.483101768615,99,5,5,5,5.0,Champions
CUST-009198,1,22.120209667537164,10,5,3,2,3.3333333333333335,Other
CUST-009199,2,104.83954726225247,652,1,5,4,3.3333333333333335,Other
CUST-009200,1,12.426701785763614,307,3,3,1,2.3333333333333335,Other
CUST-009201,2,82.51259059138695,124,4,5,4,4.333333333333333,Champions
CUST-009202,1,115.97775123012916,592,1,3,4,2.6666666666666665,Other
CUST-009203,1,106.33818965193488,381,2,3,4,3.0,Other
CUST-009204,3,87.60211177929193,292,3,5,4,4.0,Potential Loyalists
CUST-009205,2,81.19264793980625,238,3,5,4,4.0,Potential Loyalists
CUST-009206,1,14.20855186857175,603,1,3,1,1.6666666666666667,Other
CUST-009207,2,39.9815570555922,427,2,5,2,3.0,Other
CUST-009208,2,28.958350193541158,217,4,5,2,3.6666666666666665,Other
CUST-009209,5,14916.371282297981,209,4,5,5,4.666666666666667,Champions
CUST-009210,1,9192.628529721696,153,4,3,5,4.0,Potential Loyalists
CUST-009211,1,4.583446295282655,303,3,3,1,2.3333333333333335,Other
CUST-009212,1,30.413573787782312,83,5,3,2,3.3333333333333335,Other
CUST-009213,1,20.289060882193397,472,2,3,2,2.3333333333333335,Other
CUST-009214,1,30.495909965151977,100,5,3,2,3.3333333333333335,Other
CUST-009215,1,54.065011120052745,649,1,3,3,2.3333333333333335,Other
CUST-009216,2,360.5120306415593,8,5,5,5,5.0,Champions
CUST-009217,1,125.34075462560104,447,2,3,4,3.0,Other
CUST-009218,1,68.61367552326014,297,3,3,3,3.0,Potential Loyalists
CUST-009219,2,20.34267455643364,605,1,5,2,2.6666666666666665,Other
CUST-009220,1,29.71879117303004,470,2,3,2,2.3333333333333335,Other
CUST-009221,2,232.86613432816876,184,4,5,5,4.666666666666667,Champions
CUST-009222,3,75.32670522013942,156,4,5,3,4.0,Potential Loyalists
CUST-009223,1,20.26383426992999,313,3,3,2,2.6666666666666665,Other
CUST-009224,2,189.81351242652178,351,3,5,5,4.333333333333333,Potential Loyalists
CUST-009225,1,15.253425562768015,220,4,3,1,2.6666666666666665,Other
CUST-009226,1,316.88618643090183,630,1,3,5,3.0,Other
CUST-009227,1,913.5506289654963,370,2,3,5,3.3333333333333335,Other
CUST-009228,3,156.5529488344147,49,5,5,4,4.666666666666667,Champions
CUST-009229,1,50.65037641615915,541,1,3,3,2.3333333333333335,Other
CUST-009230,2,43.66125194657793,311,3,5,3,3.6666666666666665,Potential Loyalists
CUST-009231,1,26.595577535232085,119,4,3,2,3.0,Other
CUST-009232,1,81.59261364221858,448,2,3,4,3.0,Other
CUST-009233,1,133.65575522660546,518,2,3,4,3.0,Other
CUST-009234,1,298.0342392068467,600,1,3,5,3.0,Other
CUST-009235,1,28.68393076902676,602,1,3,2,2.0,Other
CUST-009236,3,640.9907071379594,145,4,5,5,4.666666666666667,Champions
CUST-009237,1,31.2165489577268,355,3,3,2,2.6666666666666665,Other
CUST-009238,1,114.52246226671087,520,1,3,4,2.6666666666666665,Other
CUST-009239,1,26.177053326167965,662,1,3,2,2.0,Other
CUST-009240,1,78.71828169195713,256,3,3,3,3.0,Potential Loyalists
CUST-009241,1,129.74512318891283,701,1,3,4,2.6666666666666665,Other
CUST-009242,2,131.80349069741382,573,1,5,4,3.3333333333333335,Other
CUST-009243,2,94.58105868868935,469,2,5,4,3.6666666666666665,Other
CUST-009244,1,294.82212207464346,575,1,3,5,3.0,Other
CUST-009245,1,174.6971180503195,71,5,3,5,4.333333333333333,Potential Loyalists
CUST-009247,1,41.35326540840517,316,3,3,3,3.0,Potential Loyalists
CUST-009248,1,6.70324604109913,40,5,3,1,3.0,Other
CUST-009249,1,110.17875811273956,253,3,3,4,3.3333333333333335,Potential Loyalists
CUST-009250,1,223.90637125596044,137,4,3,5,4.0,Potential Loyalists
CUST-009251,2,195.11170043727984,89,5,5,5,5.0,Champions
CUST-009252,1,37.4185931775985,406,2,3,2,2.3333333333333335,Other
CUST-009253,1,123.82086934410168,350,3,3,4,3.3333333333333335,Potential Loyalists
CUST-009254,1,55.33590670495552,7,5,3,3,3.6666666666666665,Potential Loyalists
CUST-009255,1,39.02849377204638,334,3,3,2,2.6666666666666665,Other
CUST-009256,1,8919.669982174033,110,4,3,5,4.0,Potential Loyalists
CUST-009257,3,73.48585622275174,189,4,5,3,4.0,Potential Loyalists
CUST-009258,1,12.979363721777146,672,1,3,1,1.6666666666666667,Other
CUST-009259,1,157.2778098905985,319,3,3,4,3.3333333333333335,Potential Loyalists
CUST-009260,3,96.69641818177206,135,4,5,4,4.333333333333333,Champions
CUST-009261,1,111.11191320625512,723,1,3,4,2.6666666666666665,Other
CUST-009262,1,37.69713333738507,229,3,3,2,2.6666666666666665,Other
CUST-009263,2,130.84408748453646,229,3,5,4,4.0,Potential Loyalists
CUST-009264,1,63.68856998307988,498,2,3,3,2.6666666666666665,Other
CUST-009265,1,13.666216398068052,539,1,3,1,1.6666666666666667,Other
CUST-009266,1,64.0351266318096,288,3,3,3,3.0,Potential Loyalists
CUST-009267,1,35.5265520229297,431,2,3,2,2.3333333333333335,Other
CUST-009268,1,256.53163006569315,380,2,3,5,3.3333333333333335,Other
CUST-009269,2,100.59250252174692,98,5,5,4,4.666666666666667,Champions
CUST-009270,2,233.94883048935833,480,2,5,5,4.0,Other
CUST-009272,1,18.743753965409823,670,1,3,1,1.6666666666666667,Other
CUST-009273,1,113.38073974724897,99,5,3,4,4.0,Potential Loyalists
CUST-009274,2,72.84619847285333,185,4,5,3,4.0,Potential Loyalists
CUST-009275,3,121.86174316329904,55,5,5,4,4.666666666666667,Champions
CUST-009276,3,81.51162510909059,226,3,5,4,4.0,Potential Loyalists
CUST-009277,1,7.233969140974205,296,3,3,1,2.3333333333333335,Other
CUST-009278,3,53.39410895030943,199,4,5,3,4.0,Potential Loyalists
CUST-009279,2,100.00056756251968,520,1,5,4,3.3333333333333335,Other
CUST-009280,1,322.9388560734765,157,4,3,5,4.0,Potential Loyalists
CUST-009281,2,144.2253703898027,45,5,5,4,4.666666666666667,Champions
CUST-009282,1,3.9830084903436074,656,1,3,1,1.6666666666666667,Other
CUST-009283,1,35.098001604536094,243,3,3,2,2.6666666666666665,Other
CUST-009284,3,68.78152653906676,315,3,5,3,3.6666666666666665,Potential Loyalists
CUST-009285,1,38.3344292359827,724,1,3,2,2.0,Other
CUST-009286,1,92.76427861045585,499,2,3,4,3.0,Other
CUST-009287,1,23.154567176639617,64,5,3,2,3.3333333333333335,Other
CUST-009288,1,19.494991862031743,507,2,3,2,2.3333333333333335,Other
CUST-009289,2,12299.296601257685,83,5,5,5,5.0,Champions
CUST-009290,1,17.07561773006771,485,2,3,1,2.0,Other
CUST-009291,2,82.72986843392678,697,1,5,4,3.3333333333333335,Other
CUST-009292,2,277.9318307193623,148,4,5,5,4.666666666666667,Champions
CUST-009293,1,91.08358298811554,212,4,3,4,3.6666666666666665,Potential Loyalists
CUST-009294,1,22.01446073245961,394,2,3,2,2.3333333333333335,Other
CUST-009295,1,43.41297022354536,153,4,3,3,3.3333333333333335,Potential Loyalists
CUST-009296,1,55.43915406006363,39,5,3,3,3.6666666666666665,Potential Loyalists
CUST-009297,1,4.154572039492438,180,4,3,1,2.6666666666666665,Other
CUST-009298,1,9.954158996006504,514,2,3,1,2.0,Other
CUST-009299,2,9641.713679541497,196,4,5,5,4.666666666666667,Champions
CUST-009300,2,142.19715618990034,18,5,5,4,4.666666666666667,Champions
CUST-009301,1,14.29658235873992,428,2,3,1,2.0,Other
CUST-009302,1,27.82672780942824,407,2,3,2,2.3333333333333335,Other
CUST-009303,2,244.19806965387139,441,2,5,5,4.0,Other
CUST-009304,1,112.56870977918727,317,3,3,4,3.3333333333333335,Potential Loyalists
CUST-009305,1,5.065498657389343,501,2,3,1,2.0,Other
CUST-009306,1,22.2324359096694,201,4,3,2,3.0,Other
CUST-009307,2,213.77698308935533,56,5,5,5,5.0,Champions
CUST-009308,1,71.43246886229464,441,2,3,3,2.6666666666666665,Other
CUST-009309,1,74.09034566626282,664,1,3,3,2.3333333333333335,Other
CUST-009310,1,26.463551782451898,587,1,3,2,2.0,Other
CUST-009311,1,616.9361591705301,674,1,3,5,3.0,Other
CUST-009312,2,105.62059227930723,148,4,5,4,4.333333333333333,Champions
CUST-009313,2,83.35098119018285,400,2,5,4,3.6666666666666665,Other
CUST-009314,1,62.65773704070252,22,5,3,3,3.6666666666666665,Potential Loyalists
CUST-009315,1,13.625475536692717,100,5,3,1,3.0,Other
CUST-009316,1,47.99938500664558,37,5,3,3,3.6666666666666665,Potential Loyalists
CUST-009317,1,19.73286546443036,75,5,3,2,3.3333333333333335,Other
CUST-009318,1,16.565698288037485,658,1,3,1,1.6666666666666667,Other
CUST-009319,1,105.53995538675166,472,2,3,4,3.0,Other
CUST-009320,1,12.111678488556484,484,2,3,1,2.0,Other
CUST-009322,1,377.705649555183,708,1,3,5,3.0,Other
CUST-009323,1,38.634703960532896,309,3,3,2,2.6666666666666665,Other
CUST-009324,3,359.88797780628465,199,4,5,5,4.666666666666667,Champions
CUST-009325,1,70.96290294604836,66,5,3,3,3.6666666666666665,Potential Loyalists
CUST-009326,2,95.54984042587323,135,4,5,4,4.333333333333333,Champions
CUST-009327,2,13417.64468130922,38,5,5,5,5.0,Champions
CUST-009328,2,57.43647649891817,327,3,5,3,3.6666666666666665,Potential Loyalists
CUST-009329,2,37.77558058287717,139,4,5,2,3.6666666666666665,Other
CUST-009330,1,80.94375488639415,572,1,3,4,2.6666666666666665,Other
CUST-009331,1,116.0703696510485,561,1,3,4,2.6666666666666665,Other
CUST-009332,2,27.608744023982887,194,4,5,2,3.6666666666666665,Other
CUST-009333,1,29.93857868300258,677,1,3,2,2.0,Other
CUST-009334,2,647.8173833218916,137,4,5,5,4.666666666666667,Champions
CUST-009335,1,18.697512267428113,254,3,3,1,2.3333333333333335,Other
CUST-009336,2,187.88474013774186,27,5,5,5,5.0,Champions
CUST-009337,1,59.0968564279585,156,4,3,3,3.3333333333333335,Potential Loyalists
CUST-009338,2,255.76816356493788,443,2,5,5,4.0,Other
CUST-009339,1,2.655831785219867,708,1,3,1,1.6666666666666667,Other
CUST-009340,2,46.64568314674811,607,1,5,3,3.0,Other
CUST-009341,1,8.606198400122716,423,2,3,1,2.0,Other
CUST-009342,1,354.2098491158094,723,1,3,5,3.0,Other
CUST-009343,2,143.79210632102283,388,2,5,4,3.6666666666666665,Other
CUST-009344,2,100.86628099694454,27,5,5,4,4.666666666666667,Champions
CUST-009345,1,34.61720553897101,121,4,3,2,3.0,Other
CUST-009346,1,83.82435609342907,249,3,3,4,3.3333333333333335,Potential Loyalists
CUST-009347,2,77.78928494491522,125,4,5,3,4.0,Potential Loyalists
CUST-009348,2,90.5882039683085,347,3,5,4,4.0,Potential Loyalists
CUST-009349,2,724.3645521242055,242,3,5,5,4.333333333333333,Potential Loyalists
CUST-009350,1,10.486409241055004,356,3,3,1,2.3333333333333335,Other
CUST-009351,2,7.7292097605313455,536,1,5,1,2.3333333333333335,Other
CUST-009352,1,29.667229677076424,418,2,3,2,2.3333333333333335,Other
CUST-009353,2,67.09905724238428,104,5,5,3,4.333333333333333,Potential Loyalists
CUST-009354,1,6.210927677246835,50,5,3,1,3.0,Other
CUST-009355,1,41.2958895831889,543,1,3,3,2.3333333333333335,Other
CUST-009356,1,123.31292183942485,199,4,3,4,3.6666666666666665,Potential Loyalists
CUST-009357,1,14.849390940836228,433,2,3,1,2.0,Other
CUST-009358,1,38.02482415357365,402,2,3,2,2.3333333333333335,Other
CUST-009359,2,75.40898579325125,243,3,5,3,3.6666666666666665,Potential Loyalists
CUST-009360,1,26.87144755799769,467,2,3,2,2.3333333333333335,Other
CUST-009361,1,122.50212325713017,208,4,3,4,3.6666666666666665,Potential Loyalists
CUST-009362,2,57.97828134964924,341,3,5,3,3.6666666666666665,Potential Loyalists
CUST-009364,1,23.15679718744114,51,5,3,2,3.3333333333333335,Other
CUST-009365,1,104.1336974578878,133,4,3,4,3.6666666666666665,Potential Loyalists
CUST-009366,1,13.36371087468598,202,4,3,1,2.6666666666666665,Other
CUST-009367,1,11.294270259769576,1,5,3,1,3.0,Other
CUST-009368,1,92.28524788661828,638,1,3,4,2.6666666666666665,Other
CUST-009369,1,101.5379562903497,175,4,3,4,3.6666666666666665,Potential Loyalists
CUST-009370,3,109.13371901464237,173,4,5,4,4.333333333333333,Champions
CUST-009371,2,87.3911451699422,166,4,5,4,4.333333333333333,Champions
CUST-009372,1,328.7695675216191,355,3,3,5,3.6666666666666665,Potential Loyalists
CUST-009373,1,46.421623102426665,362,2,3,3,2.6666666666666665,Other
CUST-009374,1,21.103074056973384,263,3,3,2,2.6666666666666665,Other
CUST-009375,2,43.84566836965459,196,4,5,3,4.0,Potential Loyalists
CUST-009376,1,38.34784233714127,360,2,3,2,2.3333333333333335,Other
CUST-009377,1,31.215956525551213,313,3,3,2,2.6666666666666665,Other
CUST-009378,1,95.04896166284315,347,3,3,4,3.3333333333333335,Potential Loyalists
CUST-009379,1,64.69459911959876,670,1,3,3,2.3333333333333335,Other
CUST-009380,2,117.50505546637545,171,4,5,4,4.333333333333333,Champions
CUST-009381,1,15.68002346083192,196,4,3,1,2.6666666666666665,Other
CUST-009382,1,108.37836583372892,43,5,3,4,4.0,Potential Loyalists
CUST-009383,2,157.61023218708323,52,5,5,4,4.666666666666667,Champions
CUST-009384,1,75.50551952831701,327,3,3,3,3.0,Potential Loyalists
CUST-009385,1,12.054083512780316,580,1,3,1,1.6666666666666667,Other
CUST-009386,1,28.224485552617832,501,2,3,2,2.3333333333333335,Other
CUST-009387,1,18.93520585629998,507,2,3,2,2.3333333333333335,Other
CUST-009389,2,60.92987948328404,31,5,5,3,4.333333333333333,Potential Loyalists
CUST-009390,1,14144.613426541942,335,3,3,5,3.6666666666666665,Potential Loyalists
CUST-009391,1,8.807911320248511,33,5,3,1,3.0,Other
CUST-009392,1,42.25622132169917,691,1,3,3,2.3333333333333335,Other
CUST-009393,1,37.347660615104566,339,3,3,2,2.6666666666666665,Other
CUST-009394,1,96.26553132723777,137,4,3,4,3.6666666666666665,Potential Loyalists
CUST-009395,1,139.73164101997034,676,1,3,4,2.6666666666666665,Other
CUST-009396,1,3.847582135453022,549,1,3,1,1.6666666666666667,Other
CUST-009397,1,38.63256115553411,89,5,3,2,3.3333333333333335,Other
CUST-009398,2,66.01680320810749,70,5,5,3,4.333333333333333,Potential Loyalists
CUST-009399,2,77.03526207375782,651,1,5,3,3.0,Other
CUST-009400,1,10.020352042349742,35,5,3,1,3.0,Other
CUST-009401,2,134.33770475784564,317,3,5,4,4.0,Potential Loyalists
CUST-009402,2,184.46795510034565,26,5,5,5,5.0,Champions
CUST-009403,1,7.619477050101596,301,3,3,1,2.3333333333333335,Other
CUST-009404,1,32.29612528750711,120,4,3,2,3.0,Other
CUST-009405,1,176.27918531348934,535,1,3,5,3.0,Other
CUST-009406,2,9641.342890071006,497,2,5,5,4.0,Other
CUST-009407,1,15.3828642527472,362,2,3,1,2.0,Other
CUST-009408,1,87.76262538329216,604,1,3,4,2.6666666666666665,Other
CUST-009409,2,215.66576145856126,446,2,5,5,4.0,Other
CUST-009410,2,164.1772501288119,347,3,5,5,4.333333333333333,Potential Loyalists
CUST-009411,1,79.11853079356759,718,1,3,3,2.3333333333333335,Other
CUST-009412,1,12.565265063242888,675,1,3,1,1.6666666666666667,Other
CUST-009413,1,35.75493207638006,570,1,3,2,2.0,Other
CUST-009414,1,65.23294043875455,554,1,3,3,2.3333333333333335,Other
CUST-009415,1,20.04828843666386,18,5,3,2,3.3333333333333335,Other
CUST-009416,1,17.303506962923084,287,3,3,1,2.3333333333333335,Other
CUST-009417,1,27.357017864533,682,1,3,2,2.0,Other
CUST-009418,2,5748.395088575683,87,5,5,5,5.0,Champions
CUST-009419,1,45.4976848268596,186,4,3,3,3.3333333333333335,Potential Loyalists
CUST-009420,1,14.14423513345122,376,2,3,1,2.0,Other
CUST-009421,1,26.695631641820537,68,5,3,2,3.3333333333333335,Other
CUST-009422,2,211.84174155168125,369,2,5,5,4.0,Other
CUST-009423,1,17.023435285468523,122,4,3,1,2.6666666666666665,Other
CUST-009424,1,45.3527048683894,92,5,3,3,3.6666666666666665,Potential Loyalists
CUST-009425,2,43.16532590052072,188,4,5,3,4.0,Potential Loyalists
CUST-009426,1,261.74817843039426,81,5,3,5,4.333333333333333,Potential Loyalists
CUST-009427,1,58.63307679303458,256,3,3,3,3.0,Potential Loyalists
CUST-009428,2,114.46957616693615,196,4,5,4,4.333333333333333,Champions
CUST-009429,3,7937.3488404097625,321,3,5,5,4.333333333333333,Potential Loyalists
CUST-009430,2,35.70510847488151,326,3,5,2,3.3333333333333335,Other
CUST-009431,1,71.962021643209,63,5,3,3,3.6666666666666665,Potential Loyalists
CUST-009432,1,17.787376889209153,622,1,3,1,1.6666666666666667,Other
CUST-009433,1,35.42747731141635,137,4,3,2,3.0,Other
CUST-009434,3,104.68751318135052,14,5,5,4,4.666666666666667,Champions
CUST-009435,1,99.15087541617102,618,1,3,4,2.6666666666666665,Other
CUST-009436,6,373.35518692744125,22,5,5,5,5.0,Champions
CUST-009437,1,26.207367786958297,562,1,3,2,2.0,Other
CUST-009438,2,235.03111730879155,49,5,5,5,5.0,Champions
CUST-009439,1,38.59640416480973,483,2,3,2,2.3333333333333335,Other
CUST-009440,2,78.71167096994682,314,3,5,3,3.6666666666666665,Potential Loyalists
CUST-009441,1,6.218250250082238,212,4,3,1,2.6666666666666665,Other
CUST-009442,1,68.65493413486934,273,3,3,3,3.0,Potential Loyalists
CUST-009443,3,84.63315817895578,28,5,5,4,4.666666666666667,Champions
CUST-009445,3,99.22347939853286,61,5,5,4,4.666666666666667,Champions
CUST-009446,1,9.829417771490714,658,1,3,1,1.6666666666666667,Other
CUST-009447,2,96.25744937951298,81,5,5,4,4.666666666666667,Champions
CUST-009448,2,46.040887890297675,356,3,5,3,3.6666666666666665,Potential Loyalists
CUST-009449,2,68.0836339346138,152,4,5,3,4.0,Potential Loyalists
CUST-009450,2,99.843512345037,47,5,5,4,4.666666666666667,Champions
CUST-009451,1,33.45475807496403,486,2,3,2,2.3333333333333335,Other
CUST-009452,1,45.870269258648115,91,5,3,3,3.6666666666666665,Potential Loyalists
CUST-009453,1,31.06649881164124,627,1,3,2,2.0,Other
CUST-009454,1,31.03472009578385,696,1,3,2,2.0,Other
CUST-009455,3,276.8623657999709,471,2,5,5,4.0,Other
CUST-009456,1,16.288286983749003,437,2,3,1,2.0,Other
CUST-009457,2,298.03529960277575,231,3,5,5,4.333333333333333,Potential Loyalists
CUST-009458,1,8.228479862425164,503,2,3,1,2.0,Other
CUST-009460,1,25.32257656655061,128,4,3,2,3.0,Other
CUST-009461,2,141.94084089251686,611,1,5,4,3.3333333333333335,Other
CUST-009462,3,246.70069853262902,93,5,5,5,5.0,Champions
CUST-009463,1,62.57533109596595,487,2,3,3,2.6666666666666665,Other
CUST-009464,1,3.157165032500348,633,1,3,1,1.6666666666666667,Other
CUST-009465,1,10395.950318581656,209,4,3,5,4.0,Potential Loyalists
CUST-009466,2,373.7641029917395,585,1,5,5,3.6666666666666665,Other
CUST-009467,1,30.6408870541668,446,2,3,2,2.3333333333333335,Other
CUST-009468,3,861.5070007826799,240,3,5,5,4.333333333333333,Potential Loyalists
CUST-009469,1,19.339822989410347,234,3,3,2,2.6666666666666665,Other
CUST-009470,1,35.79898618987983,249,3,3,2,2.6666666666666665,Other
CUST-009471,1,34.49884003243413,55,5,3,2,3.3333333333333335,Other
CUST-009472,2,723.8867555449066,259,3,5,5,4.333333333333333,Potential Loyalists
CUST-009473,2,103.72217711369349,54,5,5,4,4.666666666666667,Champions
CUST-009474,1,0.9077158755978998,701,1,3,1,1.6666666666666667,Other
CUST-009475,2,67.4097129273044,211,4,5,3,4.0,Potential Loyalists
CUST-009476,2,204.2825593012034,38,5,5,5,5.0,Champions
CUST-009477,2,128.6126576189157,93,5,5,4,4.666666666666667,Champions
CUST-009478,2,26.736044820994394,516,2,5,2,3.0,Other
CUST-009479,1,49.10026335232271,371,2,3,3,2.6666666666666665,Other
CUST-009480,1,19.130728603357465,79,5,3,2,3.3333333333333335,Other
CUST-009481,3,93.90926362099032,193,4,5,4,4.333333333333333,Champions
CUST-009482,1,34.10481493342946,692,1,3,2,2.0,Other
CUST-009483,1,14.280863932415892,51,5,3,1,3.0,Other
CUST-009484,1,11.834663595898844,208,4,3,1,2.6666666666666665,Other
CUST-009485,2,119.51113477161579,35,5,5,4,4.666666666666667,Champions
CUST-009486,1,9.904781368284052,282,3,3,1,2.3333333333333335,Other
CUST-009487,2,211.4763517333762,108,4,5,5,4.666666666666667,Champions
CUST-009488,1,33.307344912713795,107,4,3,2,3.0,Other
CUST-009489,1,31.309060202657378,289,3,3,2,2.6666666666666665,Other
CUST-009490,1,17.577544878073763,504,2,3,1,2.0,Other
CUST-009491,1,65.93310643487105,313,3,3,3,3.0,Potential Loyalists
CUST-009492,2,16.413757554526235,167,4,5,1,3.3333333333333335,Other
CUST-009493,2,90.11140771053329,274,3,5,4,4.0,Potential Loyalists
CUST-009494,2,33.25868362517785,403,2,5,2,3.0,Other
CUST-009496,1,74.2304270706899,460,2,3,3,2.6666666666666665,Other
CUST-009497,3,93.49068890027795,181,4,5,4,4.333333333333333,Champions
CUST-009498,2,179.4704558522587,497,2,5,5,4.0,Other
CUST-009500,2,150.52166986218896,44,5,5,4,4.666666666666667,Champions
CUST-009501,1,129.10381398077087,158,4,3,4,3.6666666666666665,Potential Loyalists
CUST-009502,2,117.36337510100773,25,5,5,4,4.666666666666667,Champions
CUST-009503,1,119.4302028763686,104,5,3,4,4.0,Potential Loyalists
CUST-009504,3,24.348310754987438,155,4,5,2,3.6666666666666665,Other
CUST-009505,1,51.75356606482055,181,4,3,3,3.3333333333333335,Potential Loyalists
CUST-009506,1,154.44108101244686,547,1,3,4,2.6666666666666665,Other
CUST-009507,2,214.88752016487766,83,5,5,5,5.0,Champions
CUST-009508,1,52.870130863698854,335,3,3,3,3.0,Potential Loyalists
CUST-009509,2,10477.919670462416,161,4,5,5,4.666666666666667,Champions
CUST-009510,1,8.124490523859485,27,5,3,1,3.0,Other
CUST-009511,2,59.75999093151719,112,4,5,3,4.0,Potential Loyalists
CUST-009512,1,19.165427958584623,350,3,3,2,2.6666666666666665,Other
CUST-009513,1,26.31617107711064,55,5,3,2,3.3333333333333335,Other
CUST-009514,1,286.8426614217306,385,2,3,5,3.3333333333333335,Other
CUST-009515,1,374.8814454781517,211,4,3,5,4.0,Potential Loyalists
CUST-009516,1,57.70392839841048,74,5,3,3,3.6666666666666665,Potential Loyalists
CUST-009517,2,76.20286460496843,496,2,5,3,3.3333333333333335,Other
CUST-009518,1,12.171544892244471,320,3,3,1,2.3333333333333335,Other
CUST-009519,3,335.9043550221377,151,4,5,5,4.666666666666667,Champions
CUST-009520,3,69.75142959912176,224,3,5,3,3.6666666666666665,Potential Loyalists
CUST-009521,1,644.5233095089391,560,1,3,5,3.0,Other
CUST-009522,2,170.95934562205906,197,4,5,5,4.666666666666667,Champions
CUST-009523,1,12.564732457598044,588,1,3,1,1.6666666666666667,Other
CUST-009524,2,150.83579902176933,85,5,5,4,4.666666666666667,Champions
CUST-009525,2,8960.568946754445,238,3,5,5,4.333333333333333,Potential Loyalists
CUST-009526,1,44.99150800811193,51,5,3,3,3.6666666666666665,Potential Loyalists
CUST-009527,1,127.3375627067518,191,4,3,4,3.6666666666666665,Potential Loyalists
CUST-009528,1,85.6402850684988,705,1,3,4,2.6666666666666665,Other
CUST-009529,2,245.53777896378855,25,5,5,5,5.0,Champions
CUST-009530,1,186.76794137412656,400,2,3,5,3.3333333333333335,Other
CUST-009531,1,15.91186922423762,269,3,3,1,2.3333333333333335,Other
CUST-009532,1,11.869081338325907,489,2,3,1,2.0,Other
CUST-009533,1,22.14794350555118,36,5,3,2,3.3333333333333335,Other
CUST-009534,2,41.075467530116335,125,4,5,2,3.6666666666666665,Other
CUST-009535,1,102.55164846269354,220,3,3,4,3.3333333333333335,Potential Loyalists
CUST-009536,1,51.11275727811791,149,4,3,3,3.3333333333333335,Potential Loyalists
CUST-009537,2,47.40733939890846,396,2,5,3,3.3333333333333335,Other
CUST-009538,1,9.537165917060324,583,1,3,1,1.6666666666666667,Other
CUST-009539,1,40.90421704682512,364,2,3,2,2.3333333333333335,Other
CUST-009540,2,33.124357007643866,95,5,5,2,4.0,Other
CUST-009541,3,59.80605782362002,208,4,5,3,4.0,Potential Loyalists
CUST-009542,1,23.75382310976695,8,5,3,2,3.3333333333333335,Other
CUST-009543,1,68.53209799984812,115,4,3,3,3.3333333333333335,Potential Loyalists
CUST-009544,1,41.19254141238225,596,1,3,2,2.0,Other
CUST-009545,1,8.62531540099337,677,1,3,1,1.6666666666666667,Other
CUST-009546,1,41.36671227382915,65,5,3,3,3.6666666666666665,Potential Loyalists
CUST-009547,1,71.25797928480796,202,4,3,3,3.3333333333333335,Potential Loyalists
CUST-009548,2,160.82587373790008,226,3,5,5,4.333333333333333,Potential Loyalists
CUST-009549,1,68.87327872369252,602,1,3,3,2.3333333333333335,Other
CUST-009550,2,71.31859484727354,332,3,5,3,3.6666666666666665,Potential Loyalists
CUST-009551,4,11598.830513650988,22,5,5,5,5.0,Champions
CUST-009552,1,234.18123368494983,154,4,3,5,4.0,Potential Loyalists
CUST-009553,1,386.5480878938316,340,3,3,5,3.6666666666666665,Potential Loyalists
CUST-009554,1,4.312632769110587,63,5,3,1,3.0,Other
CUST-009555,1,184.8528743915714,132,4,3,5,4.0,Potential Loyalists
CUST-009556,3,265.4652986166179,205,4,5,5,4.666666666666667,Champions
CUST-009557,2,54.67003879843938,133,4,5,3,4.0,Potential Loyalists
CUST-009558,1,10.276209229446142,415,2,3,1,2.0,Other
CUST-009559,1,14.648975552919753,698,1,3,1,1.6666666666666667,Other
CUST-009560,1,22.757372850608284,725,1,3,2,2.0,Other
CUST-009561,2,436.0313468053997,341,3,5,5,4.333333333333333,Potential Loyalists
CUST-009562,3,172.33927419070338,83,5,5,5,5.0,Champions
CUST-009563,1,13722.636676011502,398,2,3,5,3.3333333333333335,Other
CUST-009564,1,34.84731073116426,36,5,3,2,3.3333333333333335,Other
CUST-009565,1,2.5579483965604006,517,2,3,1,2.0,Other
CUST-009566,1,10.23277648782151,199,4,3,1,2.6666666666666665,Other
CUST-009568,1,75.31047422964453,414,2,3,3,2.6666666666666665,Other
CUST-009569,1,41.43142576037227,582,1,3,3,2.3333333333333335,Other
CUST-009570,2,9761.360285281442,411,2,5,5,4.0,Other
CUST-009571,2,32.08760829979263,286,3,5,2,3.3333333333333335,Other
CUST-009572,1,49.72185783672574,425,2,3,3,2.6666666666666665,Other
CUST-009573,1,10.146604775188212,524,1,3,1,1.6666666666666667,Other
CUST-009574,1,13.072512218726734,437,2,3,1,2.0,Other
CUST-009575,1,15.161296852328428,557,1,3,1,1.6666666666666667,Other
CUST-009576,1,75.61247363880773,655,1,3,3,2.3333333333333335,Other
CUST-009577,2,172.73891586962125,230,3,5,5,4.333333333333333,Potential Loyalists
CUST-009578,1,123.94554918281362,610,1,3,4,2.6666666666666665,Other
CUST-009579,1,4.597113909245992,697,1,3,1,1.6666666666666667,Other
CUST-009580,3,51.74278780428926,272,3,5,3,3.6666666666666665,Potential Loyalists
CUST-009581,2,55.6439740961644,90,5,5,3,4.333333333333333,Potential Loyalists
CUST-009582,1,16.601089270390727,542,1,3,1,1.6666666666666667,Other
CUST-009583,2,185.93436479397445,207,4,5,5,4.666666666666667,Champions
CUST-009584,2,58.944281305422436,323,3,5,3,3.6666666666666665,Potential Loyalists
CUST-009585,1,327.3475555003756,465,2,3,5,3.3333333333333335,Other
CUST-009586,1,26.646065189163515,584,1,3,2,2.0,Other
CUST-009587,1,13.973941409931475,471,2,3,1,2.0,Other
CUST-009588,1,222.7173529741179,502,2,3,5,3.3333333333333335,Other
CUST-009589,2,38.52362326578296,205,4,5,2,3.6666666666666665,Other
CUST-009590,2,307.26397556305466,323,3,5,5,4.333333333333333,Potential Loyalists
CUST-009591,2,226.22662388605858,19,5,5,5,5.0,Champions
CUST-009592,2,16.921083188805525,161,4,5,1,3.3333333333333335,Other
CUST-009593,1,28.55425253194355,145,4,3,2,3.0,Other
CUST-009594,1,17.296582518446954,83,5,3,1,3.0,Other
CUST-009595,1,73.35452177929393,322,3,3,3,3.0,Potential Loyalists
CUST-009596,1,104.14037160334676,482,2,3,4,3.0,Other
CUST-009597,2,45.7017027648007,252,3,5,3,3.6666666666666665,Potential Loyalists
CUST-009599,1,31.593040770070736,145,4,3,2,3.0,Other
CUST-009601,2,25.870322553309578,457,2,5,2,3.0,Other
CUST-009602,1,76.03407388017806,33,5,3,3,3.6666666666666665,Potential Loyalists
CUST-009603,1,47.37931439297049,712,1,3,3,2.3333333333333335,Other
CUST-009604,2,9927.618012124498,388,2,5,5,4.0,Other
CUST-009605,1,9.77592368610402,538,1,3,1,1.6666666666666667,Other
CUST-009606,1,23.62212685486725,369,2,3,2,2.3333333333333335,Other
CUST-009607,1,18.503529730754977,182,4,3,1,2.6666666666666665,Other
CUST-009608,2,55.97205123473447,43,5,5,3,4.333333333333333,Potential Loyalists
CUST-009609,1,121.58653907373042,716,1,3,4,2.6666666666666665,Other
CUST-009610,1,198.1162516375308,218,4,3,5,4.0,Potential Loyalists
CUST-009611,2,2642.3256093160544,401,2,5,5,4.0,Other
CUST-009612,1,29.11194818315207,176,4,3,2,3.0,Other
CUST-009613,1,19.81718253483727,382,2,3,2,2.3333333333333335,Other
CUST-009614,1,92.4300828131083,347,3,3,4,3.3333333333333335,Potential Loyalists
CUST-009615,1,105.92682649620396,680,1,3,4,2.6666666666666665,Other
CUST-009616,2,94.71944884374767,100,5,5,4,4.666666666666667,Champions
CUST-009617,1,67.40331899613928,717,1,3,3,2.3333333333333335,Other
CUST-009618,1,36.98079714938042,524,1,3,2,2.0,Other
CUST-009619,1,8.797855912394928,381,2,3,1,2.0,Other
CUST-009621,1,216.4579124398804,192,4,3,5,4.0,Potential Loyalists
CUST-009622,1,24.194937459165462,574,1,3,2,2.0,Other
CUST-009623,1,22.14557662031224,508,2,3,2,2.3333333333333335,Other
CUST-009624,1,11.89512703137987,237,3,3,1,2.3333333333333335,Other
CUST-009625,1,18.11391476735172,59,5,3,1,3.0,Other
CUST-009626,1,113.12721389427938,694,1,3,4,2.6666666666666665,Other
CUST-009627,1,427.6821927253142,123,4,3,5,4.0,Potential Loyalists
CUST-009628,2,69.93357732125968,306,3,5,3,3.6666666666666665,Potential Loyalists
CUST-009629,1,27.26557668469506,691,1,3,2,2.0,Other
CUST-009630,1,15.311905142513725,89,5,3,1,3.0,Other
CUST-009631,1,6.392375163215515,15,5,3,1,3.0,Other
CUST-009632,2,74.45449693253384,32,5,5,3,4.333333333333333,Potential Loyalists
CUST-009633,1,147.60820635132478,219,4,3,4,3.6666666666666665,Potential Loyalists
CUST-009634,2,69.33725867689513,311,3,5,3,3.6666666666666665,Potential Loyalists
CUST-009635,1,12672.25884774243,351,3,3,5,3.6666666666666665,Potential Loyalists
CUST-009636,1,139.18891958081252,529,1,3,4,2.6666666666666665,Other
CUST-009637,1,28.41138504504578,370,2,3,2,2.3333333333333335,Other
CUST-009638,2,263.22278797423985,39,5,5,5,5.0,Champions
CUST-009639,1,17.226473706864795,600,1,3,1,1.6666666666666667,Other
CUST-009640,1,22.534389536789373,582,1,3,2,2.0,Other
CUST-009641,1,48.77617435916095,626,1,3,3,2.3333333333333335,Other
CUST-009642,3,62.83938072488444,121,4,5,3,4.0,Potential Loyalists
CUST-009643,1,56.312936991668,260,3,3,3,3.0,Potential Loyalists
CUST-009644,1,22.24564594757797,401,2,3,2,2.3333333333333335,Other
CUST-009645,1,136.85609294736415,143,4,3,4,3.6666666666666665,Potential Loyalists
CUST-009646,2,14.062390448685758,554,1,5,1,2.3333333333333335,Other
CUST-009647,1,60.980668878395925,284,3,3,3,3.0,Potential Loyalists
CUST-009648,1,292.62452711793264,104,5,3,5,4.333333333333333,Potential Loyalists
CUST-009649,1,6.080970417492502,272,3,3,1,2.3333333333333335,Other
CUST-009650,2,45.2407106812926,167,4,5,3,4.0,Potential Loyalists
CUST-009651,2,8783.028221536679,26,5,5,5,5.0,Champions
CUST-009652,2,122.64913007367781,63,5,5,4,4.666666666666667,Champions
CUST-009653,1,43.141743629384266,722,1,3,3,2.3333333333333335,Other
CUST-009654,2,218.5370216107848,238,3,5,5,4.333333333333333,Potential Loyalists
CUST-009655,2,106.33817048747429,150,4,5,4,4.333333333333333,Champions
CUST-009656,3,580.451931018295,337,3,5,5,4.333333333333333,Potential Loyalists
CUST-009657,1,22.040852097068186,665,1,3,2,2.0,Other
CUST-009658,1,13.368025021042786,608,1,3,1,1.6666666666666667,Other
CUST-009659,2,104.49845890003101,253,3,5,4,4.0,Potential Loyalists
CUST-009660,1,7.376028315869517,589,1,3,1,1.6666666666666667,Other
CUST-009661,1,43.069684156733494,126,4,3,3,3.3333333333333335,Potential Loyalists
CUST-009662,1,125.40248796857044,334,3,3,4,3.3333333333333335,Potential Loyalists
CUST-009663,2,86.95766747004075,102,5,5,4,4.666666666666667,Champions
CUST-009664,2,46.13065327319571,459,2,5,3,3.3333333333333335,Other
CUST-009665,1,18.54058559545184,4,5,3,1,3.0,Other
CUST-009666,1,149.24470196370402,484,2,3,4,3.0,Other
CUST-009667,1,213.3072616345227,468,2,3,5,3.3333333333333335,Other
CUST-009668,3,169.31579670580035,99,5,5,5,5.0,Champions
CUST-009669,1,3.0358869549137495,656,1,3,1,1.6666666666666667,Other
CUST-009670,1,6.9070224396786255,656,1,3,1,1.6666666666666667,Other
CUST-009671,2,65.09836401377902,167,4,5,3,4.0,Potential Loyalists
CUST-009672,1,444.3029292258405,356,3,3,5,3.6666666666666665,Potential Loyalists
CUST-009673,1,5.89458746590324,601,1,3,1,1.6666666666666667,Other
CUST-009674,2,97.0907423424297,59,5,5,4,4.666666666666667,Champions
CUST-009675,1,112.34673303616624,703,1,3,4,2.6666666666666665,Other
CUST-009676,1,212.44296023867616,144,4,3,5,4.0,Potential Loyalists
CUST-009677,1,33.184966341504705,129,4,3,2,3.0,Other
CUST-009678,2,7649.70019055253,49,5,5,5,5.0,Champions
CUST-009679,2,248.4302373482896,378,2,5,5,4.0,Other
CUST-009680,1,7.235056670525918,563,1,3,1,1.6666666666666667,Other
CUST-009682,1,25.7656619768444,451,2,3,2,2.3333333333333335,Other
CUST-009683,1,2.090375227463243,523,1,3,1,1.6666666666666667,Other
CUST-009684,1,46.918176654069256,686,1,3,3,2.3333333333333335,Other
CUST-009685,1,6.588948819369735,229,3,3,1,2.3333333333333335,Other
CUST-009686,3,10743.646967437415,353,3,5,5,4.333333333333333,Potential Loyalists
CUST-009687,2,332.53100852992765,62,5,5,5,5.0,Champions
CUST-009688,2,100.35328922123993,274,3,5,4,4.0,Potential Loyalists
CUST-009689,1,51.00280693820967,72,5,3,3,3.6666666666666665,Potential Loyalists
CUST-009690,2,99.12697600632967,240,3,5,4,4.0,Potential Loyalists
CUST-009691,1,83.19452711766432,94,5,3,4,4.0,Potential Loyalists
CUST-009692,1,11.595008035970306,219,4,3,1,2.6666666666666665,Other
CUST-009693,3,84.43729243801074,65,5,5,4,4.666666666666667,Champions
CUST-009694,1,38.24213738562219,623,1,3,2,2.0,Other
CUST-009695,1,211.00683090218777,541,1,3,5,3.0,Other
CUST-009696,1,23.485500452105036,539,1,3,2,2.0,Other
CUST-009698,1,152.29979141523967,391,2,3,4,3.0,Other
CUST-009699,1,252.58933544314723,620,1,3,5,3.0,Other
CUST-009700,1,26.91420982646226,127,4,3,2,3.0,Other
CUST-009701,2,113.54500700316517,54,5,5,4,4.666666666666667,Champions
CUST-009702,1,356.29731036970367,568,1,3,5,3.0,Other
CUST-009703,2,38.36838228763326,103,5,5,2,4.0,Other
CUST-009704,1,69.80612450795778,112,4,3,3,3.3333333333333335,Potential Loyalists
CUST-009705,1,35.5407864825066,578,1,3,2,2.0,Other
CUST-009706,1,64.97991503603357,111,4,3,3,3.3333333333333335,Potential Loyalists
CUST-009707,1,10.099381649085853,610,1,3,1,1.6666666666666667,Other
CUST-009708,1,3.1649967555537937,511,2,3,1,2.0,Other
CUST-009709,2,54.69818405906233,14,5,5,3,4.333333333333333,Potential Loyalists
CUST-009710,1,174.00801823989738,279,3,3,5,3.6666666666666665,Potential Loyalists
CUST-009711,2,21.688032833620696,144,4,5,2,3.6666666666666665,Other
CUST-009712,1,9.418581182631392,612,1,3,1,1.6666666666666667,Other
CUST-009713,2,21.76454783720384,667,1,5,2,2.6666666666666665,Other
CUST-009714,1,69.58016387490134,175,4,3,3,3.3333333333333335,Potential Loyalists
CUST-009715,2,218.91266509671993,189,4,5,5,4.666666666666667,Champions
CUST-009716,2,68.71684797369532,512,2,5,3,3.3333333333333335,Other
CUST-009717,1,16.127948481135522,108,4,3,1,2.6666666666666665,Other
CUST-009718,1,4.205416890670661,1,5,3,1,3.0,Other
CUST-009719,2,58.63641201112045,188,4,5,3,4.0,Potential Loyalists
CUST-009720,2,16.117236593251214,173,4,5,1,3.3333333333333335,Other
CUST-009721,1,3.833813903399846,580,1,3,1,1.6666666666666667,Other
CUST-009722,2,83.99594497827263,173,4,5,4,4.333333333333333,Champions
CUST-009723,1,71.82939435353008,153,4,3,3,3.3333333333333335,Potential Loyalists
CUST-009724,1,46.53380509117702,173,4,3,3,3.3333333333333335,Potential Loyalists
CUST-009725,1,461.2842442859619,3,5,3,5,4.333333333333333,Potential Loyalists
CUST-009727,2,114.55366121358655,198,4,5,4,4.333333333333333,Champions
CUST-009728,1,189.2558068202201,111,4,3,5,4.0,Potential Loyalists
CUST-009729,1,40.13089478523336,548,1,3,2,2.0,Other
CUST-009730,2,67.01548046128637,411,2,5,3,3.3333333333333335,Other
CUST-009731,1,14.177677788408552,438,2,3,1,2.0,Other
CUST-009732,1,0.8463259253868369,139,4,3,1,2.6666666666666665,Other
CUST-009733,3,141.78077329139052,376,2,5,4,3.6666666666666665,Other
CUST-009734,1,90.86338639612538,58,5,3,4,4.0,Potential Loyalists
CUST-009735,1,43.68380344677902,459,2,3,3,2.6666666666666665,Other
CUST-009736,1,96.35174098901588,353,3,3,4,3.3333333333333335,Potential Loyalists
CUST-009737,1,38.374715166773385,536,1,3,2,2.0,Other
CUST-009738,1,7.195826281641051,515,2,3,1,2.0,Other
CUST-009739,3,101.86554890864059,253,3,5,4,4.0,Potential Loyalists
CUST-009740,3,160.73024030042615,182,4,5,5,4.666666666666667,Champions
CUST-009741,1,11.807292661310992,208,4,3,1,2.6666666666666665,Other
CUST-009742,2,29.853141379524562,218,4,5,2,3.6666666666666665,Other
CUST-009743,1,43.22415634207032,220,3,3,3,3.0,Potential Loyalists
CUST-009744,1,150.7392246528884,485,2,3,4,3.0,Other
CUST-009745,2,99.2352523202184,184,4,5,4,4.333333333333333,Champions
CUST-009746,1,23.59711398169638,359,2,3,2,2.3333333333333335,Other
CUST-009747,1,136.14402898859953,326,3,3,4,3.3333333333333335,Potential Loyalists
CUST-009748,1,76.21168450389156,539,1,3,3,2.3333333333333335,Other
CUST-009749,2,30.001516322458272,118,4,5,2,3.6666666666666665,Other
CUST-009750,1,160.78011359400864,158,4,3,5,4.0,Potential Loyalists
CUST-009751,1,10.191865518132898,54,5,3,1,3.0,Other
CUST-009752,1,2.0113316532662324,273,3,3,1,2.3333333333333335,Other
CUST-009753,3,54.0046879197439,187,4,5,3,4.0,Potential Loyalists
CUST-009754,1,35.8723930054666,131,4,3,2,3.0,Other
CUST-009755,1,59.12561721912643,27,5,3,3,3.6666666666666665,Potential Loyalists
CUST-009756,1,91.32023502088336,670,1,3,4,2.6666666666666665,Other
CUST-009757,2,56.53881273581572,210,4,5,3,4.0,Potential Loyalists
CUST-009758,1,11.303975514426442,463,2,3,1,2.0,Other
CUST-009760,4,299.2300783323458,168,4,5,5,4.666666666666667,Champions
CUST-009761,2,214.51151093399343,167,4,5,5,4.666666666666667,Champions
CUST-009762,1,13.84619745966519,423,2,3,1,2.0,Other
CUST-009763,3,239.83801676217922,221,3,5,5,4.333333333333333,Potential Loyalists
CUST-009764,2,227.80271801023633,4,5,5,5,5.0,Champions
CUST-009765,2,5334.6830949655105,273,3,5,5,4.333333333333333,Potential Loyalists
CUST-009766,6,200.79713799086807,243,3,5,5,4.333333333333333,Potential Loyalists
CUST-009767,3,133.06742367228009,191,4,5,4,4.333333333333333,Champions
CUST-009768,1,23.727041711705336,264,3,3,2,2.6666666666666665,Other
CUST-009769,2,76.0322614242689,223,3,5,3,3.6666666666666665,Potential Loyalists
CUST-009770,2,55.971918296075245,76,5,5,3,4.333333333333333,Potential Loyalists
CUST-009772,1,16.829721547242077,57,5,3,1,3.0,Other
CUST-009773,2,448.70671308472083,573,1,5,5,3.6666666666666665,Other
CUST-009774,1,123.90314036181282,366,2,3,4,3.0,Other
CUST-009775,1,66.6017019264371,182,4,3,3,3.3333333333333335,Potential Loyalists
CUST-009776,1,114.49828822128543,305,3,3,4,3.3333333333333335,Potential Loyalists
CUST-009777,2,50.588625657933775,51,5,5,3,4.333333333333333,Potential Loyalists
CUST-009778,3,145.0662240031241,200,4,5,4,4.333333333333333,Champions
CUST-009779,1,13.507607575889743,553,1,3,1,1.6666666666666667,Other
CUST-009780,2,39.95926472234617,212,4,5,2,3.6666666666666665,Other
CUST-009781,1,107.1541824381794,449,2,3,4,3.0,Other
CUST-009782,1,67.47908233845884,338,3,3,3,3.0,Potential Loyalists
CUST-009783,2,96.4518556530242,460,2,5,4,3.6666666666666665,Other
CUST-009784,3,349.70486268962105,12,5,5,5,5.0,Champions
CUST-009785,2,101.54511904377901,184,4,5,4,4.333333333333333,Champions
CUST-009786,1,17.583053383300985,511,2,3,1,2.0,Other
CUST-009787,2,101.17968900042491,576,1,5,4,3.3333333333333335,Other
CUST-009788,1,23.032882755771837,686,1,3,2,2.0,Other
CUST-009789,3,115.72968138092754,517,2,5,4,3.6666666666666665,Other
CUST-009790,2,18.825330903846748,379,2,5,2,3.0,Other
CUST-009791,1,44.36717562508339,295,3,3,3,3.0,Potential Loyalists
CUST-009792,1,169.10034223091185,719,1,3,5,3.0,Other
CUST-009793,1,58.8037347462985,52,5,3,3,3.6666666666666665,Potential Loyalists
CUST-009794,3,198.93547930185338,3,5,5,5,5.0,Champions
CUST-009795,2,54.19043146894188,603,1,5,3,3.0,Other
CUST-009796,2,52.8533889595698,476,2,5,3,3.3333333333333335,Other
CUST-009797,1,5.787359115235275,183,4,3,1,2.6666666666666665,Other
CUST-009798,2,231.69727657628522,621,1,5,5,3.6666666666666665,Other
CUST-009799,1,28.89631012057134,19,5,3,2,3.3333333333333335,Other
CUST-009800,1,38.29436326367834,322,3,3,2,2.6666666666666665,Other
CUST-009801,1,4.460706875917443,326,3,3,1,2.3333333333333335,Other
CUST-009802,1,15.255412142435764,717,1,3,1,1.6666666666666667,Other
CUST-009803,3,119.97026125573544,59,5,5,4,4.666666666666667,Champions
CUST-009804,2,82.64802458325016,515,2,5,4,3.6666666666666665,Other
CUST-009805,1,45.51931796254503,504,2,3,3,2.6666666666666665,Other
CUST-009806,2,288.2130991464811,446,2,5,5,4.0,Other
CUST-009807,1,50.266925901952,351,3,3,3,3.0,Potential Loyalists
CUST-009808,1,126.76364542389376,157,4,3,4,3.6666666666666665,Potential Loyalists
CUST-009809,1,19.095956643202463,628,1,3,2,2.0,Other
CUST-009810,1,18.440805394242663,564,1,3,1,1.6666666666666667,Other
CUST-009811,1,129.44802260153452,672,1,3,4,2.6666666666666665,Other
CUST-009812,1,124.12501761413144,386,2,3,4,3.0,Other
CUST-009813,1,12303.198900003605,97,5,3,5,4.333333333333333,Potential Loyalists
CUST-009814,2,24.95863996131851,39,5,5,2,4.0,Other
CUST-009815,1,41.283378908823394,521,1,3,2,2.0,Other
CUST-009816,1,38.8434210578277,299,3,3,2,2.6666666666666665,Other
CUST-009817,2,37.86861387930277,0,5,5,2,4.0,Other
CUST-009818,3,6765.721776567165,1,5,5,5,5.0,Champions
CUST-009819,1,19.340684018242207,511,2,3,2,2.3333333333333335,Other
CUST-009822,3,14364.08097628693,125,4,5,5,4.666666666666667,Champions
CUST-009823,2,98.97678796937254,186,4,5,4,4.333333333333333,Champions
CUST-009824,1,41.25136207090684,564,1,3,2,2.0,Other
CUST-009825,1,6.298112609658254,378,2,3,1,2.0,Other
CUST-009826,1,3.672890286155969,708,1,3,1,1.6666666666666667,Other
CUST-009827,1,7.570913890026329,57,5,3,1,3.0,Other
CUST-009828,2,260.5189400597881,109,4,5,5,4.666666666666667,Champions
CUST-009829,3,357.12080181028045,24,5,5,5,5.0,Champions
CUST-009830,2,118.44706387859166,436,2,5,4,3.6666666666666665,Other
CUST-009831,1,43.75874270329305,95,5,3,3,3.6666666666666665,Potential Loyalists
CUST-009832,2,32.92394379465798,343,3,5,2,3.3333333333333335,Other
CUST-009833,2,242.0759599594462,22,5,5,5,5.0,Champions
CUST-009834,2,134.10258806097698,640,1,5,4,3.3333333333333335,Other
CUST-009835,1,24.61828875605348,531,1,3,2,2.0,Other
CUST-009836,1,83.25470174718804,667,1,3,4,2.6666666666666665,Other
CUST-009837,2,199.64279658448555,55,5,5,5,5.0,Champions
CUST-009838,1,12.35258958050048,334,3,3,1,2.3333333333333335,Other
CUST-009839,1,22.15125249477513,692,1,3,2,2.0,Other
CUST-009840,1,32.180742180904105,349,3,3,2,2.6666666666666665,Other
CUST-009841,1,20.994703329014932,640,1,3,2,2.0,Other
CUST-009842,1,127.30422463036037,469,2,3,4,3.0,Other
CUST-009843,1,45.00575564964038,38,5,3,3,3.6666666666666665,Potential Loyalists
CUST-009844,1,192.39368309693165,1,5,3,5,4.333333333333333,Potential Loyalists
CUST-009845,1,66.25706752591135,32,5,3,3,3.6666666666666665,Potential Loyalists
CUST-009846,1,49.07398355675804,597,1,3,3,2.3333333333333335,Other
CUST-009847,2,315.48406733180195,127,4,5,5,4.666666666666667,Champions
CUST-009848,2,10.93539227436633,135,4,5,1,3.3333333333333335,Other
CUST-009850,1,217.9685438102532,99,5,3,5,4.333333333333333,Potential Loyalists
CUST-009851,1,62.27464155333892,240,3,3,3,3.0,Potential Loyalists
CUST-009852,1,14.977785536158812,222,3,3,1,2.3333333333333335,Other
CUST-009853,2,88.5336451162506,268,3,5,4,4.0,Potential Loyalists
CUST-009855,1,46.53324524798345,646,1,3,3,2.3333333333333335,Other
CUST-009856,1,4.976821740324264,623,1,3,1,1.6666666666666667,Other
CUST-009857,1,144.37341290556918,3,5,3,4,4.0,Potential Loyalists
CUST-009858,1,25.56819547612129,254,3,3,2,2.6666666666666665,Other
CUST-009859,1,5.162015365586293,290,3,3,1,2.3333333333333335,Other
CUST-009860,1,2.14139085677054,394,2,3,1,2.0,Other
CUST-009861,2,13182.251607710778,35,5,5,5,5.0,Champions
CUST-009862,1,589.7985274853056,525,1,3,5,3.0,Other
CUST-009863,1,22.10045628670365,393,2,3,2,2.3333333333333335,Other
CUST-009864,1,20.31900680166207,615,1,3,2,2.0,Other
CUST-009865,1,77.60318640774899,404,2,3,3,2.6666666666666665,Other
CUST-009866,4,186.71833481352496,12,5,5,5,5.0,Champions
CUST-009867,2,17.90827804520548,125,4,5,1,3.3333333333333335,Other
CUST-009868,2,67.64946080353987,44,5,5,3,4.333333333333333,Potential Loyalists
CUST-009869,1,2.8355202726596045,502,2,3,1,2.0,Other
CUST-009870,1,46.02633487080133,514,2,3,3,2.6666666666666665,Other
CUST-009871,1,66.42742988102086,335,3,3,3,3.0,Potential Loyalists
CUST-009872,1,30.7890288090236,224,3,3,2,2.6666666666666665,Other
CUST-009873,2,159.0893902610763,17,5,5,4,4.666666666666667,Champions
CUST-009874,2,321.5665943270707,80,5,5,5,5.0,Champions
CUST-009875,3,279.24785186357565,334,3,5,5,4.333333333333333,Potential Loyalists
CUST-009876,1,7.819535624546819,188,4,3,1,2.6666666666666665,Other
CUST-009877,1,75.16250900936608,368,2,3,3,2.6666666666666665,Other
CUST-009878,1,133.5469638358164,85,5,3,4,4.0,Potential Loyalists
CUST-009879,2,48.392478739150526,501,2,5,3,3.3333333333333335,Other
CUST-009880,2,106.49711506743495,49,5,5,4,4.666666666666667,Champions
CUST-009881,1,9.284056203168172,213,4,3,1,2.6666666666666665,Other
CUST-009882,1,36.17117362113611,105,5,3,2,3.3333333333333335,Other
CUST-009883,2,51.05928215512384,217,4,5,3,4.0,Potential Loyalists
CUST-009884,1,36.193587061087285,556,1,3,2,2.0,Other
CUST-009885,2,132.86758169313077,327,3,5,4,4.0,Potential Loyalists
CUST-009886,1,18.034279206575633,232,3,3,1,2.3333333333333335,Other
CUST-009887,2,84.5734234771092,44,5,5,4,4.666666666666667,Champions
CUST-009888,1,52.03047983458929,664,1,3,3,2.3333333333333335,Other
CUST-009889,2,74.58612761403403,109,4,5,3,4.0,Potential Loyalists
CUST-009890,2,311.7867899196076,552,1,5,5,3.6666666666666665,Other
CUST-009891,3,50.003502481097016,456,2,5,3,3.3333333333333335,Other
CUST-009892,1,80.34657492448206,622,1,3,4,2.6666666666666665,Other
CUST-009893,1,9.090151697392818,195,4,3,1,2.6666666666666665,Other
CUST-009894,1,2.182153235711407,414,2,3,1,2.0,Other
CUST-009895,1,42.63025424845078,307,3,3,3,3.0,Potential Loyalists
CUST-009896,1,22.16868375416675,400,2,3,2,2.3333333333333335,Other
CUST-009897,1,84.3627807514856,305,3,3,4,3.3333333333333335,Potential Loyalists
CUST-009898,2,184.409140446527,268,3,5,5,4.333333333333333,Potential Loyalists
CUST-009899,2,162.18407625071703,437,2,5,5,4.0,Other
CUST-009900,1,306.95490381273055,379,2,3,5,3.3333333333333335,Other
CUST-009901,4,100.90966380194888,1,5,5,4,4.666666666666667,Champions
CUST-009902,1,42.602199639076886,254,3,3,3,3.0,Potential Loyalists
CUST-009903,1,20.44721951990873,619,1,3,2,2.0,Other
CUST-009904,3,238.47016353205194,33,5,5,5,5.0,Champions
CUST-009905,1,52.94316617208205,614,1,3,3,2.3333333333333335,Other
CUST-009906,2,53.67645334011941,91,5,5,3,4.333333333333333,Potential Loyalists
CUST-009907,1,27.64830673879096,430,2,3,2,2.3333333333333335,Other
CUST-009908,2,87.76739559037873,173,4,5,4,4.333333333333333,Champions
CUST-009909,3,140.6269384491227,318,3,5,4,4.0,Potential Loyalists
CUST-009910,2,198.09776960912424,242,3,5,5,4.333333333333333,Potential Loyalists
CUST-009911,1,22.92838295347891,105,5,3,2,3.3333333333333335,Other
CUST-009912,3,40.916849976120304,212,4,5,2,3.6666666666666665,Other
CUST-009913,1,145.20698730982662,234,3,3,4,3.3333333333333335,Potential Loyalists
CUST-009914,1,31.248632452835825,442,2,3,2,2.3333333333333335,Other
CUST-009915,1,32.46490606338448,410,2,3,2,2.3333333333333335,Other
CUST-009916,2,51.12498842147781,126,4,5,3,4.0,Potential Loyalists
CUST-009917,2,79.35365042837513,81,5,5,3,4.333333333333333,Potential Loyalists
CUST-009918,2,194.8993407381925,160,4,5,5,4.666666666666667,Champions
CUST-009919,1,26.932957113781267,364,2,3,2,2.3333333333333335,Other
CUST-009920,1,19.57891530276375,331,3,3,2,2.6666666666666665,Other
CUST-009921,1,15.703351903867542,170,4,3,1,2.6666666666666665,Other
CUST-009922,1,104.76046889239537,57,5,3,4,4.0,Potential Loyalists
CUST-009923,1,13.185478012293672,451,2,3,1,2.0,Other
CUST-009924,1,91.99588770899804,445,2,3,4,3.0,Other
CUST-009925,1,45.90977681497149,202,4,3,3,3.3333333333333335,Potential Loyalists
CUST-009926,2,219.55547814677155,61,5,5,5,5.0,Champions
CUST-009927,1,12.498792613537178,382,2,3,1,2.0,Other
CUST-009928,2,76.13499599345253,519,2,5,3,3.3333333333333335,Other
CUST-009929,2,160.6409657890007,242,3,5,5,4.333333333333333,Potential Loyalists
CUST-009930,1,34.24529535373367,473,2,3,2,2.3333333333333335,Other
CUST-009931,1,125.94318753409122,264,3,3,4,3.3333333333333335,Potential Loyalists
CUST-009932,1,264.39290729801206,711,1,3,5,3.0,Other
CUST-009933,1,148.87253138354257,201,4,3,4,3.6666666666666665,Potential Loyalists
CUST-009935,1,15.98330017222177,384,2,3,1,2.0,Other
CUST-009936,1,21.22908193090808,696,1,3,2,2.0,Other
CUST-009937,1,6.063072295274536,400,2,3,1,2.0,Other
CUST-009938,1,17.683948953231017,197,4,3,1,2.6666666666666665,Other
CUST-009939,1,234.71903627463269,701,1,3,5,3.0,Other
CUST-009940,1,11.17476346137213,249,3,3,1,2.3333333333333335,Other
CUST-009941,2,88.13349472101017,144,4,5,4,4.333333333333333,Champions
CUST-009942,1,158.5001012825478,407,2,3,4,3.0,Other
CUST-009943,1,224.8085703055027,36,5,3,5,4.333333333333333,Potential Loyalists
CUST-009944,2,139.12592731956138,597,1,5,4,3.3333333333333335,Other
CUST-009945,2,144.26326943523776,334,3,5,4,4.0,Potential Loyalists
CUST-009946,2,136.72498777655767,157,4,5,4,4.333333333333333,Champions
CUST-009947,1,26.752466364735405,161,4,3,2,3.0,Other
CUST-009948,1,29.263801307561636,424,2,3,2,2.3333333333333335,Other
CUST-009949,1,3.1761232356498703,541,1,3,1,1.6666666666666667,Other
CUST-009950,3,30.365454115823287,193,4,5,2,3.6666666666666665,Other
CUST-009951,1,16.200560933680052,715,1,3,1,1.6666666666666667,Other
CUST-009952,2,13330.73970317284,379,2,5,5,4.0,Other
CUST-009953,1,28.12159249465391,588,1,3,2,2.0,Other
CUST-009954,1,7.834845542230005,719,1,3,1,1.6666666666666667,Other
CUST-009955,1,12.453740396853036,551,1,3,1,1.6666666666666667,Other
CUST-009956,1,73.75781994720174,423,2,3,3,2.6666666666666665,Other
CUST-009957,2,14.61668798824238,305,3,5,1,3.0,Other
CUST-009958,1,182.07730530548633,635,1,3,5,3.0,Other
CUST-009959,2,44.81384473976678,110,4,5,3,4.0,Potential Loyalists
CUST-009960,2,130.3824774442477,221,3,5,4,4.0,Potential Loyalists
CUST-009961,1,7.893776063173796,388,2,3,1,2.0,Other
CUST-009962,2,41.54726575744688,490,2,5,3,3.3333333333333335,Other
CUST-009963,1,65.14775627098652,170,4,3,3,3.3333333333333335,Potential Loyalists
CUST-009964,1,37.525597947415626,45,5,3,2,3.3333333333333335,Other
CUST-009965,1,71.39185928678714,207,4,3,3,3.3333333333333335,Potential Loyalists
CUST-009966,1,7.422546340663286,171,4,3,1,2.6666666666666665,Other
CUST-009967,1,96.5554192161534,398,2,3,4,3.0,Other
CUST-009968,1,6.602867693731883,687,1,3,1,1.6666666666666667,Other
CUST-009969,3,136.51589476574878,275,3,5,4,4.0,Potential Loyalists
CUST-009970,1,30.102192160434456,407,2,3,2,2.3333333333333335,Other
CUST-009971,1,169.50387975537635,581,1,3,5,3.0,Other
CUST-009972,1,35.64534339944935,159,4,3,2,3.0,Other
CUST-009973,1,0.4240743112564662,439,2,3,1,2.0,Other
CUST-009974,2,65.62957600849525,103,5,5,3,4.333333333333333,Potential Loyalists
CUST-009975,2,476.0098665737172,648,1,5,5,3.6666666666666665,Other
CUST-009977,1,37.02310479335318,119,4,3,2,3.0,Other
CUST-009978,2,85.35083564058753,156,4,5,4,4.333333333333333,Champions
CUST-009979,1,59.93954481940587,195,4,3,3,3.3333333333333335,Potential Loyalists
CUST-009980,1,13.884192271950608,514,2,3,1,2.0,Other
CUST-009981,1,25.018398612858125,429,2,3,2,2.3333333333333335,Other
CUST-009982,1,21.799510111271825,157,4,3,2,3.0,Other
CUST-009983,1,38.24157683716086,447,2,3,2,2.3333333333333335,Other
CUST-009984,1,8.510220463508096,697,1,3,1,1.6666666666666667,Other
CUST-009985,3,217.73963054867414,339,3,5,5,4.333333333333333,Potential Loyalists
CUST-009986,1,18.56038491440467,638,1,3,1,1.6666666666666667,Other
CUST-009987,1,61.52088874516493,302,3,3,3,3.0,Potential Loyalists
CUST-009988,1,27.631785754827263,550,1,3,2,2.0,Other
CUST-009989,1,341.5954433422984,463,2,3,5,3.3333333333333335,Other
CUST-009990,2,36.08067647273498,50,5,5,2,4.0,Other
CUST-009991,1,242.25494203506904,359,2,3,5,3.3333333333333335,Other
CUST-009992,2,94.31453591410833,125,4,5,4,4.333333333333333,Champions
CUST-009993,1,7.932092484406928,352,3,3,1,2.3333333333333335,Other
CUST-009994,2,127.05745607361013,75,5,5,4,4.666666666666667,Champions
CUST-009995,1,53.30993068476782,63,5,3,3,3.6666666666666665,Potential Loyalists
CUST-009996,1,22.42808513849676,701,1,3,2,2.0,Other
CUST-009997,2,118.10901875840526,539,1,5,4,3.3333333333333335,Other
CUST-009998,1,148.6322200131462,494,2,3,4,3.0,Other
CUST-009999,2,65.73202462951129,2,5,5,3,4.333333333333333,Potential Loyalists
CUST-010000,1,12.089519635576996,353,3,3,1,2.3333333333333335,Other
CUST-010001,1,17.212000174739217,709,1,3,1,1.6666666666666667,Other
CUST-010002,2,11139.744070395229,359,2,5,5,4.0,Other
CUST-010003,2,148.60927589819747,201,4,5,4,4.333333333333333,Champions
CUST-010005,2,141.08948018519192,145,4,5,4,4.333333333333333,Champions
CUST-010006,1,200.10747100509585,146,4,3,5,4.0,Potential Loyalists
CUST-010007,3,414.3634017470853,327,3,5,5,4.333333333333333,Potential Loyalists
CUST-010008,1,100.24505949026032,390,2,3,4,3.0,Other
CUST-010009,1,37.70086662058835,716,1,3,2,2.0,Other
CUST-010010,1,83.49941135656059,549,1,3,4,2.6666666666666665,Other
CUST-010011,1,392.9571806169829,188,4,3,5,4.0,Potential Loyalists
CUST-010012,2,86.7816292199764,230,3,5,4,4.0,Potential Loyalists
CUST-010013,1,440.23217116557606,353,3,3,5,3.6666666666666665,Potential Loyalists
CUST-010014,2,17.675449793537666,100,5,5,1,3.6666666666666665,Other
CUST-010015,2,139.96199730054934,113,4,5,4,4.333333333333333,Champions
CUST-010016,2,98.28839120819582,126,4,5,4,4.333333333333333,Champions
CUST-010017,3,775.6967323818576,43,5,5,5,5.0,Champions
CUST-010018,1,3.944011981443161,107,4,3,1,2.6666666666666665,Other
CUST-010019,1,56.09453495778335,569,1,3,3,2.3333333333333335,Other
CUST-010020,2,6780.800375883798,167,4,5,5,4.666666666666667,Champions
CUST-010021,2,56.171736153764975,248,3,5,3,3.6666666666666665,Potential Loyalists
CUST-010022,1,35.119131162378906,167,4,3,2,3.0,Other
CUST-010023,2,73.92633198271149,205,4,5,3,4.0,Potential Loyalists
CUST-010024,1,12.775800857641562,718,1,3,1,1.6666666666666667,Other
CUST-010025,1,27.342738179438893,616,1,3,2,2.0,Other
CUST-010026,1,55.29168660645473,273,3,3,3,3.0,Potential Loyalists
CUST-010027,2,34.51228726347193,98,5,5,2,4.0,Other
CUST-010028,1,134.37003594754773,704,1,3,4,2.6666666666666665,Other
CUST-010029,2,74.39903666203762,317,3,5,3,3.6666666666666665,Potential Loyalists
CUST-010030,1,28.30826630091003,508,2,3,2,2.3333333333333335,Other
CUST-010031,2,72.6421664766361,376,2,5,3,3.3333333333333335,Other
CUST-010032,1,6876.474529645225,407,2,3,5,3.3333333333333335,Other
CUST-010033,1,4.831394362988708,433,2,3,1,2.0,Other
CUST-010034,2,486.2226171283295,589,1,5,5,3.6666666666666665,Other
CUST-010035,1,25.413531657351353,470,2,3,2,2.3333333333333335,Other
CUST-010036,1,108.84625616520589,53,5,3,4,4.0,Potential Loyalists
CUST-010037,1,57.22425088291564,306,3,3,3,3.0,Potential Loyalists
CUST-010038,3,60.98581078134692,76,5,5,3,4.333333333333333,Potential Loyalists
CUST-010039,1,46.39267120688418,87,5,3,3,3.6666666666666665,Potential Loyalists
CUST-010040,3,167.5847954499373,187,4,5,5,4.666666666666667,Champions
CUST-010041,2,93.24043618060466,553,1,5,4,3.3333333333333335,Other
CUST-010042,1,8.735760941669662,582,1,3,1,1.6666666666666667,Other
CUST-010043,1,47.81966275967275,651,1,3,3,2.3333333333333335,Other
CUST-010044,1,60.978025121126215,386,2,3,3,2.6666666666666665,Other
CUST-010045,1,45.69623918296383,458,2,3,3,2.6666666666666665,Other
CUST-010046,2,128.9835373171166,29,5,5,4,4.666666666666667,Champions
CUST-010047,1,221.027562732304,391,2,3,5,3.3333333333333335,Other
CUST-010048,3,136.94538920380393,26,5,5,4,4.666666666666667,Champions
CUST-010049,2,353.92435240223426,149,4,5,5,4.666666666666667,Champions
CUST-010050,2,95.63410002549833,214,4,5,4,4.333333333333333,Champions
CUST-010052,1,11.87422790957773,402,2,3,1,2.0,Other
CUST-010053,1,54.59324951248989,635,1,3,3,2.3333333333333335,Other
CUST-010054,1,5.6498182870759095,50,5,3,1,3.0,Other
CUST-010056,3,145.90675291750773,71,5,5,4,4.666666666666667,Champions
CUST-010057,1,94.47398381496092,93,5,3,4,4.0,Potential Loyalists
CUST-010058,1,148.9096058117585,592,1,3,4,2.6666666666666665,Other
CUST-010059,2,72.18445741431269,151,4,5,3,4.0,Potential Loyalists
CUST-010060,1,2.619290030486196,175,4,3,1,2.6666666666666665,Other
CUST-010061,2,72.15497665118122,67,5,5,3,4.333333333333333,Potential Loyalists
CUST-010062,2,217.04200815551036,302,3,5,5,4.333333333333333,Potential Loyalists
CUST-010063,1,579.1572177990856,169,4,3,5,4.0,Potential Loyalists
CUST-010064,1,70.54730223169028,300,3,3,3,3.0,Potential Loyalists
CUST-010065,2,46.43733019675325,28,5,5,3,4.333333333333333,Potential Loyalists
CUST-010066,1,81.3565834165015,719,1,3,4,2.6666666666666665,Other
CUST-010067,2,36.10891805032646,653,1,5,2,2.6666666666666665,Other
CUST-010068,1,357.595179083189,290,3,3,5,3.6666666666666665,Potential Loyalists
CUST-010069,2,198.90640811629603,321,3,5,5,4.333333333333333,Potential Loyalists
CUST-010070,1,226.5733262688171,227,3,3,5,3.6666666666666665,Potential Loyalists
CUST-010071,3,66.71502071130027,89,5,5,3,4.333333333333333,Potential Loyalists
CUST-010072,1,14.308875555618474,549,1,3,1,1.6666666666666667,Other
CUST-010073,1,69.16770078923469,59,5,3,3,3.6666666666666665,Potential Loyalists
CUST-010074,2,82.25190174140653,180,4,5,4,4.333333333333333,Champions
CUST-010075,1,10.90324135405257,281,3,3,1,2.3333333333333335,Other
CUST-010076,1,46.61382990498535,144,4,3,3,3.3333333333333335,Potential Loyalists
CUST-010077,2,6968.94636648927,24,5,5,5,5.0,Champions
CUST-010078,2,92.36240174608912,481,2,5,4,3.6666666666666665,Other
CUST-010079,1,23.93310317484082,518,2,3,2,2.3333333333333335,Other
CUST-010080,2,241.999161996182,241,3,5,5,4.333333333333333,Potential Loyalists
CUST-010081,1,19.093353435196317,408,2,3,2,2.3333333333333335,Other
CUST-010082,2,358.05637060265434,237,3,5,5,4.333333333333333,Potential Loyalists
CUST-010083,2,135.9822318027312,273,3,5,4,4.0,Potential Loyalists
CUST-010084,1,30.25065337811407,578,1,3,2,2.0,Other
CUST-010085,1,23.32521965178308,575,1,3,2,2.0,Other
CUST-010086,1,179.60648201452022,662,1,3,5,3.0,Other
CUST-010087,1,33.38003864005631,151,4,3,2,3.0,Other
CUST-010088,1,208.9166834776734,449,2,3,5,3.3333333333333335,Other
CUST-010089,2,70.6035589438734,300,3,5,3,3.6666666666666665,Potential Loyalists
CUST-010090,1,314.6208456442687,456,2,3,5,3.3333333333333335,Other
CUST-010091,1,3.939554418902925,650,1,3,1,1.6666666666666667,Other
CUST-010092,2,473.0164925862987,98,5,5,5,5.0,Champions
CUST-010093,1,126.42303982529484,228,3,3,4,3.3333333333333335,Potential Loyalists
CUST-010094,2,134.78725566743492,93,5,5,4,4.666666666666667,Champions
CUST-010095,2,36.22283612267459,249,3,5,2,3.3333333333333335,Other
CUST-010096,1,22.320589931859903,357,3,3,2,2.6666666666666665,Other
CUST-010097,2,302.75823705757665,28,5,5,5,5.0,Champions
CUST-010098,1,64.38067912998342,714,1,3,3,2.3333333333333335,Other
CUST-010099,1,2.389831273546272,647,1,3,1,1.6666666666666667,Other
CUST-010100,1,68.62615087011407,574,1,3,3,2.3333333333333335,Other
CUST-010101,1,90.45938910405604,229,3,3,4,3.3333333333333335,Potential Loyalists
CUST-010102,1,42.22643896246938,451,2,3,3,2.6666666666666665,Other
CUST-010103,2,71.96898721495786,64,5,5,3,4.333333333333333,Potential Loyalists
CUST-010104,2,58.090326579933254,381,2,5,3,3.3333333333333335,Other
CUST-010105,1,25.118196737090035,174,4,3,2,3.0,Other
CUST-010106,2,26.65948472384703,481,2,5,2,3.0,Other
CUST-010107,3,58.70370140596381,149,4,5,3,4.0,Potential Loyalists
CUST-010108,1,14.24382439490962,450,2,3,1,2.0,Other
CUST-010109,1,137.073780895648,478,2,3,4,3.0,Other
CUST-010110,1,69.16973938508704,219,4,3,3,3.3333333333333335,Potential Loyalists
CUST-010111,1,142.48784119410357,361,2,3,4,3.0,Other
CUST-010112,1,31.484759469304187,522,1,3,2,2.0,Other
CUST-010113,2,10.655004212696008,576,1,5,1,2.3333333333333335,Other
CUST-010114,1,90.13820417243888,437,2,3,4,3.0,Other
CUST-010115,1,20.55410836610872,8,5,3,2,3.3333333333333335,Other
CUST-010116,1,58.151777262965425,23,5,3,3,3.6666666666666665,Potential Loyalists
CUST-010117,2,269.02187171525986,105,5,5,5,5.0,Champions
CUST-010118,1,13.87168309307083,612,1,3,1,1.6666666666666667,Other
CUST-010119,1,59.0629024271878,582,1,3,3,2.3333333333333335,Other
CUST-010120,1,9.509604323046728,395,2,3,1,2.0,Other
CUST-010121,1,64.37021854008374,366,2,3,3,2.6666666666666665,Other
CUST-010122,1,126.31742253602016,274,3,3,4,3.3333333333333335,Potential Loyalists
CUST-010123,1,54.00190770360986,127,4,3,3,3.3333333333333335,Potential Loyalists
CUST-010124,4,91.87570546625578,203,4,5,4,4.333333333333333,Champions
CUST-010125,1,11.389814092448002,227,3,3,1,2.3333333333333335,Other
CUST-010126,1,159.5008813616759,691,1,3,4,2.6666666666666665,Other
CUST-010127,1,4.849177322765542,38,5,3,1,3.0,Other
CUST-010128,1,1.633310205963305,225,3,3,1,2.3333333333333335,Other
CUST-010129,2,66.69556773684542,352,3,5,3,3.6666666666666665,Potential Loyalists
CUST-010130,1,14.534331481041178,528,1,3,1,1.6666666666666667,Other
CUST-010131,2,352.1120127842156,212,4,5,5,4.666666666666667,Champions
CUST-010132,2,43.56707440365914,400,2,5,3,3.3333333333333335,Other
CUST-010133,1,7084.860070403935,631,1,3,5,3.0,Other
CUST-010134,1,31.295613705695455,181,4,3,2,3.0,Other
CUST-010135,1,32.678042482414604,157,4,3,2,3.0,Other
CUST-010136,3,77.29742350504391,263,3,5,3,3.6666666666666665,Potential Loyalists
CUST-010137,3,227.14973636670382,310,3,5,5,4.333333333333333,Potential Loyalists
CUST-010138,1,6.589672104424362,207,4,3,1,2.6666666666666665,Other
CUST-010139,1,3.938732493246502,153,4,3,1,2.6666666666666665,Other
CUST-010140,1,7.662186669664393,90,5,3,1,3.0,Other
CUST-010141,1,16.89049815330407,569,1,3,1,1.6666666666666667,Other
CUST-010142,1,395.3844384080021,290,3,3,5,3.6666666666666665,Potential Loyalists
CUST-010143,3,91.13048694795086,80,5,5,4,4.666666666666667,Champions
CUST-010144,1,6.989973551101072,640,1,3,1,1.6666666666666667,Other
CUST-010145,1,3.187266735209308,215,4,3,1,2.6666666666666665,Other
CUST-010146,1,93.92230588912358,389,2,3,4,3.0,Other
CUST-010147,1,12.603654485326132,454,2,3,1,2.0,Other
CUST-010148,3,237.17300460917082,55,5,5,5,5.0,Champions
CUST-010149,1,8.29263787577211,705,1,3,1,1.6666666666666667,Other
CUST-010150,1,37.83041213653715,206,4,3,2,3.0,Other
CUST-010151,1,4.243778046510825,158,4,3,1,2.6666666666666665,Other
CUST-010152,1,37.966487703117274,89,5,3,2,3.3333333333333335,Other
CUST-010153,3,133.14110136471726,20,5,5,4,4.666666666666667,Champions
CUST-010154,1,51.504950295673446,265,3,3,3,3.0,Potential Loyalists
CUST-010155,1,12903.070159658697,181,4,3,5,4.0,Potential Loyalists
CUST-010156,1,24.112731238741617,478,2,3,2,2.3333333333333335,Other
CUST-010157,1,13.200527629100934,265,3,3,1,2.3333333333333335,Other
CUST-010158,1,105.35364864208974,557,1,3,4,2.6666666666666665,Other
CUST-010159,1,121.9081420637483,392,2,3,4,3.0,Other
CUST-010160,1,13.117880852226158,104,5,3,1,3.0,Other
CUST-010161,3,6841.895595832412,274,3,5,5,4.333333333333333,Potential Loyalists
CUST-010162,3,9020.461816991627,139,4,5,5,4.666666666666667,Champions
CUST-010163,1,42.33148216849859,328,3,3,3,3.0,Potential Loyalists
CUST-010164,1,24.93067814660496,495,2,3,2,2.3333333333333335,Other
CUST-010165,2,26.413207814575273,253,3,5,2,3.3333333333333335,Other
CUST-010166,2,205.80034772706588,508,2,5,5,4.0,Other
CUST-010167,1,12.657751339361388,118,4,3,1,2.6666666666666665,Other
CUST-010168,2,264.3033864475686,532,1,5,5,3.6666666666666665,Other
CUST-010169,1,1.9763282694159183,579,1,3,1,1.6666666666666667,Other
CUST-010170,4,699.5972760217944,205,4,5,5,4.666666666666667,Champions
CUST-010171,1,22.23241379848891,363,2,3,2,2.3333333333333335,Other
CUST-010172,1,63.66449817689308,612,1,3,3,2.3333333333333335,Other
CUST-010173,1,46.284663512669646,152,4,3,3,3.3333333333333335,Potential Loyalists
CUST-010174,3,12157.380699449192,231,3,5,5,4.333333333333333,Potential Loyalists
CUST-010175,2,140.9369963906142,82,5,5,4,4.666666666666667,Champions
CUST-010176,1,9.585944772490402,628,1,3,1,1.6666666666666667,Other
CUST-010177,2,39.66694512854724,378,2,5,2,3.0,Other
CUST-010178,3,115.46568474520936,133,4,5,4,4.333333333333333,Champions
CUST-010179,3,55.75399825150624,166,4,5,3,4.0,Potential Loyalists
CUST-010180,2,58.76201360489889,410,2,5,3,3.3333333333333335,Other
CUST-010181,2,74.40616061687393,24,5,5,3,4.333333333333333,Potential Loyalists
CUST-010182,2,146.49359346542354,236,3,5,4,4.0,Potential Loyalists
CUST-010183,1,42.28424716574548,62,5,3,3,3.6666666666666665,Potential Loyalists
CUST-010184,2,37.243880190620374,163,4,5,2,3.6666666666666665,Other
CUST-010185,1,108.02123381865484,545,1,3,4,2.6666666666666665,Other
CUST-010186,2,112.95590676862713,171,4,5,4,4.333333333333333,Champions
CUST-010187,1,8.175225795339045,308,3,3,1,2.3333333333333335,Other
CUST-010189,4,418.7946297137659,101,5,5,5,5.0,Champions
CUST-010190,1,106.13639496754288,705,1,3,4,2.6666666666666665,Other
CUST-010191,1,18.04267406953255,177,4,3,1,2.6666666666666665,Other
CUST-010192,1,113.081821407122,127,4,3,4,3.6666666666666665,Potential Loyalists
CUST-010193,1,33.59560593678346,94,5,3,2,3.3333333333333335,Other
CUST-010194,1,37.79478523679088,659,1,3,2,2.0,Other
CUST-010195,1,7.795459936713625,83,5,3,1,3.0,Other
CUST-010196,3,65.39623804768881,325,3,5,3,3.6666666666666665,Potential Loyalists
CUST-010197,1,25.354906741729145,539,1,3,2,2.0,Other
CUST-010198,2,34.552299613738484,103,5,5,2,4.0,Other
CUST-010199,1,125.95341010764494,437,2,3,4,3.0,Other
CUST-010200,1,145.5757621433018,676,1,3,4,2.6666666666666665,Other
CUST-010201,1,10.749538862818108,42,5,3,1,3.0,Other
CUST-010202,1,39.59061419293589,28,5,3,2,3.3333333333333335,Other
CUST-010203,2,28.899328718798404,130,4,5,2,3.6666666666666665,Other
CUST-010204,1,6.509351387397893,589,1,3,1,1.6666666666666667,Other
CUST-010205,2,138.90237353280403,639,1,5,4,3.3333333333333335,Other
CUST-010206,2,34.47335143800966,18,5,5,2,4.0,Other
CUST-010207,1,206.37770236249483,24,5,3,5,4.333333333333333,Potential Loyalists
CUST-010208,2,65.73223410920099,143,4,5,3,4.0,Potential Loyalists
CUST-010209,1,111.153859290662,478,2,3,4,3.0,Other
CUST-010210,2,60.64443756499132,272,3,5,3,3.6666666666666665,Potential Loyalists
CUST-010211,1,125.30829068284324,297,3,3,4,3.3333333333333335,Potential Loyalists
CUST-010212,2,31.11279072221445,56,5,5,2,4.0,Other
CUST-010213,1,3.9557451774031858,581,1,3,1,1.6666666666666667,Other
CUST-010214,2,110.10699337437458,211,4,5,4,4.333333333333333,Champions
CUST-010215,1,10.26843647625244,331,3,3,1,2.3333333333333335,Other
CUST-010216,1,151.53736343646062,30,5,3,4,4.0,Potential Loyalists
CUST-010217,1,30.75133548926931,705,1,3,2,2.0,Other
CUST-010218,1,40.08380606978887,147,4,3,2,3.0,Other
CUST-010219,1,28.66190537682383,578,1,3,2,2.0,Other
CUST-010220,1,336.2346507920765,694,1,3,5,3.0,Other
CUST-010221,1,15.467001620127176,278,3,3,1,2.3333333333333335,Other
CUST-010222,1,45.37270048130003,278,3,3,3,3.0,Potential Loyalists
CUST-010223,2,27.647610685160117,501,2,5,2,3.0,Other
CUST-010224,1,9.103769739079013,644,1,3,1,1.6666666666666667,Other
CUST-010225,1,27.65854471009646,282,3,3,2,2.6666666666666665,Other
CUST-010226,2,79.31805303905321,522,1,5,3,3.0,Other
CUST-010227,1,30.7378289763021,266,3,3,2,2.6666666666666665,Other
CUST-010228,2,278.6201312168404,524,1,5,5,3.6666666666666665,Other
CUST-010229,1,5.113480289450903,295,3,3,1,2.3333333333333335,Other
CUST-010230,3,333.17817285053997,309,3,5,5,4.333333333333333,Potential Loyalists
CUST-010231,4,792.6846780827797,66,5,5,5,5.0,Champions
CUST-010232,1,12.114360604639474,62,5,3,1,3.0,Other
CUST-010233,3,573.8180920904214,56,5,5,5,5.0,Champions
CUST-010234,4,572.0209113344985,188,4,5,5,4.666666666666667,Champions
CUST-010235,2,36.3976141610471,194,4,5,2,3.6666666666666665,Other
CUST-010236,1,136.7830022715959,517,2,3,4,3.0,Other
CUST-010237,1,353.6275621993611,212,4,3,5,4.0,Potential Loyalists
CUST-010238,1,21.17485058351326,667,1,3,2,2.0,Other
CUST-010239,3,70.42718542742587,214,4,5,3,4.0,Potential Loyalists
CUST-010240,1,9.39830054992337,429,2,3,1,2.0,Other
CUST-010241,1,27.914691210354057,45,5,3,2,3.3333333333333335,Other
CUST-010242,1,47.49194827950597,702,1,3,3,2.3333333333333335,Other
CUST-010243,1,49.1565256409119,456,2,3,3,2.6666666666666665,Other
CUST-010244,2,1131.4929765812553,225,3,5,5,4.333333333333333,Potential Loyalists
CUST-010245,2,74.5679160723747,75,5,5,3,4.333333333333333,Potential Loyalists
CUST-010246,2,209.03894267475917,479,2,5,5,4.0,Other
CUST-010247,2,25.793508930806283,257,3,5,2,3.3333333333333335,Other
CUST-010248,2,82.90045230447076,122,4,5,4,4.333333333333333,Champions
CUST-010249,2,30.935307609128074,142,4,5,2,3.6666666666666665,Other
CUST-010250,1,162.7205349057285,316,3,3,5,3.6666666666666665,Potential Loyalists
CUST-010251,2,45.20714043460078,257,3,5,3,3.6666666666666665,Potential Loyalists
CUST-010252,1,14.973043366890767,89,5,3,1,3.0,Other
CUST-010253,1,86.25257346068446,370,2,3,4,3.0,Other
CUST-010254,2,117.06503833245334,313,3,5,4,4.0,Potential Loyalists
CUST-010255,1,37.91088260542294,263,3,3,2,2.6666666666666665,Other
CUST-010256,1,25.5312269672116,719,1,3,2,2.0,Other
CUST-010257,1,107.28811613755602,559,1,3,4,2.6666666666666665,Other
CUST-010258,2,58.550967606307665,0,5,5,3,4.333333333333333,Potential Loyalists
CUST-010259,2,189.6122716327554,29,5,5,5,5.0,Champions
CUST-010260,1,24.07034787422899,69,5,3,2,3.3333333333333335,Other
CUST-010261,1,24.196525355645655,691,1,3,2,2.0,Other
CUST-010262,1,33.416091802678906,648,1,3,2,2.0,Other
CUST-010263,2,142.46418615615,135,4,5,4,4.333333333333333,Champions
CUST-010264,1,40.46574703547744,405,2,3,2,2.3333333333333335,Other
CUST-010265,1,16.360367993862315,478,2,3,1,2.0,Other
CUST-010266,2,129.32024441505925,133,4,5,4,4.333333333333333,Champions
CUST-010267,2,97.71606858374255,326,3,5,4,4.0,Potential Loyalists
CUST-010268,2,72.03941431417847,356,3,5,3,3.6666666666666665,Potential Loyalists
CUST-010269,2,131.10025262681137,418,2,5,4,3.6666666666666665,Other
CUST-010270,1,6.135698722951713,467,2,3,1,2.0,Other
CUST-010271,2,175.95646909606876,536,1,5,5,3.6666666666666665,Other
CUST-010272,2,63.756491446435824,382,2,5,3,3.3333333333333335,Other
CUST-010273,1,34.59145645589337,216,4,3,2,3.0,Other
CUST-010274,4,102.97368871573676,70,5,5,4,4.666666666666667,Champions
CUST-010275,1,46.00328325798245,14,5,3,3,3.6666666666666665,Potential Loyalists
CUST-010276,1,35.21469198774097,572,1,3,2,2.0,Other
CUST-010277,2,458.90156781589707,9,5,5,5,5.0,Champions
CUST-010278,2,57.2077020345539,276,3,5,3,3.6666666666666665,Potential Loyalists
CUST-010279,2,59.3980124026589,166,4,5,3,4.0,Potential Loyalists
CUST-010280,1,32.70130828005317,500,2,3,2,2.3333333333333335,Other
CUST-010281,1,1.7499443333333755,113,4,3,1,2.6666666666666665,Other
CUST-010282,2,811.7339767190185,79,5,5,5,5.0,Champions
CUST-010283,1,410.8871234495782,222,3,3,5,3.6666666666666665,Potential Loyalists
CUST-010284,2,40.21125119737505,9,5,5,2,4.0,Other
CUST-010285,1,262.84947553173714,565,1,3,5,3.0,Other
CUST-010286,1,5.526178299211561,419,2,3,1,2.0,Other
CUST-010287,1,121.40739865602596,318,3,3,4,3.3333333333333335,Potential Loyalists
CUST-010288,2,981.580578236101,218,4,5,5,4.666666666666667,Champions
CUST-010289,3,46.28950374708534,114,4,5,3,4.0,Potential Loyalists
CUST-010290,1,336.6683799804779,154,4,3,5,4.0,Potential Loyalists
CUST-010291,1,54.39683371950372,574,1,3,3,2.3333333333333335,Other
CUST-010292,2,102.05885039158572,512,2,5,4,3.6666666666666665,Other
CUST-010293,1,2.4848961349083516,151,4,3,1,2.6666666666666665,Other
CUST-010294,2,214.8000475088899,624,1,5,5,3.6666666666666665,Other
CUST-010295,2,1241.7972331598555,6,5,5,5,5.0,Champions
CUST-010296,2,209.89885520666397,231,3,5,5,4.333333333333333,Potential Loyalists
CUST-010297,1,689.957241578483,136,4,3,5,4.0,Potential Loyalists
CUST-010298,2,175.52099842821764,15,5,5,5,5.0,Champions
CUST-010299,1,35.61698414499808,57,5,3,2,3.3333333333333335,Other
CUST-010300,1,47.61678460208014,646,1,3,3,2.3333333333333335,Other
CUST-010301,2,52.990325167623375,433,2,5,3,3.3333333333333335,Other
CUST-010302,2,81.1635024370684,96,5,5,4,4.666666666666667,Champions
CUST-010303,1,119.3371659695399,638,1,3,4,2.6666666666666665,Other
CUST-010304,1,6.22457036822317,687,1,3,1,1.6666666666666667,Other
CUST-010305,1,351.34776638516706,83,5,3,5,4.333333333333333,Potential Loyalists
CUST-010306,1,88.9831135448219,295,3,3,4,3.3333333333333335,Potential Loyalists
CUST-010307,1,20.145102894670547,251,3,3,2,2.6666666666666665,Other
CUST-010308,1,117.73942701542028,397,2,3,4,3.0,Other
CUST-010309,1,6.193717800713865,203,4,3,1,2.6666666666666665,Other
CUST-010310,2,49.237508133981535,150,4,5,3,4.0,Potential Loyalists
CUST-010311,2,335.24447384628064,591,1,5,5,3.6666666666666665,Other
CUST-010312,1,42.16502817126102,244,3,3,3,3.0,Potential Loyalists
CUST-010313,1,170.95434159134624,256,3,3,5,3.6666666666666665,Potential Loyalists
CUST-010314,1,33.76420755682294,501,2,3,2,2.3333333333333335,Other
CUST-010315,3,589.7755401024529,168,4,5,5,4.666666666666667,Champions
CUST-010316,1,21.76055675839193,409,2,3,2,2.3333333333333335,Other
CUST-010317,1,18.14955037434785,443,2,3,1,2.0,Other
CUST-010318,1,85.68085648176313,290,3,3,4,3.3333333333333335,Potential Loyalists
CUST-010319,1,132.57370087890047,718,1,3,4,2.6666666666666665,Other
CUST-010320,1,31.039837759362744,617,1,3,2,2.0,Other
CUST-010321,2,94.56731975953497,326,3,5,4,4.0,Potential Loyalists
CUST-010322,2,43.95234172181127,287,3,5,3,3.6666666666666665,Potential Loyalists
CUST-010323,2,230.7892807626277,166,4,5,5,4.666666666666667,Champions
CUST-010324,1,6.860712594266031,288,3,3,1,2.3333333333333335,Other
CUST-010325,1,34.612087495680065,187,4,3,2,3.0,Other
CUST-010326,1,5.113514621539279,242,3,3,1,2.3333333333333335,Other
CUST-010327,2,6832.628890944501,480,2,5,5,4.0,Other
CUST-010328,2,739.8815873348611,46,5,5,5,5.0,Champions
CUST-010329,1,20.3445625194258,66,5,3,2,3.3333333333333335,Other
CUST-010330,1,44.0386096250961,145,4,3,3,3.3333333333333335,Potential Loyalists
CUST-010331,1,48.366062593606934,490,2,3,3,2.6666666666666665,Other
CUST-010332,2,423.83048492067496,120,4,5,5,4.666666666666667,Champions
CUST-010333,2,27.485940012035783,477,2,5,2,3.0,Other
CUST-010334,1,24.524546893600892,118,4,3,2,3.0,Other
CUST-010335,1,132.0936506153533,332,3,3,4,3.3333333333333335,Potential Loyalists
CUST-010336,2,136.76030508481486,306,3,5,4,4.0,Potential Loyalists
CUST-010337,1,33.184823094391604,344,3,3,2,2.6666666666666665,Other
CUST-010338,1,2.011463465321114,680,1,3,1,1.6666666666666667,Other
CUST-010339,2,61.229405876077294,23,5,5,3,4.333333333333333,Potential Loyalists
CUST-010340,2,41.40828825362963,390,2,5,3,3.3333333333333335,Other
CUST-010341,2,130.09839684912816,10,5,5,4,4.666666666666667,Champions
CUST-010342,1,7.2005088682192575,369,2,3,1,2.0,Other
CUST-010343,2,962.6606008085114,266,3,5,5,4.333333333333333,Potential Loyalists
CUST-010344,3,46.613327193735664,255,3,5,3,3.6666666666666665,Potential Loyalists
CUST-010345,2,84.96949974587106,40,5,5,4,4.666666666666667,Champions
CUST-010346,2,137.4479568388453,326,3,5,4,4.0,Potential Loyalists
CUST-010347,1,32.2290408420973,64,5,3,2,3.3333333333333335,Other
CUST-010348,1,32.12561042380498,470,2,3,2,2.3333333333333335,Other
CUST-010349,6,7026.0283536399,8,5,5,5,5.0,Champions
CUST-010350,1,152.0885981732346,542,1,3,4,2.6666666666666665,Other
CUST-010351,4,124.67007105461465,128,4,5,4,4.333333333333333,Champions
CUST-010352,1,32.79757168968572,314,3,3,2,2.6666666666666665,Other
CUST-010353,2,90.16572933485293,282,3,5,4,4.0,Potential Loyalists
CUST-010354,2,39.31669298906227,340,3,5,2,3.3333333333333335,Other
CUST-010355,1,21.206852130407707,283,3,3,2,2.6666666666666665,Other
CUST-010356,2,395.1644551635811,59,5,5,5,5.0,Champions
CUST-010357,1,5.33255213644677,456,2,3,1,2.0,Other
CUST-010358,2,36.86390607571214,25,5,5,2,4.0,Other
CUST-010359,1,6643.902378184359,230,3,3,5,3.6666666666666665,Potential Loyalists
CUST-010360,1,185.18108859151204,519,2,3,5,3.3333333333333335,Other
CUST-010361,1,4.890040381513132,430,2,3,1,2.0,Other
CUST-010362,3,337.93819941508315,87,5,5,5,5.0,Champions
CUST-010363,1,43.42683747096667,206,4,3,3,3.3333333333333335,Potential Loyalists
CUST-010364,1,81.06129384783618,627,1,3,4,2.6666666666666665,Other
CUST-010365,1,347.35806779427713,275,3,3,5,3.6666666666666665,Potential Loyalists
CUST-010366,1,65.43013121352742,626,1,3,3,2.3333333333333335,Other
CUST-010367,2,15.506766180592965,349,3,5,1,3.0,Other
CUST-010368,2,58.08414309829165,432,2,5,3,3.3333333333333335,Other
CUST-010369,1,50.79918205074079,699,1,3,3,2.3333333333333335,Other
CUST-010370,1,2.655554025331329,608,1,3,1,1.6666666666666667,Other
CUST-010371,1,6.17244473709009,123,4,3,1,2.6666666666666665,Other
CUST-010372,1,40.65637075797691,561,1,3,2,2.0,Other
CUST-010373,1,6.948869892544437,596,1,3,1,1.6666666666666667,Other
CUST-010374,1,128.49100335258595,700,1,3,4,2.6666666666666665,Other
CUST-010375,2,42.46843958474611,258,3,5,3,3.6666666666666665,Potential Loyalists
CUST-010376,1,18.28511709237663,527,1,3,1,1.6666666666666667,Other
CUST-010377,1,268.63906436433405,111,4,3,5,4.0,Potential Loyalists
CUST-010378,2,71.14783644421885,378,2,5,3,3.3333333333333335,Other
CUST-010379,3,272.7146095026116,129,4,5,5,4.666666666666667,Champions
CUST-010380,1,32.000700928966275,261,3,3,2,2.6666666666666665,Other
CUST-010381,3,62.02549633529235,217,4,5,3,4.0,Potential Loyalists
CUST-010382,1,63.473009539709146,137,4,3,3,3.3333333333333335,Potential Loyalists
CUST-010383,2,250.06326432022072,546,1,5,5,3.6666666666666665,Other
CUST-010384,1,45.568624436369106,550,1,3,3,2.3333333333333335,Other
CUST-010385,1,36.968552852604056,502,2,3,2,2.3333333333333335,Other
CUST-010386,1,9.888636436647763,679,1,3,1,1.6666666666666667,Other
CUST-010387,2,17.298920397047866,497,2,5,1,2.6666666666666665,Other
CUST-010388,1,12.803981817495393,98,5,3,1,3.0,Other
CUST-010389,1,40.90365540303731,79,5,3,2,3.3333333333333335,Other
CUST-010390,1,6.653004529671033,503,2,3,1,2.0,Other
CUST-010391,1,94.42411060525976,230,3,3,4,3.3333333333333335,Potential Loyalists
CUST-010392,1,16.467041431709067,396,2,3,1,2.0,Other
CUST-010393,1,15.701016100692684,538,1,3,1,1.6666666666666667,Other
CUST-010394,1,187.82969013100532,84,5,3,5,4.333333333333333,Potential Loyalists
CUST-010395,2,17.33142059077711,267,3,5,1,3.0,Other
CUST-010396,2,123.38306277420871,230,3,5,4,4.0,Potential Loyalists
CUST-010397,2,43.14713360975547,121,4,5,3,4.0,Potential Loyalists
CUST-010398,1,10.43327269082474,634,1,3,1,1.6666666666666667,Other
CUST-010399,2,48.35231004981388,153,4,5,3,4.0,Potential Loyalists
CUST-010400,1,55.73164901226239,530,1,3,3,2.3333333333333335,Other
CUST-010401,1,131.08311212615814,554,1,3,4,2.6666666666666665,Other
CUST-010402,2,31.67778503319165,266,3,5,2,3.3333333333333335,Other
CUST-010403,1,13.39374987736801,711,1,3,1,1.6666666666666667,Other
CUST-010404,3,596.830312771168,111,4,5,5,4.666666666666667,Champions
CUST-010405,1,11.505864936311436,52,5,3,1,3.0,Other
CUST-010406,1,7.308110039153213,567,1,3,1,1.6666666666666667,Other
CUST-010407,2,177.57978269874252,612,1,5,5,3.6666666666666665,Other
CUST-010409,2,46.205405837009046,387,2,5,3,3.3333333333333335,Other
CUST-010410,2,13.091953036679554,541,1,5,1,2.3333333333333335,Other
CUST-010411,2,25.107203632885437,374,2,5,2,3.0,Other
CUST-010413,2,102.01466554757346,178,4,5,4,4.333333333333333,Champions
CUST-010414,1,109.24026560791762,627,1,3,4,2.6666666666666665,Other
CUST-010415,1,100.76332412198175,136,4,3,4,3.6666666666666665,Potential Loyalists
CUST-010416,1,28.28556070096264,191,4,3,2,3.0,Other
CUST-010417,1,183.17840673396265,7,5,3,5,4.333333333333333,Potential Loyalists
CUST-010418,1,38.59413689389321,709,1,3,2,2.0,Other
CUST-010419,1,35.03431954502103,326,3,3,2,2.6666666666666665,Other
CUST-010420,1,46.586094423815965,102,5,3,3,3.6666666666666665,Potential Loyalists
CUST-010421,1,161.42672323872432,497,2,3,5,3.3333333333333335,Other
CUST-010422,1,26.71888474695176,490,2,3,2,2.3333333333333335,Other
CUST-010423,1,31.96478576233704,68,5,3,2,3.3333333333333335,Other
CUST-010424,1,6.385620822576181,359,2,3,1,2.0,Other
CUST-010425,1,80.69933056177858,428,2,3,4,3.0,Other
CUST-010426,1,6740.5304767855405,122,4,3,5,4.0,Potential Loyalists
CUST-010427,2,115.42790326739663,165,4,5,4,4.333333333333333,Champions
CUST-010428,1,8.360486551040394,349,3,3,1,2.3333333333333335,Other
CUST-010429,1,9.499766165432789,541,1,3,1,1.6666666666666667,Other
CUST-010430,2,28.43285129274111,120,4,5,2,3.6666666666666665,Other
CUST-010431,1,39.07498683267213,437,2,3,2,2.3333333333333335,Other
CUST-010432,1,680.7528713676703,50,5,3,5,4.333333333333333,Potential Loyalists
CUST-010433,1,24.166006315673684,380,2,3,2,2.3333333333333335,Other
CUST-010434,3,50.76559705557951,155,4,5,3,4.0,Potential Loyalists
CUST-010435,1,197.1279417422396,712,1,3,5,3.0,Other
CUST-010436,2,89.95966213779481,306,3,5,4,4.0,Potential Loyalists
CUST-010437,1,154.9474310377792,158,4,3,4,3.6666666666666665,Potential Loyalists
CUST-010438,1,46.06146160977016,264,3,3,3,3.0,Potential Loyalists
CUST-010439,1,4.302050098428055,459,2,3,1,2.0,Other
CUST-010440,1,111.37466962801426,547,1,3,4,2.6666666666666665,Other
CUST-010442,1,11.493045625218803,191,4,3,1,2.6666666666666665,Other
CUST-010443,1,19.554135192664734,654,1,3,2,2.0,Other
CUST-010444,1,361.976228960025,624,1,3,5,3.0,Other
CUST-010445,1,27.2539639549985,86,5,3,2,3.3333333333333335,Other
CUST-010446,3,74.01077073764134,173,4,5,3,4.0,Potential Loyalists
CUST-010447,1,30.332222991019066,517,2,3,2,2.3333333333333335,Other
CUST-010448,1,37.047484111662904,297,3,3,2,2.6666666666666665,Other
CUST-010449,2,20.282241168035174,541,1,5,2,2.6666666666666665,Other
CUST-010450,2,198.41232753470481,131,4,5,5,4.666666666666667,Champions
CUST-010451,2,226.04240290925424,418,2,5,5,4.0,Other
CUST-010452,2,286.63105436521755,201,4,5,5,4.666666666666667,Champions
CUST-010453,1,13.572452911125296,401,2,3,1,2.0,Other
CUST-010454,2,408.84588494125546,180,4,5,5,4.666666666666667,Champions
CUST-010455,2,7635.452737844073,71,5,5,5,5.0,Champions
CUST-010457,1,52.371812863679146,482,2,3,3,2.6666666666666665,Other
CUST-010458,3,201.40283557615237,334,3,5,5,4.333333333333333,Potential Loyalists
CUST-010459,1,13.863603503009733,607,1,3,1,1.6666666666666667,Other
CUST-010460,2,246.9172766269179,480,2,5,5,4.0,Other
CUST-010461,1,1.9075219507767385,726,1,3,1,1.6666666666666667,Other
CUST-010462,2,229.59488347661153,72,5,5,5,5.0,Champions
CUST-010463,2,34.59114306684686,87,5,5,2,4.0,Other
CUST-010464,1,5011.2165429385905,488,2,3,5,3.3333333333333335,Other
CUST-010465,1,197.17526262853812,61,5,3,5,4.333333333333333,Potential Loyalists
CUST-010466,1,71.42033811996785,515,2,3,3,2.6666666666666665,Other
CUST-010467,1,22.905185243872022,212,4,3,2,3.0,Other
CUST-010468,1,76.30116570568781,304,3,3,3,3.0,Potential Loyalists
CUST-010469,1,142.1627265734779,331,3,3,4,3.3333333333333335,Potential Loyalists
CUST-010470,2,345.040380330317,514,2,5,5,4.0,Other
CUST-010471,2,154.61205853749772,414,2,5,4,3.6666666666666665,Other
CUST-010472,1,85.2970615944438,171,4,3,4,3.6666666666666665,Potential Loyalists
CUST-010473,1,3.816564732901007,154,4,3,1,2.6666666666666665,Other
CUST-010475,1,76.32668320179772,514,2,3,3,2.6666666666666665,Other
CUST-010476,1,24.70642841730464,225,3,3,2,2.6666666666666665,Other
CUST-010477,1,8.789140892881173,176,4,3,1,2.6666666666666665,Other
CUST-010478,1,12.32414405639436,26,5,3,1,3.0,Other
CUST-010479,2,122.48374812523681,104,5,5,4,4.666666666666667,Champions
CUST-010480,1,261.834371957084,633,1,3,5,3.0,Other
CUST-010481,1,70.97829600928164,369,2,3,3,2.6666666666666665,Other
CUST-010482,1,23.4801581074598,9,5,3,2,3.3333333333333335,Other
CUST-010483,2,127.48638831685757,427,2,5,4,3.6666666666666665,Other
CUST-010484,1,34.36444101105016,91,5,3,2,3.3333333333333335,Other
CUST-010486,1,22.770765309358655,100,5,3,2,3.3333333333333335,Other
CUST-010487,2,39.09942698440549,188,4,5,2,3.6666666666666665,Other
CUST-010488,1,57.06389960152378,716,1,3,3,2.3333333333333335,Other
CUST-010489,2,218.9024876663536,125,4,5,5,4.666666666666667,Champions
CUST-010490,1,65.28349535441014,308,3,3,3,3.0,Potential Loyalists
CUST-010491,1,28.65601093273709,596,1,3,2,2.0,Other
CUST-010492,1,112.3579973126108,297,3,3,4,3.3333333333333335,Potential Loyalists
CUST-010493,2,84.18032750412107,36,5,5,4,4.666666666666667,Champions
CUST-010494,1,83.5814436199909,581,1,3,4,2.6666666666666665,Other
CUST-010495,1,15.691002221934234,310,3,3,1,2.3333333333333335,Other
CUST-010496,1,12.82039744922218,395,2,3,1,2.0,Other
CUST-010497,1,14725.574470665842,2,5,3,5,4.333333333333333,Potential Loyalists
CUST-010498,1,3.0221962990053832,516,2,3,1,2.0,Other
CUST-010499,1,14.327029116567196,211,4,3,1,2.6666666666666665,Other
CUST-010500,1,214.53912414429652,391,2,3,5,3.3333333333333335,Other
CUST-010501,2,17.088863110112822,315,3,5,1,3.0,Other
CUST-010502,1,26.77950346390566,460,2,3,2,2.3333333333333335,Other
CUST-010503,1,73.9338935123688,682,1,3,3,2.3333333333333335,Other
CUST-010504,2,150.1448594030625,292,3,5,4,4.0,Potential Loyalists
CUST-010505,1,452.6169280503878,728,1,3,5,3.0,Other
CUST-010506,1,13.19246814758974,368,2,3,1,2.0,Other
CUST-010507,1,33.274999908172695,320,3,3,2,2.6666666666666665,Other
CUST-010508,1,33.048864855837024,467,2,3,2,2.3333333333333335,Other
CUST-010509,1,41.792349942396285,400,2,3,3,2.6666666666666665,Other
CUST-010510,1,8.41145575938879,401,2,3,1,2.0,Other
CUST-010511,1,39.625465654479456,706,1,3,2,2.0,Other
CUST-010512,1,56.155005147473815,538,1,3,3,2.3333333333333335,Other
CUST-010513,3,78.98089101395074,75,5,5,3,4.333333333333333,Potential Loyalists
CUST-010514,1,10.996213965760148,392,2,3,1,2.0,Other
CUST-010515,1,28.96947854354713,368,2,3,2,2.3333333333333335,Other
CUST-010516,2,42.29908981455952,210,4,5,3,4.0,Potential Loyalists
CUST-010517,4,135.2260625726109,36,5,5,4,4.666666666666667,Champions
CUST-010518,2,171.6092992712079,102,5,5,5,5.0,Champions
CUST-010519,2,27.828808168082706,544,1,5,2,2.6666666666666665,Other
CUST-010520,1,13.605922529021589,469,2,3,1,2.0,Other
CUST-010521,1,49.782847979779326,235,3,3,3,3.0,Potential Loyalists
CUST-010522,2,176.81601751621565,451,2,5,5,4.0,Other
CUST-010523,1,89.63345404858661,419,2,3,4,3.0,Other
CUST-010524,2,51.83874094124081,324,3,5,3,3.6666666666666665,Potential Loyalists
CUST-010525,2,143.45225680311216,115,4,5,4,4.333333333333333,Champions
CUST-010526,1,36.68995990850237,444,2,3,2,2.3333333333333335,Other
CUST-010527,4,126.802704747479,59,5,5,4,4.666666666666667,Champions
CUST-010528,2,20.10445000075793,281,3,5,2,3.3333333333333335,Other
CUST-010530,1,75.30037169398176,496,2,3,3,2.6666666666666665,Other
CUST-010531,2,135.59669914636166,366,2,5,4,3.6666666666666665,Other
CUST-010532,2,70.08131448727181,93,5,5,3,4.333333333333333,Potential Loyalists
CUST-010533,2,81.59922074708453,28,5,5,4,4.666666666666667,Champions
CUST-010534,2,62.513566763581835,4,5,5,3,4.333333333333333,Potential Loyalists
CUST-010535,2,115.45298560408125,134,4,5,4,4.333333333333333,Champions
CUST-010536,2,38.01590016253495,215,4,5,2,3.6666666666666665,Other
CUST-010537,1,19.341760772063953,655,1,3,2,2.0,Other
CUST-010538,1,3.156746995369053,626,1,3,1,1.6666666666666667,Other
CUST-010539,1,27.448753488226775,231,3,3,2,2.6666666666666665,Other
CUST-010540,1,14.42310925864219,121,4,3,1,2.6666666666666665,Other
CUST-010541,1,145.73658217104835,212,4,3,4,3.6666666666666665,Potential Loyalists
CUST-010542,3,63.522934736829924,385,2,5,3,3.3333333333333335,Other
CUST-010543,1,3.843109323207877,665,1,3,1,1.6666666666666667,Other
CUST-010544,1,28.396488292781395,430,2,3,2,2.3333333333333335,Other
CUST-010545,3,82.73870302969459,36,5,5,4,4.666666666666667,Champions
CUST-010546,1,50.411163994559416,458,2,3,3,2.6666666666666665,Other
CUST-010547,1,12.755378636617094,300,3,3,1,2.3333333333333335,Other
CUST-010548,1,41.69843055940899,240,3,3,3,3.0,Potential Loyalists
CUST-010549,1,8.328856618799389,300,3,3,1,2.3333333333333335,Other
CUST-010550,1,43.45171160293197,311,3,3,3,3.0,Potential Loyalists
CUST-010551,1,24.438863405523932,211,4,3,2,3.0,Other
CUST-010552,2,162.84939971863182,234,3,5,5,4.333333333333333,Potential Loyalists
CUST-010553,2,22.411011707942873,64,5,5,2,4.0,Other
CUST-010554,2,230.68349685645492,320,3,5,5,4.333333333333333,Potential Loyalists
CUST-010555,2,60.583165298211114,34,5,5,3,4.333333333333333,Potential Loyalists
CUST-010556,2,20.608155084781995,144,4,5,2,3.6666666666666665,Other
CUST-010557,1,12.75183821467406,341,3,3,1,2.3333333333333335,Other
CUST-010558,1,5.016139432281703,487,2,3,1,2.0,Other
CUST-010559,2,349.25746021787165,520,1,5,5,3.6666666666666665,Other
CUST-010560,3,356.9043820037967,102,5,5,5,5.0,Champions
CUST-010561,1,3.626756665264654,483,2,3,1,2.0,Other
CUST-010562,1,174.5885750143685,199,4,3,5,4.0,Potential Loyalists
CUST-010563,2,506.9708518058194,226,3,5,5,4.333333333333333,Potential Loyalists
CUST-010564,1,31.013867884815586,626,1,3,2,2.0,Other
CUST-010565,1,45.962335007891525,84,5,3,3,3.6666666666666665,Potential Loyalists
CUST-010566,1,51.564220940307855,571,1,3,3,2.3333333333333335,Other
CUST-010567,1,78.64269091936612,293,3,3,3,3.0,Potential Loyalists
CUST-010568,1,72.76295930844462,707,1,3,3,2.3333333333333335,Other
CUST-010569,3,379.2378255286684,47,5,5,5,5.0,Champions
CUST-010570,1,203.98198088046627,178,4,3,5,4.0,Potential Loyalists
CUST-010571,2,32.23472244807099,143,4,5,2,3.6666666666666665,Other
CUST-010572,2,123.87988649924003,296,3,5,4,4.0,Potential Loyalists
CUST-010573,2,160.36108304698976,65,5,5,4,4.666666666666667,Champions
CUST-010574,2,65.59557203837906,558,1,5,3,3.0,Other
CUST-010575,2,14.310780964194471,303,3,5,1,3.0,Other
CUST-010576,1,1.859265549441123,11,5,3,1,3.0,Other
CUST-010577,2,3.3995013890017765,205,4,5,1,3.3333333333333335,Other
CUST-010578,1,24.86255187328212,233,3,3,2,2.6666666666666665,Other
CUST-010579,3,93.54591455534369,268,3,5,4,4.0,Potential Loyalists
CUST-010581,1,9.994165134135336,389,2,3,1,2.0,Other
CUST-010582,1,73.83104114171653,109,4,3,3,3.3333333333333335,Potential Loyalists
CUST-010583,3,353.55319713400877,468,2,5,5,4.0,Other
CUST-010584,2,90.59270889226514,509,2,5,4,3.6666666666666665,Other
CUST-010585,1,50.46256716732049,416,2,3,3,2.6666666666666665,Other
CUST-010586,1,149.6293893732915,542,1,3,4,2.6666666666666665,Other
CUST-010587,1,16.658455617369196,394,2,3,1,2.0,Other
CUST-010588,2,43.19996850748516,468,2,5,3,3.3333333333333335,Other
CUST-010589,1,86.21905785569534,608,1,3,4,2.6666666666666665,Other
CUST-010590,3,81.41007380605393,254,3,5,4,4.0,Potential Loyalists
CUST-010591,1,74.3412025648942,92,5,3,3,3.6666666666666665,Potential Loyalists
CUST-010592,1,19.84847470890996,155,4,3,2,3.0,Other
CUST-010593,2,69.6314867546293,2,5,5,3,4.333333333333333,Potential Loyalists
CUST-010594,3,339.15877863615333,321,3,5,5,4.333333333333333,Potential Loyalists
CUST-010595,1,101.88660870068053,15,5,3,4,4.0,Potential Loyalists
CUST-010596,2,82.57664678682747,237,3,5,4,4.0,Potential Loyalists
CUST-010597,1,57.300225377969475,241,3,3,3,3.0,Potential Loyalists
CUST-010598,1,12.6855423006241,710,1,3,1,1.6666666666666667,Other
CUST-010599,1,4.259728839115736,525,1,3,1,1.6666666666666667,Other
CUST-010600,1,66.05772568191135,608,1,3,3,2.3333333333333335,Other
CUST-010601,1,18.369061746631147,614,1,3,1,1.6666666666666667,Other
CUST-010602,2,45.81759561667092,589,1,5,3,3.0,Other
CUST-010603,3,252.5273695268301,72,5,5,5,5.0,Champions
CUST-010604,1,33.32422396654068,681,1,3,2,2.0,Other
CUST-010605,1,16.164394133424164,671,1,3,1,1.6666666666666667,Other
CUST-010606,1,120.83143307336223,152,4,3,4,3.6666666666666665,Potential Loyalists
CUST-010607,2,91.82990677861137,369,2,5,4,3.6666666666666665,Other
CUST-010608,1,86.63234013643725,45,5,3,4,4.0,Potential Loyalists
CUST-010609,1,31.1699912462176,347,3,3,2,2.6666666666666665,Other
CUST-010610,1,55.83737255216565,565,1,3,3,2.3333333333333335,Other
CUST-010611,1,479.8942453527404,463,2,3,5,3.3333333333333335,Other
CUST-010612,1,9.234406629138114,384,2,3,1,2.0,Other
CUST-010613,1,76.26043707972173,680,1,3,3,2.3333333333333335,Other
CUST-010614,2,11.283042462138237,396,2,5,1,2.6666666666666665,Other
CUST-010615,2,102.0459862800887,1,5,5,4,4.666666666666667,Champions
CUST-010616,1,119.961092260043,629,1,3,4,2.6666666666666665,Other
CUST-010617,1,205.48255784915617,339,3,3,5,3.6666666666666665,Potential Loyalists
CUST-010618,2,24.04682242425407,346,3,5,2,3.3333333333333335,Other
CUST-010619,1,18.103864798612072,701,1,3,1,1.6666666666666667,Other
CUST-010620,1,188.77257764220047,435,2,3,5,3.3333333333333335,Other
CUST-010622,2,16.875432484445415,102,5,5,1,3.6666666666666665,Other
CUST-010623,2,418.6485149243131,371,2,5,5,4.0,Other
CUST-010624,2,363.9875531742714,180,4,5,5,4.666666666666667,Champions
CUST-010625,1,79.98157497847825,411,2,3,3,2.6666666666666665,Other
CUST-010626,2,11.558872876200864,2,5,5,1,3.6666666666666665,Other
CUST-010627,3,192.05065238869273,514,2,5,5,4.0,Other
CUST-010628,2,75.61636609379656,355,3,5,3,3.6666666666666665,Potential Loyalists
CUST-010629,1,25.292948432288867,610,1,3,2,2.0,Other
CUST-010630,1,153.81271397297988,649,1,3,4,2.6666666666666665,Other
CUST-010631,1,19.84298066139178,618,1,3,2,2.0,Other
CUST-010632,1,307.08454367560245,485,2,3,5,3.3333333333333335,Other
CUST-010634,1,47.533006798576274,157,4,3,3,3.3333333333333335,Potential Loyalists
CUST-010635,2,81.59046848403591,419,2,5,4,3.6666666666666665,Other
CUST-010636,2,201.7307046068285,309,3,5,5,4.333333333333333,Potential Loyalists
CUST-010637,3,520.3478151808325,92,5,5,5,5.0,Champions
CUST-010638,2,32.09654733053188,359,2,5,2,3.0,Other
CUST-010639,1,5.035726534243808,85,5,3,1,3.0,Other
CUST-010640,1,23.585628302132807,334,3,3,2,2.6666666666666665,Other
CUST-010641,5,159.71517824060274,205,4,5,4,4.333333333333333,Champions
CUST-010642,2,22.277992191183685,417,2,5,2,3.0,Other
CUST-010643,2,46.79915234310101,108,4,5,3,4.0,Potential Loyalists
CUST-010644,1,66.75814072349637,227,3,3,3,3.0,Potential Loyalists
CUST-010645,2,75.73994635867464,22,5,5,3,4.333333333333333,Potential Loyalists
CUST-010646,1,11.072271948912425,394,2,3,1,2.0,Other
CUST-010647,1,183.7037162286101,589,1,3,5,3.0,Other
CUST-010648,1,16.430625850219197,227,3,3,1,2.3333333333333335,Other
CUST-010649,1,29.39632112979674,141,4,3,2,3.0,Other
CUST-010650,1,162.57766492656475,393,2,3,5,3.3333333333333335,Other
CUST-010651,1,112.6794754862943,520,1,3,4,2.6666666666666665,Other
CUST-010652,2,46.97689850269642,97,5,5,3,4.333333333333333,Potential Loyalists
CUST-010654,3,144.2416388460951,125,4,5,4,4.333333333333333,Champions
CUST-010655,1,94.63140734038991,292,3,3,4,3.3333333333333335,Potential Loyalists
CUST-010656,4,380.6673384713603,11,5,5,5,5.0,Champions
CUST-010657,1,95.46194168217428,630,1,3,4,2.6666666666666665,Other
CUST-010658,1,204.9016292370939,703,1,3,5,3.0,Other
CUST-010659,3,71.46833337781986,105,5,5,3,4.333333333333333,Potential Loyalists
CUST-010660,2,69.94344078215123,231,3,5,3,3.6666666666666665,Potential Loyalists
CUST-010661,1,16.969892937864966,170,4,3,1,2.6666666666666665,Other
CUST-010662,2,126.0358859509605,102,5,5,4,4.666666666666667,Champions
CUST-010663,1,46.49386470491323,20,5,3,3,3.6666666666666665,Potential Loyalists
CUST-010664,1,92.6387799549264,348,3,3,4,3.3333333333333335,Potential Loyalists
CUST-010665,2,37.337450115876365,11,5,5,2,4.0,Other
CUST-010666,1,7.912754287348785,14,5,3,1,3.0,Other
CUST-010667,2,234.30676517544276,476,2,5,5,4.0,Other
CUST-010668,2,18.32906164600591,58,5,5,1,3.6666666666666665,Other
CUST-010669,2,133.78742411724699,52,5,5,4,4.666666666666667,Champions
CUST-010670,2,22.177047769847547,37,5,5,2,4.0,Other
CUST-010672,1,41.030046827172725,67,5,3,2,3.3333333333333335,Other
CUST-010673,2,49.120719348210386,124,4,5,3,4.0,Potential Loyalists
CUST-010674,1,69.28956480093441,435,2,3,3,2.6666666666666665,Other
CUST-010675,3,225.57847377019104,357,3,5,5,4.333333333333333,Potential Loyalists
CUST-010676,1,15.604564284050708,325,3,3,1,2.3333333333333335,Other
CUST-010677,1,23.189901487414257,462,2,3,2,2.3333333333333335,Other
CUST-010678,2,100.02839644842553,132,4,5,4,4.333333333333333,Champions
CUST-010679,1,63.417592849502746,543,1,3,3,2.3333333333333335,Other
CUST-010680,1,31.38799046233699,548,1,3,2,2.0,Other
CUST-010681,1,12.505512817351567,162,4,3,1,2.6666666666666665,Other
CUST-010682,2,475.2420041855206,380,2,5,5,4.0,Other
CUST-010683,2,287.73160384184996,91,5,5,5,5.0,Champions
CUST-010684,1,24.469249303714697,237,3,3,2,2.6666666666666665,Other
CUST-010685,1,27.508799639470027,97,5,3,2,3.3333333333333335,Other
CUST-010686,2,40.986496721688525,131,4,5,2,3.6666666666666665,Other
CUST-010687,2,52.64296500810331,69,5,5,3,4.333333333333333,Potential Loyalists
CUST-010688,1,12.927269013485931,316,3,3,1,2.3333333333333335,Other
CUST-010689,1,15.372223515132074,647,1,3,1,1.6666666666666667,Other
CUST-010690,1,3.480364670041559,584,1,3,1,1.6666666666666667,Other
CUST-010691,1,85.48286803944188,721,1,3,4,2.6666666666666665,Other
CUST-010692,1,56.65597122033462,693,1,3,3,2.3333333333333335,Other
CUST-010693,3,35.8897882021304,56,5,5,2,4.0,Other
CUST-010694,5,173.44257650092447,162,4,5,5,4.666666666666667,Champions
CUST-010695,1,383.45977605047193,307,3,3,5,3.6666666666666665,Potential Loyalists
CUST-010696,2,32.86592262966331,131,4,5,2,3.6666666666666665,Other
CUST-010697,2,75.24787435072164,217,4,5,3,4.0,Potential Loyalists
CUST-010698,2,20.390446815854936,368,2,5,2,3.0,Other
CUST-010699,2,140.1314134298712,40,5,5,4,4.666666666666667,Champions
CUST-010700,3,704.1946201981307,78,5,5,5,5.0,Champions
CUST-010701,2,25.75012609892053,291,3,5,2,3.3333333333333335,Other
CUST-010702,2,174.5810470463614,22,5,5,5,5.0,Champions
CUST-010703,1,77.58167249929,188,4,3,3,3.3333333333333335,Potential Loyalists
CUST-010704,2,20.70997578716772,171,4,5,2,3.6666666666666665,Other
CUST-010705,4,445.6567787946872,161,4,5,5,4.666666666666667,Champions
CUST-010706,1,188.33562927597495,437,2,3,5,3.3333333333333335,Other
CUST-010707,2,116.4851637405327,97,5,5,4,4.666666666666667,Champions
CUST-010708,1,9.0171607896449,74,5,3,1,3.0,Other
CUST-010709,1,8.606068793027294,467,2,3,1,2.0,Other
CUST-010710,1,50.70671400255058,152,4,3,3,3.3333333333333335,Potential Loyalists
CUST-010711,1,6.537509532515899,347,3,3,1,2.3333333333333335,Other
CUST-010712,1,62.9339579338914,242,3,3,3,3.0,Potential Loyalists
CUST-010713,1,3.866662964151092,413,2,3,1,2.0,Other
CUST-010714,1,11.250795335601094,305,3,3,1,2.3333333333333335,Other
CUST-010715,1,22.643667431964857,604,1,3,2,2.0,Other
CUST-010716,1,43.75487378478011,252,3,3,3,3.0,Potential Loyalists
CUST-010717,2,141.99467867458029,590,1,5,4,3.3333333333333335,Other
CUST-010718,3,133.3513137976035,139,4,5,4,4.333333333333333,Champions
CUST-010719,1,6.488845705151062,246,3,3,1,2.3333333333333335,Other
CUST-010720,3,267.14139956717077,242,3,5,5,4.333333333333333,Potential Loyalists
CUST-010721,1,97.7926318574344,310,3,3,4,3.3333333333333335,Potential Loyalists
CUST-010722,1,73.25221515939813,440,2,3,3,2.6666666666666665,Other
CUST-010723,1,38.479581196728816,699,1,3,2,2.0,Other
CUST-010724,1,12.183118249595353,583,1,3,1,1.6666666666666667,Other
CUST-010725,2,59.95835108045907,14,5,5,3,4.333333333333333,Potential Loyalists
CUST-010726,1,5.427420551854653,189,4,3,1,2.6666666666666665,Other
CUST-010727,1,53.822832416139256,182,4,3,3,3.3333333333333335,Potential Loyalists
CUST-010728,1,22.97984809736386,249,3,3,2,2.6666666666666665,Other
CUST-010729,2,120.87084995145372,533,1,5,4,3.3333333333333335,Other
CUST-010730,2,161.69899597095215,16,5,5,5,5.0,Champions
CUST-010731,1,7.570273969246426,335,3,3,1,2.3333333333333335,Other
CUST-010734,2,88.77225209247388,64,5,5,4,4.666666666666667,Champions
CUST-010735,1,192.13959632676577,330,3,3,5,3.6666666666666665,Potential Loyalists
CUST-010736,1,9.549622397843738,596,1,3,1,1.6666666666666667,Other
CUST-010737,2,26.018991700322594,339,3,5,2,3.3333333333333335,Other
CUST-010738,2,286.6034331489002,390,2,5,5,4.0,Other
CUST-010739,4,200.69851648892876,18,5,5,5,5.0,Champions
CUST-010740,1,35.86520428542001,138,4,3,2,3.0,Other
CUST-010741,1,36.45349383253302,91,5,3,2,3.3333333333333335,Other
CUST-010742,1,32.92826751491214,141,4,3,2,3.0,Other
CUST-010743,1,5.785076553133509,350,3,3,1,2.3333333333333335,Other
CUST-010744,2,51.472227468320064,211,4,5,3,4.0,Potential Loyalists
CUST-010745,4,312.672725438526,69,5,5,5,5.0,Champions
CUST-010746,1,12.199801032658312,639,1,3,1,1.6666666666666667,Other
CUST-010747,1,2.1855531126652568,418,2,3,1,2.0,Other
CUST-010748,1,14.67228799445891,301,3,3,1,2.3333333333333335,Other
CUST-010749,4,109.73078638895332,359,2,5,4,3.6666666666666665,Other
CUST-010750,2,146.18192305183658,207,4,5,4,4.333333333333333,Champions
CUST-010751,2,42.99684423420592,466,2,5,3,3.3333333333333335,Other
CUST-010752,2,24.455734905405706,147,4,5,2,3.6666666666666665,Other
CUST-010753,1,11503.514091969271,46,5,3,5,4.333333333333333,Potential Loyalists
CUST-010754,1,43.33790449601831,2,5,3,3,3.6666666666666665,Potential Loyalists
CUST-010755,2,143.0514308844121,173,4,5,4,4.333333333333333,Champions
CUST-010756,2,568.782719813154,35,5,5,5,5.0,Champions
CUST-010757,2,36.35780794899108,255,3,5,2,3.3333333333333335,Other
CUST-010758,2,107.20157753600537,431,2,5,4,3.6666666666666665,Other
CUST-010759,2,273.7396854813737,68,5,5,5,5.0,Champions
CUST-010760,3,345.2150173951982,418,2,5,5,4.0,Other
CUST-010761,1,19.353624974601317,418,2,3,2,2.3333333333333335,Other
CUST-010762,1,30.799820015101403,143,4,3,2,3.0,Other
CUST-010763,2,92.08799321071042,269,3,5,4,4.0,Potential Loyalists
CUST-010764,1,50.30420447146855,213,4,3,3,3.3333333333333335,Potential Loyalists
CUST-010765,1,5.305120752561753,325,3,3,1,2.3333333333333335,Other
CUST-010767,1,157.20461047431644,552,1,3,4,2.6666666666666665,Other
CUST-010768,2,257.6376547973753,422,2,5,5,4.0,Other
CUST-010769,1,7.886156523266968,605,1,3,1,1.6666666666666667,Other
CUST-010770,1,100.04844818801304,711,1,3,4,2.6666666666666665,Other
CUST-010771,2,82.86445811009804,421,2,5,4,3.6666666666666665,Other
CUST-010772,1,15.488517676573546,684,1,3,1,1.6666666666666667,Other
CUST-010773,1,40.92768905810695,403,2,3,2,2.3333333333333335,Other
CUST-010774,2,22.56625936546063,229,3,5,2,3.3333333333333335,Other
CUST-010775,1,5.143455349337065,239,3,3,1,2.3333333333333335,Other
CUST-010776,3,140.36891026146796,113,4,5,4,4.333333333333333,Champions
CUST-010777,2,54.01493553006098,267,3,5,3,3.6666666666666665,Potential Loyalists
CUST-010778,1,13.413055835650113,74,5,3,1,3.0,Other
CUST-010779,1,69.393003599661,31,5,3,3,3.6666666666666665,Potential Loyalists
CUST-010780,1,31.94580430137449,264,3,3,2,2.6666666666666665,Other
CUST-010781,1,171.55585042791475,2,5,3,5,4.333333333333333,Potential Loyalists
CUST-010782,1,22.770480242604947,35,5,3,2,3.3333333333333335,Other
CUST-010783,1,341.4483349472514,53,5,3,5,4.333333333333333,Potential Loyalists
CUST-010784,1,177.60312237259987,51,5,3,5,4.333333333333333,Potential Loyalists
CUST-010785,1,79.7955527725805,235,3,3,3,3.0,Potential Loyalists
CUST-010786,3,462.90256172034583,13,5,5,5,5.0,Champions
CUST-010787,1,27.52162112214805,40,5,3,2,3.3333333333333335,Other
CUST-010788,2,103.50120101969988,219,4,5,4,4.333333333333333,Champions
CUST-010789,2,69.86411505032811,57,5,5,3,4.333333333333333,Potential Loyalists
CUST-010790,3,25.34131982437463,89,5,5,2,4.0,Other
CUST-010791,1,13.71129068377344,431,2,3,1,2.0,Other
CUST-010792,1,40.813669348670494,147,4,3,2,3.0,Other
CUST-010793,1,7407.1745094155185,510,2,3,5,3.3333333333333335,Other
CUST-010794,3,87.42648745073477,221,3,5,4,4.0,Potential Loyalists
CUST-010795,1,19.243210523332035,717,1,3,2,2.0,Other
CUST-010796,1,11.262237741259977,644,1,3,1,1.6666666666666667,Other
CUST-010797,1,51.676015214475925,728,1,3,3,2.3333333333333335,Other
CUST-010798,1,255.9292776031085,701,1,3,5,3.0,Other
CUST-010799,1,12.720135117714449,78,5,3,1,3.0,Other
CUST-010800,2,57.69365774488911,67,5,5,3,4.333333333333333,Potential Loyalists
CUST-010801,2,32.013934256910495,547,1,5,2,2.6666666666666665,Other
CUST-010802,1,73.70051124038503,565,1,3,3,2.3333333333333335,Other
CUST-010803,1,9.108416430162864,240,3,3,1,2.3333333333333335,Other
CUST-010804,1,5831.164266955142,91,5,3,5,4.333333333333333,Potential Loyalists
CUST-010805,1,28.99089420013901,160,4,3,2,3.0,Other
CUST-010806,3,614.6746199122542,13,5,5,5,5.0,Champions
CUST-010807,1,22.32465012455995,594,1,3,2,2.0,Other
CUST-010808,1,12.46966872250976,527,1,3,1,1.6666666666666667,Other
CUST-010809,3,126.02475227790063,155,4,5,4,4.333333333333333,Champions
CUST-010810,1,13.306164410890773,393,2,3,1,2.0,Other
CUST-010811,1,4.1672059930686745,586,1,3,1,1.6666666666666667,Other
CUST-010812,1,70.35104452977377,110,4,3,3,3.3333333333333335,Potential Loyalists
CUST-010813,1,82.81685158298582,350,3,3,4,3.3333333333333335,Potential Loyalists
CUST-010814,3,68.75234955171888,395,2,5,3,3.3333333333333335,Other
CUST-010815,1,83.54713523320537,122,4,3,4,3.6666666666666665,Potential Loyalists
CUST-010816,1,84.7978081266518,217,4,3,4,3.6666666666666665,Potential Loyalists
CUST-010817,2,14767.790062766195,378,2,5,5,4.0,Other
CUST-010818,3,70.21638326645282,115,4,5,3,4.0,Potential Loyalists
CUST-010819,2,50.6021674532594,32,5,5,3,4.333333333333333,Potential Loyalists
CUST-010820,1,8.628289789038083,339,3,3,1,2.3333333333333335,Other
CUST-010821,1,16.312765396489514,693,1,3,1,1.6666666666666667,Other
CUST-010823,2,13.256090034064417,513,2,5,1,2.6666666666666665,Other
CUST-010824,2,51.91285297297922,260,3,5,3,3.6666666666666665,Potential Loyalists
CUST-010825,2,13537.148481797072,7,5,5,5,5.0,Champions
CUST-010826,2,62.14623342323053,72,5,5,3,4.333333333333333,Potential Loyalists
CUST-010827,1,33.66309552557201,632,1,3,2,2.0,Other
CUST-010828,2,72.71598933509506,457,2,5,3,3.3333333333333335,Other
CUST-010829,2,64.04764753398204,189,4,5,3,4.0,Potential Loyalists
CUST-010830,1,40.51318258810945,576,1,3,2,2.0,Other
CUST-010831,1,56.23767369934716,425,2,3,3,2.6666666666666665,Other
CUST-010832,2,44.079171877836195,84,5,5,3,4.333333333333333,Potential Loyalists
CUST-010833,2,55.22514493364107,625,1,5,3,3.0,Other
CUST-010834,1,137.63190700435564,443,2,3,4,3.0,Other
CUST-010835,1,110.90081321560218,465,2,3,4,3.0,Other
CUST-010836,1,16.143572344425017,11,5,3,1,3.0,Other
CUST-010837,1,96.8955964524723,249,3,3,4,3.3333333333333335,Potential Loyalists
CUST-010838,2,164.77647572690853,58,5,5,5,5.0,Champions
CUST-010839,1,223.98386944553403,631,1,3,5,3.0,Other
CUST-010840,1,8.099447462948541,399,2,3,1,2.0,Other
CUST-010841,1,7.878052538535514,163,4,3,1,2.6666666666666665,Other
CUST-010842,2,35.73530974704486,6,5,5,2,4.0,Other
CUST-010843,1,32.861657058037316,466,2,3,2,2.3333333333333335,Other
CUST-010844,1,30.702092808573347,22,5,3,2,3.3333333333333335,Other
CUST-010845,2,102.38194926133863,127,4,5,4,4.333333333333333,Champions
CUST-010846,1,13.241275623559018,329,3,3,1,2.3333333333333335,Other
CUST-010847,3,124.48110421570314,279,3,5,4,4.0,Potential Loyalists
CUST-010848,2,76.64526213476921,77,5,5,3,4.333333333333333,Potential Loyalists
CUST-010849,2,67.0552301857256,298,3,5,3,3.6666666666666665,Potential Loyalists
CUST-010850,4,101.41103525299815,128,4,5,4,4.333333333333333,Champions
CUST-010851,2,85.82760198773899,16,5,5,4,4.666666666666667,Champions
CUST-010852,2,104.12480950873612,403,2,5,4,3.6666666666666665,Other
CUST-010853,5,321.88186711992205,360,2,5,5,4.0,Other
CUST-010854,2,54.48017976127488,472,2,5,3,3.3333333333333335,Other
CUST-010855,2,346.9734493301815,0,5,5,5,5.0,Champions
CUST-010856,1,5.4375129492676315,361,2,3,1,2.0,Other
CUST-010857,1,75.21207577456396,320,3,3,3,3.0,Potential Loyalists
CUST-010858,2,812.4108361671547,122,4,5,5,4.666666666666667,Champions
CUST-010859,2,603.9558297674273,177,4,5,5,4.666666666666667,Champions
CUST-010860,2,22.45544680923283,105,5,5,2,4.0,Other
CUST-010861,2,10767.533669983055,250,3,5,5,4.333333333333333,Potential Loyalists
CUST-010862,1,7.080424045680429,157,4,3,1,2.6666666666666665,Other
CUST-010863,1,12.350600289111526,714,1,3,1,1.6666666666666667,Other
CUST-010864,2,320.5672828421469,129,4,5,5,4.666666666666667,Champions
CUST-010865,1,26.150876954322044,154,4,3,2,3.0,Other
CUST-010866,1,5.723051462588205,652,1,3,1,1.6666666666666667,Other
CUST-010868,4,86.48781189976627,73,5,5,4,4.666666666666667,Champions
CUST-010869,1,33.83886885961025,59,5,3,2,3.3333333333333335,Other
CUST-010870,2,18.42378585601375,538,1,5,1,2.3333333333333335,Other
CUST-010871,1,3.264339896914916,430,2,3,1,2.0,Other
CUST-010872,1,26.90407328065628,199,4,3,2,3.0,Other
CUST-010873,1,134.01130210645184,104,5,3,4,4.0,Potential Loyalists
CUST-010874,1,41.87294378957849,549,1,3,3,2.3333333333333335,Other
CUST-010875,2,161.7339077577235,189,4,5,5,4.666666666666667,Champions
CUST-010876,1,142.22026793186492,425,2,3,4,3.0,Other
CUST-010877,1,1.4450165329403044,502,2,3,1,2.0,Other
CUST-010878,1,56.866111159817855,611,1,3,3,2.3333333333333335,Other
CUST-010879,5,112.36284830407239,165,4,5,4,4.333333333333333,Champions
CUST-010880,1,2.8951718685591494,642,1,3,1,1.6666666666666667,Other
CUST-010881,1,76.12124138828477,310,3,3,3,3.0,Potential Loyalists
CUST-010882,1,24.565131442584477,413,2,3,2,2.3333333333333335,Other
CUST-010883,2,49.14489359719303,145,4,5,3,4.0,Potential Loyalists
CUST-010884,1,49.730404953202125,67,5,3,3,3.6666666666666665,Potential Loyalists
CUST-010885,1,126.89633948592493,436,2,3,4,3.0,Other
CUST-010886,1,17.764517399432027,571,1,3,1,1.6666666666666667,Other
CUST-010887,2,23.8663080547561,266,3,5,2,3.3333333333333335,Other
CUST-010888,1,14.424387150122463,139,4,3,1,2.6666666666666665,Other
CUST-010889,2,39.73410088356387,31,5,5,2,4.0,Other
CUST-010891,1,111.2579132160852,572,1,3,4,2.6666666666666665,Other
CUST-010892,1,111.71256643831722,190,4,3,4,3.6666666666666665,Potential Loyalists
CUST-010893,1,20.546878096763876,484,2,3,2,2.3333333333333335,Other
CUST-010894,2,19.264169064825456,475,2,5,2,3.0,Other
CUST-010895,1,33.01204592178972,210,4,3,2,3.0,Other
CUST-010896,1,2.6405749565175234,157,4,3,1,2.6666666666666665,Other
CUST-010897,2,36.463260852099076,226,3,5,2,3.3333333333333335,Other
CUST-010899,1,31.271168704944053,235,3,3,2,2.6666666666666665,Other
CUST-010900,1,103.9649690729076,98,5,3,4,4.0,Potential Loyalists
CUST-010901,4,397.6973577410905,42,5,5,5,5.0,Champions
CUST-010902,2,216.85513233667382,439,2,5,5,4.0,Other
CUST-010903,2,36.50002553722349,53,5,5,2,4.0,Other
CUST-010904,1,29.89471506936314,142,4,3,2,3.0,Other
CUST-010905,1,379.3052271125922,401,2,3,5,3.3333333333333335,Other
CUST-010906,2,152.0086728272564,416,2,5,4,3.6666666666666665,Other
CUST-010907,2,31.575413420781093,526,1,5,2,2.6666666666666665,Other
CUST-010908,1,30.527959074136277,11,5,3,2,3.3333333333333335,Other
CUST-010909,1,4.140917729743807,326,3,3,1,2.3333333333333335,Other
CUST-010910,1,16.341710348027433,34,5,3,1,3.0,Other
CUST-010911,1,27.550674385440487,499,2,3,2,2.3333333333333335,Other
CUST-010912,1,11.009207526867163,204,4,3,1,2.6666666666666665,Other
CUST-010913,1,3.7174710357292544,493,2,3,1,2.0,Other
CUST-010914,2,163.94601108047607,387,2,5,5,4.0,Other
CUST-010915,2,55.71763450990295,13,5,5,3,4.333333333333333,Potential Loyalists
CUST-010916,1,5.593205254430959,128,4,3,1,2.6666666666666665,Other
CUST-010917,2,487.14376221895316,271,3,5,5,4.333333333333333,Potential Loyalists
CUST-010918,2,336.75454944180353,80,5,5,5,5.0,Champions
CUST-010919,1,89.00328012952521,624,1,3,4,2.6666666666666665,Other
CUST-010920,2,85.4863210161475,27,5,5,4,4.666666666666667,Champions
CUST-010921,1,27.13251050793141,589,1,3,2,2.0,Other
CUST-010922,2,126.3807564966614,56,5,5,4,4.666666666666667,Champions
CUST-010923,3,180.06347246241222,319,3,5,5,4.333333333333333,Potential Loyalists
CUST-010924,1,10.443453386390347,22,5,3,1,3.0,Other
CUST-010925,1,162.44791073610727,551,1,3,5,3.0,Other
CUST-010926,1,22.78332092542518,163,4,3,2,3.0,Other
CUST-010927,1,55.67588437077714,705,1,3,3,2.3333333333333335,Other
CUST-010928,2,79.96614271415969,586,1,5,3,3.0,Other
CUST-010929,1,2.19978430556147,253,3,3,1,2.3333333333333335,Other
CUST-010930,2,23.247129139558844,135,4,5,2,3.6666666666666665,Other
CUST-010931,1,470.6319756184064,680,1,3,5,3.0,Other
CUST-010932,1,149.81660050099757,70,5,3,4,4.0,Potential Loyalists
CUST-010933,1,229.12195331639504,335,3,3,5,3.6666666666666665,Potential Loyalists
CUST-010934,1,57.530029703096226,117,4,3,3,3.3333333333333335,Potential Loyalists
CUST-010935,1,72.11719604232724,496,2,3,3,2.6666666666666665,Other
CUST-010936,2,557.7863768128537,4,5,5,5,5.0,Champions
CUST-010937,1,70.13806149009615,554,1,3,3,2.3333333333333335,Other
CUST-010938,1,24.356513174066784,471,2,3,2,2.3333333333333335,Other
CUST-010939,2,179.15351522461975,133,4,5,5,4.666666666666667,Champions
CUST-010940,2,35.588657738137556,281,3,5,2,3.3333333333333335,Other
CUST-010941,1,12013.25005744379,260,3,3,5,3.6666666666666665,Potential Loyalists
CUST-010942,1,4.160767153052431,129,4,3,1,2.6666666666666665,Other
CUST-010943,1,70.91065895838608,576,1,3,3,2.3333333333333335,Other
CUST-010944,1,4.1761446097712245,701,1,3,1,1.6666666666666667,Other
CUST-010945,1,85.15575799530316,21,5,3,4,4.0,Potential Loyalists
CUST-010946,1,14.112348677543132,256,3,3,1,2.3333333333333335,Other
CUST-010947,1,11.450987629840292,519,2,3,1,2.0,Other
CUST-010948,1,8.54932602143105,188,4,3,1,2.6666666666666665,Other
CUST-010949,2,73.57484402739743,108,4,5,3,4.0,Potential Loyalists
CUST-010950,1,4.306063871839396,116,4,3,1,2.6666666666666665,Other
CUST-010951,1,46.972980223807866,143,4,3,3,3.3333333333333335,Potential Loyalists
CUST-010952,1,13.985646186286356,619,1,3,1,1.6666666666666667,Other
CUST-010953,1,10.18605182175487,647,1,3,1,1.6666666666666667,Other
CUST-010954,2,97.52883277148047,298,3,5,4,4.0,Potential Loyalists
CUST-010955,2,53.76129208307799,448,2,5,3,3.3333333333333335,Other
CUST-010956,1,3.715262058319582,72,5,3,1,3.0,Other
CUST-010957,3,160.79335056461878,100,5,5,5,5.0,Champions
CUST-010958,1,112.74031314440208,45,5,3,4,4.0,Potential Loyalists
CUST-010959,2,255.77859112013482,236,3,5,5,4.333333333333333,Potential Loyalists
CUST-010960,1,6.245651765475378,476,2,3,1,2.0,Other
CUST-010961,2,94.19884788649426,505,2,5,4,3.6666666666666665,Other
CUST-010962,2,90.31648329264597,707,1,5,4,3.3333333333333335,Other
CUST-010963,1,44.44036225101714,434,2,3,3,2.6666666666666665,Other
CUST-010964,1,9.25532045778719,726,1,3,1,1.6666666666666667,Other
CUST-010965,2,47.91298499588261,171,4,5,3,4.0,Potential Loyalists
CUST-010966,3,102.4051078325525,446,2,5,4,3.6666666666666665,Other
CUST-010967,5,903.9778358673287,83,5,5,5,5.0,Champions
CUST-010968,1,2.2871592628310125,293,3,3,1,2.3333333333333335,Other
CUST-010969,1,79.12074528256078,106,4,3,3,3.3333333333333335,Potential Loyalists
CUST-010970,2,35.8269425534785,496,2,5,2,3.0,Other
CUST-010972,3,633.4664768906857,146,4,5,5,4.666666666666667,Champions
CUST-010973,2,78.17318696506975,407,2,5,3,3.3333333333333335,Other
CUST-010974,2,42.058662283619014,400,2,5,3,3.3333333333333335,Other
CUST-010975,1,11217.822494648295,379,2,3,5,3.3333333333333335,Other
CUST-010976,2,132.76836051016218,300,3,5,4,4.0,Potential Loyalists
CUST-010977,2,47.75499080911749,118,4,5,3,4.0,Potential Loyalists
CUST-010978,1,2.3265197150846175,401,2,3,1,2.0,Other
CUST-010979,1,335.3665164826855,189,4,3,5,4.0,Potential Loyalists
CUST-010980,1,136.75610291691248,5,5,3,4,4.0,Potential Loyalists
CUST-010981,2,154.7735400145937,156,4,5,4,4.333333333333333,Champions
CUST-010982,1,30.765656292102832,317,3,3,2,2.6666666666666665,Other
CUST-010983,1,59.23523336287768,371,2,3,3,2.6666666666666665,Other
CUST-010984,2,236.55268225077745,76,5,5,5,5.0,Champions
CUST-010985,1,12.96058758558107,723,1,3,1,1.6666666666666667,Other
CUST-010986,2,85.71853487128963,11,5,5,4,4.666666666666667,Champions
CUST-010987,1,57.8011724637727,268,3,3,3,3.0,Potential Loyalists
CUST-010988,1,11.29490363589786,679,1,3,1,1.6666666666666667,Other
CUST-010989,2,17.890574338516046,101,5,5,1,3.6666666666666665,Other
CUST-010990,1,127.67642761936636,2,5,3,4,4.0,Potential Loyalists
CUST-010991,2,29.215473327352917,68,5,5,2,4.0,Other
CUST-010992,1,30.645037440062715,318,3,3,2,2.6666666666666665,Other
CUST-010993,2,209.67343901442473,43,5,5,5,5.0,Champions
CUST-010994,2,395.8035306125821,563,1,5,5,3.6666666666666665,Other
CUST-010995,1,15.35149906871912,24,5,3,1,3.0,Other
CUST-010996,1,49.531386011538096,460,2,3,3,2.6666666666666665,Other
CUST-010997,2,112.00378779004683,610,1,5,4,3.3333333333333335,Other
CUST-010998,2,166.7364850625757,28,5,5,5,5.0,Champions
CUST-010999,2,20.171293750267864,414,2,5,2,3.0,Other
CUST-011000,1,20.855244871821963,554,1,3,2,2.0,Other
CUST-011001,2,207.07247493954748,68,5,5,5,5.0,Champions
CUST-011002,2,103.19480459097568,198,4,5,4,4.333333333333333,Champions
CUST-011003,4,151.31194501791052,45,5,5,4,4.666666666666667,Champions
CUST-011004,2,53.26424145113238,32,5,5,3,4.333333333333333,Potential Loyalists
CUST-011005,1,27.42900832217838,232,3,3,2,2.6666666666666665,Other
CUST-011006,2,150.32453658181026,319,3,5,4,4.0,Potential Loyalists
CUST-011007,1,148.28665039552058,550,1,3,4,2.6666666666666665,Other
CUST-011008,1,5.339690697265885,555,1,3,1,1.6666666666666667,Other
CUST-011009,2,75.86317140425123,124,4,5,3,4.0,Potential Loyalists
CUST-011010,1,4.249518714529181,447,2,3,1,2.0,Other
CUST-011011,1,82.40975563370199,295,3,3,4,3.3333333333333335,Potential Loyalists
CUST-011012,1,30.703022151272737,336,3,3,2,2.6666666666666665,Other
CUST-011013,1,60.83242100143972,432,2,3,3,2.6666666666666665,Other
CUST-011014,1,9.927336551860504,427,2,3,1,2.0,Other
CUST-011015,1,182.36464102065665,190,4,3,5,4.0,Potential Loyalists
CUST-011016,2,245.93211821610444,302,3,5,5,4.333333333333333,Potential Loyalists
CUST-011017,2,23.17826671186577,116,4,5,2,3.6666666666666665,Other
CUST-011018,1,90.28316423363104,25,5,3,4,4.0,Potential Loyalists
CUST-011019,1,10.339539259444892,389,2,3,1,2.0,Other
CUST-011020,1,223.4100077973612,571,1,3,5,3.0,Other
CUST-011021,1,125.54903269206116,372,2,3,4,3.0,Other
CUST-011022,2,110.95675223089997,180,4,5,4,4.333333333333333,Champions
CUST-011023,2,91.50174601255776,9,5,5,4,4.666666666666667,Champions
CUST-011024,4,275.709848845089,18,5,5,5,5.0,Champions
CUST-011025,1,13.037665219432208,79,5,3,1,3.0,Other
CUST-011026,1,22.16026175315871,224,3,3,2,2.6666666666666665,Other
CUST-011027,1,9.42259322047221,470,2,3,1,2.0,Other
CUST-011028,1,175.97923202439762,238,3,3,5,3.6666666666666665,Potential Loyalists
CUST-011029,1,76.46942426089565,676,1,3,3,2.3333333333333335,Other
CUST-011030,4,8879.863176847668,572,1,5,5,3.6666666666666665,Other
CUST-011031,2,47.95681435327184,65,5,5,3,4.333333333333333,Potential Loyalists
CUST-011032,1,8.601158337950478,697,1,3,1,1.6666666666666667,Other
CUST-011033,1,962.160176010154,493,2,3,5,3.3333333333333335,Other
CUST-011034,2,155.59639884227752,226,3,5,4,4.0,Potential Loyalists
CUST-011035,1,38.988201746063176,101,5,3,2,3.3333333333333335,Other
CUST-011036,2,105.5632398400628,431,2,5,4,3.6666666666666665,Other
CUST-011037,2,59.03369621415803,482,2,5,3,3.3333333333333335,Other
CUST-011038,1,29.9534460545102,230,3,3,2,2.6666666666666665,Other
CUST-011039,1,89.97232146437064,436,2,3,4,3.0,Other
CUST-011040,1,110.17083121135774,582,1,3,4,2.6666666666666665,Other
CUST-011041,2,69.11000020999589,236,3,5,3,3.6666666666666665,Potential Loyalists
CUST-011042,3,14164.015582618216,211,4,5,5,4.666666666666667,Champions
CUST-011043,1,13108.366325048446,366,2,3,5,3.3333333333333335,Other
CUST-011044,1,36.71148401673864,431,2,3,2,2.3333333333333335,Other
CUST-011045,1,37.69686999265551,198,4,3,2,3.0,Other
CUST-011046,3,176.22924072482783,227,3,5,5,4.333333333333333,Potential Loyalists
CUST-011047,2,327.5789776988002,262,3,5,5,4.333333333333333,Potential Loyalists
CUST-011048,1,96.25369946336586,628,1,3,4,2.6666666666666665,Other
CUST-011049,2,125.38210627274819,397,2,5,4,3.6666666666666665,Other
CUST-011050,2,179.21898868985767,592,1,5,5,3.6666666666666665,Other
CUST-011051,1,3.674417728801514,70,5,3,1,3.0,Other
CUST-011052,1,39.81043817906576,179,4,3,2,3.0,Other
CUST-011053,1,25.796879784743496,259,3,3,2,2.6666666666666665,Other
CUST-011054,2,121.50016170311036,383,2,5,4,3.6666666666666665,Other
CUST-011055,1,27.33343063762247,485,2,3,2,2.3333333333333335,Other
CUST-011056,1,27.79563421545273,287,3,3,2,2.6666666666666665,Other
CUST-011057,1,30.384912332175624,725,1,3,2,2.0,Other
CUST-011058,1,84.24730151511648,328,3,3,4,3.3333333333333335,Potential Loyalists
CUST-011059,1,11.502662749200232,75,5,3,1,3.0,Other
CUST-011060,1,2.46849264569726,635,1,3,1,1.6666666666666667,Other
CUST-011061,1,90.50708490924596,502,2,3,4,3.0,Other
CUST-011062,1,17.753074716105324,630,1,3,1,1.6666666666666667,Other
CUST-011063,2,52.41160072175575,44,5,5,3,4.333333333333333,Potential Loyalists
CUST-011064,1,35.4738461759152,486,2,3,2,2.3333333333333335,Other
CUST-011065,2,23.095709999926232,261,3,5,2,3.3333333333333335,Other
CUST-011066,1,39.35922538586453,707,1,3,2,2.0,Other
CUST-011067,1,159.80241511388903,193,4,3,4,3.6666666666666665,Potential Loyalists
CUST-011068,1,7.627536612176534,307,3,3,1,2.3333333333333335,Other
CUST-011069,1,78.3251481226628,446,2,3,3,2.6666666666666665,Other
CUST-011070,2,10.520575065341571,7,5,5,1,3.6666666666666665,Other
CUST-011071,1,39.35638073736746,398,2,3,2,2.3333333333333335,Other
CUST-011072,1,52.5142690199659,587,1,3,3,2.3333333333333335,Other
CUST-011073,1,63.16555010272446,555,1,3,3,2.3333333333333335,Other
CUST-011074,1,156.98168770360562,170,4,3,4,3.6666666666666665,Potential Loyalists
CUST-011075,1,15.334722717710488,452,2,3,1,2.0,Other
CUST-011076,1,57.007860769555016,464,2,3,3,2.6666666666666665,Other
CUST-011077,1,14.861501252831795,291,3,3,1,2.3333333333333335,Other
CUST-011078,1,12.930493449787043,425,2,3,1,2.0,Other
CUST-011079,1,21.297851405018395,278,3,3,2,2.6666666666666665,Other
CUST-011080,1,223.17776803068284,233,3,3,5,3.6666666666666665,Potential Loyalists
CUST-011081,2,32.57484950158205,403,2,5,2,3.0,Other
CUST-011082,2,78.1940743398691,187,4,5,3,4.0,Potential Loyalists
CUST-011083,1,22.393367474571264,668,1,3,2,2.0,Other
CUST-011084,2,12879.596330822016,60,5,5,5,5.0,Champions
CUST-011085,2,121.66661457297931,456,2,5,4,3.6666666666666665,Other
CUST-011086,2,186.77537704264103,63,5,5,5,5.0,Champions
CUST-011087,1,246.8808658716566,46,5,3,5,4.333333333333333,Potential Loyalists
CUST-011088,3,207.66835555118539,161,4,5,5,4.666666666666667,Champions
CUST-011089,4,286.9573931586566,255,3,5,5,4.333333333333333,Potential Loyalists
CUST-011090,1,29.316741928566294,257,3,3,2,2.6666666666666665,Other
CUST-011092,1,6.195854137449767,560,1,3,1,1.6666666666666667,Other
CUST-011093,1,20.01720161717638,239,3,3,2,2.6666666666666665,Other
CUST-011094,3,193.27225000095947,4,5,5,5,5.0,Champions
CUST-011095,2,416.1838647218981,178,4,5,5,4.666666666666667,Champions
CUST-011096,1,25.78681797474403,663,1,3,2,2.0,Other
CUST-011097,2,63.81086596723798,148,4,5,3,4.0,Potential Loyalists
CUST-011098,1,244.6755326495293,253,3,3,5,3.6666666666666665,Potential Loyalists
CUST-011100,1,35.71175480686096,89,5,3,2,3.3333333333333335,Other
CUST-011101,1,6.573786767929005,362,2,3,1,2.0,Other
CUST-011102,2,26.284290959001915,5,5,5,2,4.0,Other
CUST-011103,1,9.099985825887163,228,3,3,1,2.3333333333333335,Other
CUST-011104,1,11.420318424804885,681,1,3,1,1.6666666666666667,Other
CUST-011105,2,240.66981761187205,30,5,5,5,5.0,Champions
CUST-011107,1,120.21992856049188,559,1,3,4,2.6666666666666665,Other
CUST-011108,2,67.38341669474958,5,5,5,3,4.333333333333333,Potential Loyalists
CUST-011109,2,159.8427682331395,68,5,5,4,4.666666666666667,Champions
CUST-011111,1,15.997541658528414,708,1,3,1,1.6666666666666667,Other
CUST-011112,4,289.02383112978634,335,3,5,5,4.333333333333333,Potential Loyalists
CUST-011113,1,21.8467702072942,117,4,3,2,3.0,Other
CUST-011114,1,108.49177690300236,188,4,3,4,3.6666666666666665,Potential Loyalists
CUST-011115,1,21.88664722869674,718,1,3,2,2.0,Other
CUST-011116,2,115.60828393623069,72,5,5,4,4.666666666666667,Champions
CUST-011117,4,106.6711281120593,45,5,5,4,4.666666666666667,Champions
CUST-011118,1,7.674807998751359,45,5,3,1,3.0,Other
CUST-011119,1,16.501085777930644,64,5,3,1,3.0,Other
CUST-011120,1,9.441805507685194,384,2,3,1,2.0,Other
CUST-011121,4,415.29919442435795,268,3,5,5,4.333333333333333,Potential Loyalists
CUST-011122,1,181.2740199594916,493,2,3,5,3.3333333333333335,Other
CUST-011123,2,400.4636214635561,223,3,5,5,4.333333333333333,Potential Loyalists
CUST-011124,1,24.520550345266475,576,1,3,2,2.0,Other
CUST-011125,1,17.195625228728733,470,2,3,1,2.0,Other
CUST-011126,2,25.14305489465574,480,2,5,2,3.0,Other
CUST-011127,3,61.50738006477505,121,4,5,3,4.0,Potential Loyalists
CUST-011128,1,127.068660528864,641,1,3,4,2.6666666666666665,Other
CUST-011129,3,106.34232508811118,180,4,5,4,4.333333333333333,Champions
CUST-011130,2,240.08914515139645,190,4,5,5,4.666666666666667,Champions
CUST-011131,4,753.3457629275563,3,5,5,5,5.0,Champions
CUST-011132,1,39.28473220611982,657,1,3,2,2.0,Other
CUST-011133,2,66.93812099484963,187,4,5,3,4.0,Potential Loyalists
CUST-011134,1,10.43478409498402,344,3,3,1,2.3333333333333335,Other
CUST-011135,2,107.68493613499743,535,1,5,4,3.3333333333333335,Other
CUST-011136,1,27.140758664701025,20,5,3,2,3.3333333333333335,Other
CUST-011137,1,30.906465548550557,356,3,3,2,2.6666666666666665,Other
CUST-011138,1,12.351716983891745,626,1,3,1,1.6666666666666667,Other
CUST-011139,3,126.80560216511572,110,4,5,4,4.333333333333333,Champions
CUST-011140,3,314.1747062492338,321,3,5,5,4.333333333333333,Potential Loyalists
CUST-011141,1,7.213096368222808,628,1,3,1,1.6666666666666667,Other
CUST-011142,2,602.0751482237472,392,2,5,5,4.0,Other
CUST-011143,4,12808.622852961314,31,5,5,5,5.0,Champions
CUST-011144,2,10859.356807385977,220,3,5,5,4.333333333333333,Potential Loyalists
CUST-011145,1,52.601713537360496,539,1,3,3,2.3333333333333335,Other
CUST-011146,3,12451.46327300291,124,4,5,5,4.666666666666667,Champions
CUST-011147,1,30.908063388531087,554,1,3,2,2.0,Other
CUST-011148,1,163.5536584913578,576,1,3,5,3.0,Other
CUST-011149,3,99.6871211128579,337,3,5,4,4.0,Potential Loyalists
CUST-011150,1,62.59496030606577,118,4,3,3,3.3333333333333335,Potential Loyalists
CUST-011151,3,154.76280084585744,243,3,5,4,4.0,Potential Loyalists
CUST-011152,5,166.2076218417583,1,5,5,5,5.0,Champions
CUST-011153,1,171.4826613279905,475,2,3,5,3.3333333333333335,Other
CUST-011154,1,12.379262994807862,246,3,3,1,2.3333333333333335,Other
CUST-011155,2,9446.18452773571,134,4,5,5,4.666666666666667,Champions
CUST-011156,1,74.03425484159679,424,2,3,3,2.6666666666666665,Other
CUST-011157,4,130.24734987135804,277,3,5,4,4.0,Potential Loyalists
CUST-011158,1,77.05408900619206,291,3,3,3,3.0,Potential Loyalists
CUST-011159,2,12.429515585150222,212,4,5,1,3.3333333333333335,Other
CUST-011160,1,52.71511931202589,70,5,3,3,3.6666666666666665,Potential Loyalists
CUST-011161,1,13.29575133107084,587,1,3,1,1.6666666666666667,Other
CUST-011163,1,11.3207760300192,726,1,3,1,1.6666666666666667,Other
CUST-011164,3,86.87356031941451,285,3,5,4,4.0,Potential Loyalists
CUST-011165,2,54.390670616816635,284,3,5,3,3.6666666666666665,Potential Loyalists
CUST-011166,1,79.03892275666706,691,1,3,3,2.3333333333333335,Other
CUST-011167,2,17.285869221050117,429,2,5,1,2.6666666666666665,Other
CUST-011168,1,36.71670987995093,73,5,3,2,3.3333333333333335,Other
CUST-011169,2,60.556994051409134,198,4,5,3,4.0,Potential Loyalists
CUST-011170,2,14583.233897907612,88,5,5,5,5.0,Champions
CUST-011171,1,31.241925813374884,385,2,3,2,2.3333333333333335,Other
CUST-011172,2,72.28964277732581,277,3,5,3,3.6666666666666665,Potential Loyalists
CUST-011173,2,147.69465995614215,71,5,5,4,4.666666666666667,Champions
CUST-011174,2,21.039052161479965,75,5,5,2,4.0,Other
CUST-011175,2,257.0886823185384,66,5,5,5,5.0,Champions
CUST-011176,2,64.57997347016595,384,2,5,3,3.3333333333333335,Other
CUST-011177,1,12.564634563135716,334,3,3,1,2.3333333333333335,Other
CUST-011178,1,108.58415031436316,183,4,3,4,3.6666666666666665,Potential Loyalists
CUST-011179,1,12.121955707485638,383,2,3,1,2.0,Other
CUST-011180,1,13.819524557513263,240,3,3,1,2.3333333333333335,Other
CUST-011181,2,15.895134471046752,138,4,5,1,3.3333333333333335,Other
CUST-011182,3,224.6215451339044,113,4,5,5,4.666666666666667,Champions
CUST-011183,2,73.03241720380156,294,3,5,3,3.6666666666666665,Potential Loyalists
CUST-011184,1,200.97470733842547,698,1,3,5,3.0,Other
CUST-011185,1,5490.96562479386,95,5,3,5,4.333333333333333,Potential Loyalists
CUST-011186,4,168.41205440748004,134,4,5,5,4.666666666666667,Champions
CUST-011187,3,192.53490593932372,242,3,5,5,4.333333333333333,Potential Loyalists
CUST-011188,1,121.49356491658192,198,4,3,4,3.6666666666666665,Potential Loyalists
CUST-011189,1,44.41294611804986,171,4,3,3,3.3333333333333335,Potential Loyalists
CUST-011190,1,9.848222746998816,707,1,3,1,1.6666666666666667,Other
CUST-011191,2,62.73405536951095,490,2,5,3,3.3333333333333335,Other
CUST-011192,2,190.59633254828486,35,5,5,5,5.0,Champions
CUST-011193,1,175.03710821776002,645,1,3,5,3.0,Other
CUST-011194,1,176.83782333196717,116,4,3,5,4.0,Potential Loyalists
CUST-011195,1,24.57446754281744,205,4,3,2,3.0,Other
CUST-011196,1,80.16992538401448,278,3,3,4,3.3333333333333335,Potential Loyalists
CUST-011197,2,77.62682438086883,170,4,5,3,4.0,Potential Loyalists
CUST-011198,2,100.48165788400865,42,5,5,4,4.666666666666667,Champions
CUST-011199,1,129.3064590795466,93,5,3,4,4.0,Potential Loyalists
CUST-011200,1,26.563251483339016,382,2,3,2,2.3333333333333335,Other
CUST-011201,1,64.61729888602794,288,3,3,3,3.0,Potential Loyalists
CUST-011202,1,14807.571750398927,33,5,3,5,4.333333333333333,Potential Loyalists
CUST-011203,3,111.10917477695973,85,5,5,4,4.666666666666667,Champions
CUST-011204,1,28.335812581160727,593,1,3,2,2.0,Other
CUST-011205,1,9.869038783957103,265,3,3,1,2.3333333333333335,Other
CUST-011206,2,39.49711807170469,104,5,5,2,4.0,Other
CUST-011207,1,272.684342012204,294,3,3,5,3.6666666666666665,Potential Loyalists
CUST-011208,2,436.2909697804126,488,2,5,5,4.0,Other
CUST-011210,1,123.81196395793732,146,4,3,4,3.6666666666666665,Potential Loyalists
CUST-011211,1,13.160314959335423,6,5,3,1,3.0,Other
CUST-011212,2,125.8464676509301,356,3,5,4,4.0,Potential Loyalists
CUST-011213,1,2.185634513779279,512,2,3,1,2.0,Other
CUST-011214,1,8.20907039728284,170,4,3,1,2.6666666666666665,Other
CUST-011215,2,209.59278178496186,278,3,5,5,4.333333333333333,Potential Loyalists
CUST-011216,1,18.265984548237544,262,3,3,1,2.3333333333333335,Other
CUST-011217,1,146.83096783001062,171,4,3,4,3.6666666666666665,Potential Loyalists
CUST-011218,1,66.81224458005944,406,2,3,3,2.6666666666666665,Other
CUST-011219,1,16.228762815788816,568,1,3,1,1.6666666666666667,Other
CUST-011220,1,4.082433533660953,538,1,3,1,1.6666666666666667,Other
CUST-011221,2,225.47557350697627,130,4,5,5,4.666666666666667,Champions
CUST-011222,2,25.88582701972935,448,2,5,2,3.0,Other
CUST-011223,2,147.4542665700819,103,5,5,4,4.666666666666667,Champions
CUST-011224,2,116.84099108132335,340,3,5,4,4.0,Potential Loyalists
CUST-011225,1,29.09018692311122,55,5,3,2,3.3333333333333335,Other
CUST-011226,1,9.50030120380358,574,1,3,1,1.6666666666666667,Other
CUST-011227,1,51.903735562465826,50,5,3,3,3.6666666666666665,Potential Loyalists
CUST-011228,1,36.93223063141259,6,5,3,2,3.3333333333333335,Other
CUST-011229,2,76.59227925103855,73,5,5,3,4.333333333333333,Potential Loyalists
CUST-011230,2,74.45007683970083,28,5,5,3,4.333333333333333,Potential Loyalists
CUST-011231,1,11.703705815099822,498,2,3,1,2.0,Other
CUST-011232,1,22.0917264993543,703,1,3,2,2.0,Other
CUST-011233,1,46.47408364768099,552,1,3,3,2.3333333333333335,Other
CUST-011234,1,24.03518412987757,299,3,3,2,2.6666666666666665,Other
CUST-011235,2,87.15026409135366,284,3,5,4,4.0,Potential Loyalists
CUST-011236,1,60.01569538204716,424,2,3,3,2.6666666666666665,Other
CUST-011237,1,14260.467077121297,75,5,3,5,4.333333333333333,Potential Loyalists
CUST-011238,1,37.99501021425201,475,2,3,2,2.3333333333333335,Other
CUST-011239,2,115.18605434068182,282,3,5,4,4.0,Potential Loyalists
CUST-011241,3,184.14073529209932,204,4,5,5,4.666666666666667,Champions
CUST-011242,2,1959.5849170716783,238,3,5,5,4.333333333333333,Potential Loyalists
CUST-011243,1,55.98483299992761,468,2,3,3,2.6666666666666665,Other
CUST-011244,1,11.450562406305709,689,1,3,1,1.6666666666666667,Other
CUST-011245,2,196.36389751807326,260,3,5,5,4.333333333333333,Potential Loyalists
CUST-011246,1,17.378801610032735,253,3,3,1,2.3333333333333335,Other
CUST-011247,3,167.88030008292978,382,2,5,5,4.0,Other
CUST-011248,1,34.6472659728192,540,1,3,2,2.0,Other
CUST-011249,2,17.863861567401067,22,5,5,1,3.6666666666666665,Other
CUST-011250,2,26.745663101762215,516,2,5,2,3.0,Other
CUST-011251,1,13.477340170573612,113,4,3,1,2.6666666666666665,Other
CUST-011252,2,24.349145672956567,317,3,5,2,3.3333333333333335,Other
CUST-011253,2,343.67930939181986,351,3,5,5,4.333333333333333,Potential Loyalists
CUST-011254,2,49.08594439498226,143,4,5,3,4.0,Potential Loyalists
CUST-011255,2,100.423401389508,555,1,5,4,3.3333333333333335,Other
CUST-011256,1,32.18952414160167,146,4,3,2,3.0,Other
CUST-011257,1,23.98496716347543,390,2,3,2,2.3333333333333335,Other
CUST-011258,1,25.59137543978792,464,2,3,2,2.3333333333333335,Other
CUST-011259,2,198.99878213736233,119,4,5,5,4.666666666666667,Champions
CUST-011260,3,47.06209894928412,146,4,5,3,4.0,Potential Loyalists
CUST-011261,2,63.41443654006434,96,5,5,3,4.333333333333333,Potential Loyalists
CUST-011262,3,584.0388978744556,123,4,5,5,4.666666666666667,Champions
CUST-011263,1,521.1891275561529,154,4,3,5,4.0,Potential Loyalists
CUST-011264,1,41.82361820718672,710,1,3,3,2.3333333333333335,Other
CUST-011265,1,8632.420173055854,123,4,3,5,4.0,Potential Loyalists
CUST-011266,2,69.8776322338277,314,3,5,3,3.6666666666666665,Potential Loyalists
CUST-011267,1,16.500031186314807,100,5,3,1,3.0,Other
CUST-011269,2,322.862827815506,128,4,5,5,4.666666666666667,Champions
CUST-011270,1,2.9311891542074173,21,5,3,1,3.0,Other
CUST-011271,1,8.79407725021515,14,5,3,1,3.0,Other
CUST-011272,2,102.92519808841752,299,3,5,4,4.0,Potential Loyalists
CUST-011273,1,15.492924149700803,449,2,3,1,2.0,Other
CUST-011274,2,48.622066134547566,224,3,5,3,3.6666666666666665,Potential Loyalists
CUST-011275,1,2.0915775892953037,514,2,3,1,2.0,Other
CUST-011276,1,18.35708637835424,684,1,3,1,1.6666666666666667,Other
CUST-011277,2,71.59022645133753,412,2,5,3,3.3333333333333335,Other
CUST-011278,1,29.913949407245862,129,4,3,2,3.0,Other
CUST-011279,1,1.9339427196872605,96,5,3,1,3.0,Other
CUST-011280,2,113.02279708303237,249,3,5,4,4.0,Potential Loyalists
CUST-011281,2,480.88021178026463,229,3,5,5,4.333333333333333,Potential Loyalists
CUST-011282,2,73.29070306383178,270,3,5,3,3.6666666666666665,Potential Loyalists
CUST-011283,1,6.747937539646498,31,5,3,1,3.0,Other
CUST-011284,1,65.05897240638431,562,1,3,3,2.3333333333333335,Other
CUST-011285,2,95.01862024843071,54,5,5,4,4.666666666666667,Champions
CUST-011286,1,36.21125449327295,99,5,3,2,3.3333333333333335,Other
CUST-011287,1,14.110677574748005,41,5,3,1,3.0,Other
CUST-011288,1,8.267044287994176,109,4,3,1,2.6666666666666665,Other
CUST-011289,1,74.12912371449482,21,5,3,3,3.6666666666666665,Potential Loyalists
CUST-011290,1,164.32551485007417,13,5,3,5,4.333333333333333,Potential Loyalists
CUST-011291,1,42.70996111898546,433,2,3,3,2.6666666666666665,Other
CUST-011292,1,38.19802091161712,51,5,3,2,3.3333333333333335,Other
CUST-011293,1,15.723909645645426,198,4,3,1,2.6666666666666665,Other
CUST-011294,1,13.42347125567778,609,1,3,1,1.6666666666666667,Other
CUST-011295,2,71.97856767977459,47,5,5,3,4.333333333333333,Potential Loyalists
CUST-011296,1,194.3757852496036,503,2,3,5,3.3333333333333335,Other
CUST-011297,3,77.25465126854486,38,5,5,3,4.333333333333333,Potential Loyalists
CUST-011298,1,15.89510356370188,529,1,3,1,1.6666666666666667,Other
CUST-011299,1,9.15418399392685,20,5,3,1,3.0,Other
CUST-011300,1,75.77292036992695,253,3,3,3,3.0,Potential Loyalists
CUST-011302,1,122.40423851832718,539,1,3,4,2.6666666666666665,Other
CUST-011303,2,33.495871159662556,258,3,5,2,3.3333333333333335,Other
CUST-011304,3,704.1095654615547,189,4,5,5,4.666666666666667,Champions
CUST-011305,1,8.683970854368901,436,2,3,1,2.0,Other
CUST-011306,1,3.3840426528614502,292,3,3,1,2.3333333333333335,Other
CUST-011307,1,41.40218875163484,262,3,3,3,3.0,Potential Loyalists
CUST-011308,3,193.90141405564827,201,4,5,5,4.666666666666667,Champions
CUST-011309,2,49.63686579597098,102,5,5,3,4.333333333333333,Potential Loyalists
CUST-011310,3,38.10813762132747,51,5,5,2,4.0,Other
CUST-011311,2,59.24596009156443,42,5,5,3,4.333333333333333,Potential Loyalists
CUST-011312,1,11.612614774301823,483,2,3,1,2.0,Other
CUST-011313,4,75.17064541914829,117,4,5,3,4.0,Potential Loyalists
CUST-011314,1,852.1507844174428,121,4,3,5,4.0,Potential Loyalists
CUST-011315,2,10701.579853975372,114,4,5,5,4.666666666666667,Champions
CUST-011316,1,513.9768814198524,240,3,3,5,3.6666666666666665,Potential Loyalists
CUST-011317,1,95.01621522614248,356,3,3,4,3.3333333333333335,Potential Loyalists
CUST-011318,1,61.3817640882797,333,3,3,3,3.0,Potential Loyalists
CUST-011319,1,15.901648676832126,695,1,3,1,1.6666666666666667,Other
CUST-011320,1,96.93993074320043,213,4,3,4,3.6666666666666665,Potential Loyalists
CUST-011321,1,44.616086429222946,198,4,3,3,3.3333333333333335,Potential Loyalists
CUST-011323,1,25.290729530688424,26,5,3,2,3.3333333333333335,Other
CUST-011324,1,59.68134025255659,215,4,3,3,3.3333333333333335,Potential Loyalists
CUST-011325,1,18.528989304261035,365,2,3,1,2.0,Other
CUST-011326,1,215.3027526493406,151,4,3,5,4.0,Potential Loyalists
CUST-011327,1,52.93185732058806,196,4,3,3,3.3333333333333335,Potential Loyalists
CUST-011328,1,457.7383214977917,333,3,3,5,3.6666666666666665,Potential Loyalists
CUST-011329,3,219.26893350258484,73,5,5,5,5.0,Champions
CUST-011330,2,43.873526734085424,427,2,5,3,3.3333333333333335,Other
CUST-011331,1,127.1092686168294,382,2,3,4,3.0,Other
CUST-011332,1,98.39101440489726,716,1,3,4,2.6666666666666665,Other
CUST-011333,3,91.23927849970522,143,4,5,4,4.333333333333333,Champions
CUST-011334,1,35.684019350393136,356,3,3,2,2.6666666666666665,Other
CUST-011335,1,40.63416017380852,460,2,3,2,2.3333333333333335,Other
CUST-011336,1,21.4751822058093,381,2,3,2,2.3333333333333335,Other
CUST-011337,2,117.78128761449705,297,3,5,4,4.0,Potential Loyalists
CUST-011338,1,151.01383444458435,353,3,3,4,3.3333333333333335,Potential Loyalists
CUST-011339,2,70.75234644866262,478,2,5,3,3.3333333333333335,Other
CUST-011340,2,270.636796645949,145,4,5,5,4.666666666666667,Champions
CUST-011341,1,9.315258919456475,368,2,3,1,2.0,Other
CUST-011342,1,8.477488486457865,721,1,3,1,1.6666666666666667,Other
CUST-011343,1,6.959712054659249,437,2,3,1,2.0,Other
CUST-011344,1,185.13717353141348,19,5,3,5,4.333333333333333,Potential Loyalists
CUST-011345,3,69.65545485922041,436,2,5,3,3.3333333333333335,Other
CUST-011346,1,83.00522254892996,78,5,3,4,4.0,Potential Loyalists
CUST-011347,1,10.531725422547208,376,2,3,1,2.0,Other
CUST-011348,1,86.03168329755331,412,2,3,4,3.0,Other
CUST-011349,3,90.55918209736811,579,1,5,4,3.3333333333333335,Other
CUST-011350,2,71.45202911118514,414,2,5,3,3.3333333333333335,Other
CUST-011351,3,155.7738422659493,187,4,5,4,4.333333333333333,Champions
CUST-011352,1,109.9580001489517,151,4,3,4,3.6666666666666665,Potential Loyalists
CUST-011353,2,206.4316842111603,210,4,5,5,4.666666666666667,Champions
CUST-011354,1,19.98558393649569,519,2,3,2,2.3333333333333335,Other
CUST-011355,1,54.11816395076321,433,2,3,3,2.6666666666666665,Other
CUST-011356,1,35.2063313053458,27,5,3,2,3.3333333333333335,Other
CUST-011357,1,28.98934658377164,452,2,3,2,2.3333333333333335,Other
CUST-011358,1,21.691766587284324,723,1,3,2,2.0,Other
CUST-011359,1,2.9041521726779376,434,2,3,1,2.0,Other
CUST-011360,1,8.020175146233958,302,3,3,1,2.3333333333333335,Other
CUST-011361,1,15.83582317276528,253,3,3,1,2.3333333333333335,Other
CUST-011362,1,8.607491082455452,553,1,3,1,1.6666666666666667,Other
CUST-011363,2,691.5460722109599,5,5,5,5,5.0,Champions
CUST-011364,3,143.32072395817823,228,3,5,4,4.0,Potential Loyalists
CUST-011365,1,16.76252146122818,374,2,3,1,2.0,Other
CUST-011366,2,38.11525124980524,276,3,5,2,3.3333333333333335,Other
CUST-011368,3,183.1563787852176,100,5,5,5,5.0,Champions
CUST-011369,1,34.414645361726144,12,5,3,2,3.3333333333333335,Other
CUST-011370,1,45.57927363603397,498,2,3,3,2.6666666666666665,Other
CUST-011371,1,20.737144245256424,489,2,3,2,2.3333333333333335,Other
CUST-011372,2,20.2256735714225,207,4,5,2,3.6666666666666665,Other
CUST-011373,3,45.4295900589835,132,4,5,3,4.0,Potential Loyalists
CUST-011374,1,66.32052159957746,236,3,3,3,3.0,Potential Loyalists
CUST-011375,1,71.78426024666568,51,5,3,3,3.6666666666666665,Potential Loyalists
CUST-011376,2,52.32239480632177,353,3,5,3,3.6666666666666665,Potential Loyalists
CUST-011377,1,143.56407045373655,218,4,3,4,3.6666666666666665,Potential Loyalists
CUST-011378,1,26.64073558115675,74,5,3,2,3.3333333333333335,Other
CUST-011379,1,111.93033901683366,171,4,3,4,3.6666666666666665,Potential Loyalists
CUST-011380,1,26.430760209598574,76,5,3,2,3.3333333333333335,Other
CUST-011381,3,170.95807354942895,478,2,5,5,4.0,Other
CUST-011382,2,28.0419790886083,288,3,5,2,3.3333333333333335,Other
CUST-011383,4,281.7712868814248,108,4,5,5,4.666666666666667,Champions
CUST-011384,4,215.05992417902155,41,5,5,5,5.0,Champions
CUST-011385,1,76.0777140274089,333,3,3,3,3.0,Potential Loyalists
CUST-011386,2,41.48262892191418,33,5,5,3,4.333333333333333,Potential Loyalists
CUST-011387,1,9.403816038995586,721,1,3,1,1.6666666666666667,Other
CUST-011388,1,77.74724584522902,686,1,3,3,2.3333333333333335,Other
CUST-011389,2,45.38428571250657,328,3,5,3,3.6666666666666665,Potential Loyalists
CUST-011390,1,245.67914254186252,89,5,3,5,4.333333333333333,Potential Loyalists
CUST-011391,2,98.8741153709446,372,2,5,4,3.6666666666666665,Other
CUST-011392,1,217.26425797865417,536,1,3,5,3.0,Other
CUST-011393,1,10.44845758987881,429,2,3,1,2.0,Other
CUST-011394,2,40.22242667435782,25,5,5,2,4.0,Other
CUST-011395,2,60.30947496912979,289,3,5,3,3.6666666666666665,Potential Loyalists
CUST-011396,2,34.23080901619089,97,5,5,2,4.0,Other
CUST-011397,1,3.786702375844413,715,1,3,1,1.6666666666666667,Other
CUST-011398,2,13.19671776572065,81,5,5,1,3.6666666666666665,Other
CUST-011399,1,15.80769184062714,669,1,3,1,1.6666666666666667,Other
CUST-011400,1,39.06277504202344,596,1,3,2,2.0,Other
CUST-011401,1,7.52128134626776,470,2,3,1,2.0,Other
CUST-011402,1,316.55427678246093,569,1,3,5,3.0,Other
CUST-011403,1,2.3843281074105183,435,2,3,1,2.0,Other
CUST-011404,1,12.834992714426486,434,2,3,1,2.0,Other
CUST-011405,3,156.89386378458667,470,2,5,4,3.6666666666666665,Other
CUST-011406,2,34.50055126861072,471,2,5,2,3.0,Other
CUST-011407,2,27.630811086490638,70,5,5,2,4.0,Other
CUST-011408,2,733.6591701022137,67,5,5,5,5.0,Champions
CUST-011409,1,28.153733759699907,548,1,3,2,2.0,Other
CUST-011410,1,13.801078108497014,72,5,3,1,3.0,Other
CUST-011411,3,70.95382555026104,52,5,5,3,4.333333333333333,Potential Loyalists
CUST-011412,3,306.3693347859843,225,3,5,5,4.333333333333333,Potential Loyalists
CUST-011413,1,43.54103531515208,492,2,3,3,2.6666666666666665,Other
CUST-011414,2,125.6275076983514,470,2,5,4,3.6666666666666665,Other
CUST-011415,3,196.5812018275889,119,4,5,5,4.666666666666667,Champions
CUST-011416,1,66.9326913556444,685,1,3,3,2.3333333333333335,Other
CUST-011417,1,5783.4378699114895,442,2,3,5,3.3333333333333335,Other
CUST-011418,1,13.252539629232594,20,5,3,1,3.0,Other
CUST-011419,1,13.811121392216805,453,2,3,1,2.0,Other
CUST-011421,2,33.74659032380558,86,5,5,2,4.0,Other
CUST-011422,2,33.59179565725362,360,2,5,2,3.0,Other
CUST-011423,1,118.86090437995723,594,1,3,4,2.6666666666666665,Other
CUST-011424,1,90.4066724926476,146,4,3,4,3.6666666666666665,Potential Loyalists
CUST-011425,3,139.21951908085504,149,4,5,4,4.333333333333333,Champions
CUST-011426,2,87.8095716236515,180,4,5,4,4.333333333333333,Champions
CUST-011427,3,13349.776545990615,88,5,5,5,5.0,Champions
CUST-011428,1,77.1099122078394,401,2,3,3,2.6666666666666665,Other
CUST-011429,2,163.17131991146618,371,2,5,5,4.0,Other
CUST-011430,1,126.92307831288872,439,2,3,4,3.0,Other
CUST-011431,1,19.44396922601988,585,1,3,2,2.0,Other
CUST-011432,2,73.73298009186541,197,4,5,3,4.0,Potential Loyalists
CUST-011433,1,14.049173119298938,71,5,3,1,3.0,Other
CUST-011434,1,97.2511159162112,53,5,3,4,4.0,Potential Loyalists
CUST-011435,1,46.77855522124237,536,1,3,3,2.3333333333333335,Other
CUST-011436,2,87.69588494520194,528,1,5,4,3.3333333333333335,Other
CUST-011437,1,16.909875714943116,591,1,3,1,1.6666666666666667,Other
CUST-011438,1,263.1288180685689,350,3,3,5,3.6666666666666665,Potential Loyalists
CUST-011439,1,106.8549709304998,264,3,3,4,3.3333333333333335,Potential Loyalists
CUST-011440,2,131.0138305587573,157,4,5,4,4.333333333333333,Champions
CUST-011441,1,147.1192445727085,263,3,3,4,3.3333333333333335,Potential Loyalists
CUST-011442,2,350.9531673345467,642,1,5,5,3.6666666666666665,Other
CUST-011443,2,149.0244032240128,173,4,5,4,4.333333333333333,Champions
CUST-011444,2,36.980236336897654,305,3,5,2,3.3333333333333335,Other
CUST-011446,2,217.2766890372452,339,3,5,5,4.333333333333333,Potential Loyalists
CUST-011447,1,89.65897690740145,601,1,3,4,2.6666666666666665,Other
CUST-011448,2,113.83016387752794,358,3,5,4,4.0,Potential Loyalists
CUST-011449,2,19.86196090174468,115,4,5,2,3.6666666666666665,Other
CUST-011450,1,16.96359144006583,363,2,3,1,2.0,Other
CUST-011451,1,42.969196425145626,587,1,3,3,2.3333333333333335,Other
CUST-011452,2,42.73641523971665,345,3,5,3,3.6666666666666665,Potential Loyalists
CUST-011453,1,178.6296390745677,508,2,3,5,3.3333333333333335,Other
CUST-011454,2,16.213329436763694,512,2,5,1,2.6666666666666665,Other
CUST-011455,2,128.70347292137149,96,5,5,4,4.666666666666667,Champions
CUST-011456,1,27.642637917537947,352,3,3,2,2.6666666666666665,Other
CUST-011457,2,125.4180346806033,197,4,5,4,4.333333333333333,Champions
CUST-011458,1,382.4744762134033,582,1,3,5,3.0,Other
CUST-011459,2,178.9234832859959,289,3,5,5,4.333333333333333,Potential Loyalists
CUST-011460,1,1.7447428386173245,722,1,3,1,1.6666666666666667,Other
CUST-011461,2,79.53824599483062,292,3,5,3,3.6666666666666665,Potential Loyalists
CUST-011462,1,157.83644043604983,295,3,3,4,3.3333333333333335,Potential Loyalists
CUST-011463,2,55.417801615304185,209,4,5,3,4.0,Potential Loyalists
CUST-011464,2,20.859645021780516,102,5,5,2,4.0,Other
CUST-011465,2,227.7777507458139,291,3,5,5,4.333333333333333,Potential Loyalists
CUST-011466,1,40.13091472230084,497,2,3,2,2.3333333333333335,Other
CUST-011467,1,4.626225429731528,501,2,3,1,2.0,Other
CUST-011468,3,200.73964895032165,60,5,5,5,5.0,Champions
CUST-011469,1,36.490959429710536,134,4,3,2,3.0,Other
CUST-011470,1,34.95109629721141,645,1,3,2,2.0,Other
CUST-011471,2,69.36836469789252,110,4,5,3,4.0,Potential Loyalists
CUST-011472,1,5.238338006329264,313,3,3,1,2.3333333333333335,Other
CUST-011473,2,5923.115076470652,246,3,5,5,4.333333333333333,Potential Loyalists
CUST-011474,3,22.10413027797295,15,5,5,2,4.0,Other
CUST-011475,1,63.39541647973775,370,2,3,3,2.6666666666666665,Other
CUST-011476,2,56.354554841044305,150,4,5,3,4.0,Potential Loyalists
CUST-011477,2,40.41185090008361,396,2,5,2,3.0,Other
CUST-011478,2,11.741691928941105,502,2,5,1,2.6666666666666665,Other
CUST-011479,1,5.7013003091979755,142,4,3,1,2.6666666666666665,Other
CUST-011480,3,133.31072480831145,55,5,5,4,4.666666666666667,Champions
CUST-011481,1,393.6253240670999,208,4,3,5,4.0,Potential Loyalists
CUST-011482,2,239.2935438815881,4,5,5,5,5.0,Champions
CUST-011483,1,75.0721470064485,611,1,3,3,2.3333333333333335,Other
CUST-011484,2,166.71509430514942,174,4,5,5,4.666666666666667,Champions
CUST-011485,1,12.43629276824666,304,3,3,1,2.3333333333333335,Other
CUST-011486,3,445.4504417016365,23,5,5,5,5.0,Champions
CUST-011487,4,118.88146766599351,188,4,5,4,4.333333333333333,Champions
CUST-011488,1,29.699234208500577,340,3,3,2,2.6666666666666665,Other
CUST-011489,1,14.546581887666406,390,2,3,1,2.0,Other
CUST-011490,1,41.901278025904425,548,1,3,3,2.3333333333333335,Other
CUST-011491,1,15.760807906736837,691,1,3,1,1.6666666666666667,Other
CUST-011492,1,67.86934636038225,109,4,3,3,3.3333333333333335,Potential Loyalists
CUST-011493,1,140.89455844256406,233,3,3,4,3.3333333333333335,Potential Loyalists
CUST-011494,3,156.2265234811198,252,3,5,4,4.0,Potential Loyalists
CUST-011495,2,42.277701024298445,274,3,5,3,3.6666666666666665,Potential Loyalists
CUST-011496,1,1840.6031994110317,571,1,3,5,3.0,Other
CUST-011497,1,14.36833190105975,51,5,3,1,3.0,Other
CUST-011498,1,48.15767190101273,211,4,3,3,3.3333333333333335,Potential Loyalists
CUST-011499,2,57.34339625797874,85,5,5,3,4.333333333333333,Potential Loyalists
CUST-011500,1,162.17795535445197,650,1,3,5,3.0,Other
CUST-011501,2,125.85400676751736,31,5,5,4,4.666666666666667,Champions
CUST-011502,1,40.94209134150429,711,1,3,2,2.0,Other
CUST-011503,1,30.04671555145427,352,3,3,2,2.6666666666666665,Other
CUST-011504,1,9.00042315177808,113,4,3,1,2.6666666666666665,Other
CUST-011505,1,22.150487796128917,448,2,3,2,2.3333333333333335,Other
CUST-011506,1,15.968602420244396,274,3,3,1,2.3333333333333335,Other
CUST-011507,2,95.21058339948826,655,1,5,4,3.3333333333333335,Other
CUST-011508,1,64.06328761274165,182,4,3,3,3.3333333333333335,Potential Loyalists
CUST-011509,1,42.45962562791048,659,1,3,3,2.3333333333333335,Other
CUST-011510,1,95.03441319556624,649,1,3,4,2.6666666666666665,Other
CUST-011511,1,4.781295606389981,203,4,3,1,2.6666666666666665,Other
CUST-011512,1,183.81568497561528,94,5,3,5,4.333333333333333,Potential Loyalists
CUST-011513,1,67.81718692191573,705,1,3,3,2.3333333333333335,Other
CUST-011514,1,16.29852222310651,361,2,3,1,2.0,Other
CUST-011515,2,108.80241726258035,90,5,5,4,4.666666666666667,Champions
CUST-011516,2,62.573257617013816,663,1,5,3,3.0,Other
CUST-011517,2,69.68125828900384,128,4,5,3,4.0,Potential Loyalists
CUST-011518,2,41.32915130980105,209,4,5,3,4.0,Potential Loyalists
CUST-011519,1,8.683277548423035,407,2,3,1,2.0,Other
CUST-011520,1,116.87280453693614,259,3,3,4,3.3333333333333335,Potential Loyalists
CUST-011521,1,6.338662912487373,724,1,3,1,1.6666666666666667,Other
CUST-011522,2,34.980392915312734,650,1,5,2,2.6666666666666665,Other
CUST-011523,1,88.70770146476579,467,2,3,4,3.0,Other
CUST-011524,1,23.38598500752559,540,1,3,2,2.0,Other
CUST-011525,1,29.324260550420405,657,1,3,2,2.0,Other
CUST-011526,1,152.24613301232756,238,3,3,4,3.3333333333333335,Potential Loyalists
CUST-011528,1,52.57530482124138,357,3,3,3,3.0,Potential Loyalists
CUST-011529,2,20.56975293396734,190,4,5,2,3.6666666666666665,Other
CUST-011530,1,34.35464921233288,18,5,3,2,3.3333333333333335,Other
CUST-011531,2,96.28900180470069,274,3,5,4,4.0,Potential Loyalists
CUST-011532,3,123.96611349111097,184,4,5,4,4.333333333333333,Champions
CUST-011533,1,37.0456942225585,693,1,3,2,2.0,Other
CUST-011534,2,101.13305056458074,484,2,5,4,3.6666666666666665,Other
CUST-011535,3,163.92082377105316,273,3,5,5,4.333333333333333,Potential Loyalists
CUST-011536,1,7.506343886907948,135,4,3,1,2.6666666666666665,Other
CUST-011537,2,54.77838432084938,261,3,5,3,3.6666666666666665,Potential Loyalists
CUST-011538,1,28.827073274546112,270,3,3,2,2.6666666666666665,Other
CUST-011539,1,68.23461429217045,210,4,3,3,3.3333333333333335,Potential Loyalists
CUST-011540,2,168.31372990851025,63,5,5,5,5.0,Champions
CUST-011541,2,47.242652623701645,188,4,5,3,4.0,Potential Loyalists
CUST-011542,1,46.2788164726899,304,3,3,3,3.0,Potential Loyalists
CUST-011543,1,9.621264540166672,399,2,3,1,2.0,Other
CUST-011544,2,318.35268930041764,279,3,5,5,4.333333333333333,Potential Loyalists
CUST-011545,1,14.4679008221685,405,2,3,1,2.0,Other
CUST-011546,1,97.65855901777353,605,1,3,4,2.6666666666666665,Other
CUST-011547,2,1103.0056339578568,204,4,5,5,4.666666666666667,Champions
CUST-011548,1,38.58941072759288,49,5,3,2,3.3333333333333335,Other
CUST-011549,2,90.67121023048628,417,2,5,4,3.6666666666666665,Other
CUST-011550,1,8.317301857343715,163,4,3,1,2.6666666666666665,Other
CUST-011551,1,31.418843359269296,360,2,3,2,2.3333333333333335,Other
CUST-011552,4,141.12252759905712,43,5,5,4,4.666666666666667,Champions
CUST-011553,1,45.75936781622803,143,4,3,3,3.3333333333333335,Potential Loyalists
CUST-011554,1,128.49682739704355,73,5,3,4,4.0,Potential Loyalists
CUST-011555,2,27.788986108635555,436,2,5,2,3.0,Other
CUST-011556,2,38.343680482778076,210,4,5,2,3.6666666666666665,Other
CUST-011557,3,390.37962072947863,136,4,5,5,4.666666666666667,Champions
CUST-011558,1,64.33709826002557,359,2,3,3,2.6666666666666665,Other
CUST-011559,2,331.94258919722853,570,1,5,5,3.6666666666666665,Other
CUST-011560,3,131.22894287824806,207,4,5,4,4.333333333333333,Champions
CUST-011561,1,275.4499261786884,626,1,3,5,3.0,Other
CUST-011562,3,331.9540762575525,185,4,5,5,4.666666666666667,Champions
CUST-011563,1,41.19933704380016,565,1,3,2,2.0,Other
CUST-011564,3,72.88912537992802,175,4,5,3,4.0,Potential Loyalists
CUST-011565,2,34.64001881310942,615,1,5,2,2.6666666666666665,Other
CUST-011566,2,69.30753830023056,109,4,5,3,4.0,Potential Loyalists
CUST-011567,1,16.135488210098078,189,4,3,1,2.6666666666666665,Other
CUST-011568,1,45.126071600102975,417,2,3,3,2.6666666666666665,Other
CUST-011569,2,76.87127385226576,579,1,5,3,3.0,Other
CUST-011570,1,23.83750021904797,459,2,3,2,2.3333333333333335,Other
CUST-011571,1,34.879274394617646,549,1,3,2,2.0,Other
CUST-011572,1,53.50398242181034,270,3,3,3,3.0,Potential Loyalists
CUST-011573,1,32.6023753889316,362,2,3,2,2.3333333333333335,Other
CUST-011574,1,12.39983295081861,313,3,3,1,2.3333333333333335,Other
CUST-011576,1,10.060293099583545,385,2,3,1,2.0,Other
CUST-011577,2,34.59444812159407,240,3,5,2,3.3333333333333335,Other
CUST-011578,3,141.34675304823585,223,3,5,4,4.0,Potential Loyalists
CUST-011579,2,23.762744376721308,80,5,5,2,4.0,Other
CUST-011580,2,93.1905619643873,626,1,5,4,3.3333333333333335,Other
CUST-011581,4,161.58764861364688,153,4,5,5,4.666666666666667,Champions
CUST-011582,2,159.2698914160918,87,5,5,4,4.666666666666667,Champions
CUST-011583,2,60.75354620662978,362,2,5,3,3.3333333333333335,Other
CUST-011584,1,79.61452947412933,386,2,3,3,2.6666666666666665,Other
CUST-011585,1,11.760047914868457,127,4,3,1,2.6666666666666665,Other
CUST-011586,1,1.6987992200052875,53,5,3,1,3.0,Other
CUST-011587,1,9.513494646395506,296,3,3,1,2.3333333333333335,Other
CUST-011588,2,277.426767948789,236,3,5,5,4.333333333333333,Potential Loyalists
CUST-011589,1,10.595615223454276,74,5,3,1,3.0,Other
CUST-011590,2,203.26557875235454,237,3,5,5,4.333333333333333,Potential Loyalists
CUST-011591,3,5491.283473515684,104,5,5,5,5.0,Champions
CUST-011592,1,12.786424316936596,500,2,3,1,2.0,Other
CUST-011593,1,22.911012947368324,263,3,3,2,2.6666666666666665,Other
CUST-011594,2,65.01122403733946,346,3,5,3,3.6666666666666665,Potential Loyalists
CUST-011595,2,138.49643939426744,62,5,5,4,4.666666666666667,Champions
CUST-011596,2,103.3454751940745,235,3,5,4,4.0,Potential Loyalists
CUST-011597,1,435.7869087765096,13,5,3,5,4.333333333333333,Potential Loyalists
CUST-011598,1,17.458259971977,639,1,3,1,1.6666666666666667,Other
CUST-011599,1,6.584289426889913,164,4,3,1,2.6666666666666665,Other
CUST-011600,2,40.9806312004498,2,5,5,2,4.0,Other
CUST-011601,1,138.95138305006833,272,3,3,4,3.3333333333333335,Potential Loyalists
CUST-011602,2,154.51203700315224,207,4,5,4,4.333333333333333,Champions
CUST-011603,1,42.63098410236535,578,1,3,3,2.3333333333333335,Other
CUST-011604,1,12.121894880175786,370,2,3,1,2.0,Other
CUST-011605,1,11.877267572873537,13,5,3,1,3.0,Other
CUST-011606,1,56.73535980372362,108,4,3,3,3.3333333333333335,Potential Loyalists
CUST-011607,3,209.12936185401233,51,5,5,5,5.0,Champions
CUST-011608,2,184.13603725258656,226,3,5,5,4.333333333333333,Potential Loyalists
CUST-011609,2,91.33166023177094,605,1,5,4,3.3333333333333335,Other
CUST-011610,1,234.49458790887445,670,1,3,5,3.0,Other
CUST-011611,1,70.97120096539226,468,2,3,3,2.6666666666666665,Other
CUST-011612,2,30.958083031857605,330,3,5,2,3.3333333333333335,Other
CUST-011613,1,116.20979990289952,721,1,3,4,2.6666666666666665,Other
CUST-011614,3,222.55348917384794,161,4,5,5,4.666666666666667,Champions
CUST-011615,1,45.74729793998598,453,2,3,3,2.6666666666666665,Other
CUST-011616,2,96.9967957371131,8,5,5,4,4.666666666666667,Champions
CUST-011617,1,12.014943169594671,128,4,3,1,2.6666666666666665,Other
CUST-011618,2,33.79005665777699,153,4,5,2,3.6666666666666665,Other
CUST-011619,5,516.2625901564998,341,3,5,5,4.333333333333333,Potential Loyalists
CUST-011620,1,16.26411299601575,158,4,3,1,2.6666666666666665,Other
CUST-011621,1,10343.972753503796,571,1,3,5,3.0,Other
CUST-011622,1,13.38362891113666,3,5,3,1,3.0,Other
CUST-011623,3,263.4632264725209,431,2,5,5,4.0,Other
CUST-011624,2,55.070564598058525,389,2,5,3,3.3333333333333335,Other
CUST-011625,1,57.195830835232606,404,2,3,3,2.6666666666666665,Other
CUST-011626,1,6394.173568754349,256,3,3,5,3.6666666666666665,Potential Loyalists
CUST-011627,1,93.19243951160612,392,2,3,4,3.0,Other
CUST-011628,2,168.33234466397036,384,2,5,5,4.0,Other
CUST-011629,1,83.96565303384135,578,1,3,4,2.6666666666666665,Other
CUST-011630,1,59.75150992167292,639,1,3,3,2.3333333333333335,Other
CUST-011631,1,52.033803395307416,580,1,3,3,2.3333333333333335,Other
CUST-011632,1,22.069202381743445,337,3,3,2,2.6666666666666665,Other
CUST-011633,2,215.937949693662,390,2,5,5,4.0,Other
CUST-011634,1,11.34737874554983,532,1,3,1,1.6666666666666667,Other
CUST-011635,2,78.70255561765153,218,4,5,3,4.0,Potential Loyalists
CUST-011636,1,94.95396449160306,652,1,3,4,2.6666666666666665,Other
CUST-011637,2,14475.172015943743,299,3,5,5,4.333333333333333,Potential Loyalists
CUST-011638,3,244.3514560885098,140,4,5,5,4.666666666666667,Champions
CUST-011639,1,140.88558260035327,264,3,3,4,3.3333333333333335,Potential Loyalists
CUST-011640,2,86.43565825446994,303,3,5,4,4.0,Potential Loyalists
CUST-011641,2,55.37852457705432,272,3,5,3,3.6666666666666665,Potential Loyalists
CUST-011642,3,139.27732911766424,197,4,5,4,4.333333333333333,Champions
CUST-011643,1,50.36928320865232,693,1,3,3,2.3333333333333335,Other
CUST-011644,1,14060.35144020208,649,1,3,5,3.0,Other
CUST-011645,1,6.9398524566027815,612,1,3,1,1.6666666666666667,Other
CUST-011646,2,158.220644552445,210,4,5,4,4.333333333333333,Champions
CUST-011647,1,1.82393970232061,102,5,3,1,3.0,Other
CUST-011648,1,42.65909400106,433,2,3,3,2.6666666666666665,Other
CUST-011649,1,63.07238895793501,277,3,3,3,3.0,Potential Loyalists
CUST-011650,1,36.575823769363645,404,2,3,2,2.3333333333333335,Other
CUST-011651,1,9.875552216545511,31,5,3,1,3.0,Other
CUST-011652,1,56.09862975898413,100,5,3,3,3.6666666666666665,Potential Loyalists
CUST-011653,1,85.19926766045378,545,1,3,4,2.6666666666666665,Other
CUST-011654,3,291.636804273326,0,5,5,5,5.0,Champions
CUST-011655,2,233.7654632588081,188,4,5,5,4.666666666666667,Champions
CUST-011656,1,103.5662709863938,23,5,3,4,4.0,Potential Loyalists
CUST-011657,1,4.700224845311776,187,4,3,1,2.6666666666666665,Other
CUST-011658,2,78.17816627752867,100,5,5,3,4.333333333333333,Potential Loyalists
CUST-011659,1,45.39034694944443,275,3,3,3,3.0,Potential Loyalists
CUST-011660,1,51.875499411136914,248,3,3,3,3.0,Potential Loyalists
CUST-011661,2,403.42170553501717,476,2,5,5,4.0,Other
CUST-011662,1,17.855024737258006,111,4,3,1,2.6666666666666665,Other
CUST-011663,1,23.623644959191846,381,2,3,2,2.3333333333333335,Other
CUST-011664,4,119.80071466539945,243,3,5,4,4.0,Potential Loyalists
CUST-011665,3,801.2604951426981,126,4,5,5,4.666666666666667,Champions
CUST-011666,1,144.47499905853584,536,1,3,4,2.6666666666666665,Other
CUST-011667,2,51.57903211134968,34,5,5,3,4.333333333333333,Potential Loyalists
CUST-011668,2,321.1693877001907,34,5,5,5,5.0,Champions
CUST-011669,1,28.441180542426444,87,5,3,2,3.3333333333333335,Other
CUST-011670,2,48.162591280644804,96,5,5,3,4.333333333333333,Potential Loyalists
CUST-011671,2,9.024454956859476,48,5,5,1,3.6666666666666665,Other
CUST-011673,2,153.37655757598915,392,2,5,4,3.6666666666666665,Other
CUST-011674,1,25.1531203609133,654,1,3,2,2.0,Other
CUST-011675,1,99.2790244931757,418,2,3,4,3.0,Other
CUST-011677,2,240.1104568908884,406,2,5,5,4.0,Other
CUST-011678,2,199.7081187620218,347,3,5,5,4.333333333333333,Potential Loyalists
CUST-011679,2,40.40783027886444,230,3,5,2,3.3333333333333335,Other
CUST-011680,1,154.49513308790355,134,4,3,4,3.6666666666666665,Potential Loyalists
CUST-011681,2,91.38051077613761,654,1,5,4,3.3333333333333335,Other
CUST-011682,1,25.766652257838185,462,2,3,2,2.3333333333333335,Other
CUST-011683,1,13.151259621116315,414,2,3,1,2.0,Other
CUST-011684,1,42.90706799889423,417,2,3,3,2.6666666666666665,Other
CUST-011685,2,124.08742017970181,290,3,5,4,4.0,Potential Loyalists
CUST-011687,2,60.59328297580961,360,2,5,3,3.3333333333333335,Other
CUST-011688,2,82.44432268938189,329,3,5,4,4.0,Potential Loyalists
CUST-011689,1,1118.8801431021916,158,4,3,5,4.0,Potential Loyalists
CUST-011690,1,28.798962141255107,400,2,3,2,2.3333333333333335,Other
CUST-011691,3,10455.71307527818,314,3,5,5,4.333333333333333,Potential Loyalists
CUST-011692,1,3.964142814438607,220,3,3,1,2.3333333333333335,Other
CUST-011693,2,41.43754111140784,361,2,5,3,3.3333333333333335,Other
CUST-011694,1,29.480731656480717,642,1,3,2,2.0,Other
CUST-011695,2,85.73018437127834,78,5,5,4,4.666666666666667,Champions
CUST-011696,2,103.50240309185722,30,5,5,4,4.666666666666667,Champions
CUST-011697,1,10.179809354496951,497,2,3,1,2.0,Other
CUST-011698,1,295.1569177177682,698,1,3,5,3.0,Other
CUST-011699,2,124.41858270218614,5,5,5,4,4.666666666666667,Champions
CUST-011700,1,140.80699347848994,696,1,3,4,2.6666666666666665,Other
CUST-011701,2,52.04543103966148,19,5,5,3,4.333333333333333,Potential Loyalists
CUST-011703,1,28.901000215608324,515,2,3,2,2.3333333333333335,Other
CUST-011704,2,153.61335597826763,209,4,5,4,4.333333333333333,Champions
CUST-011705,3,332.72355152477166,45,5,5,5,5.0,Champions
CUST-011706,2,83.7634272214274,460,2,5,4,3.6666666666666665,Other
CUST-011707,3,213.0362393775536,286,3,5,5,4.333333333333333,Potential Loyalists
CUST-011708,2,65.13526151975326,610,1,5,3,3.0,Other
CUST-011709,2,116.80411181697205,436,2,5,4,3.6666666666666665,Other
CUST-011710,1,172.06539985369554,138,4,3,5,4.0,Potential Loyalists
CUST-011711,1,52.19289034698915,615,1,3,3,2.3333333333333335,Other
CUST-011712,1,31.47736003364687,77,5,3,2,3.3333333333333335,Other
CUST-011713,1,4.873214669520366,417,2,3,1,2.0,Other
CUST-011714,2,20.947601715013185,76,5,5,2,4.0,Other
CUST-011715,2,13.02671637049621,76,5,5,1,3.6666666666666665,Other
CUST-011716,2,38.77696650521176,113,4,5,2,3.6666666666666665,Other
CUST-011717,1,47.96511582444744,584,1,3,3,2.3333333333333335,Other
CUST-011718,1,11.527984027612376,382,2,3,1,2.0,Other
CUST-011719,2,88.97735946237161,173,4,5,4,4.333333333333333,Champions
CUST-011720,1,142.80716133747154,322,3,3,4,3.3333333333333335,Potential Loyalists
CUST-011721,1,13.12383441294183,180,4,3,1,2.6666666666666665,Other
CUST-011722,1,47.44513410643951,282,3,3,3,3.0,Potential Loyalists
CUST-011723,2,55.167267570725876,232,3,5,3,3.6666666666666665,Potential Loyalists
CUST-011724,1,35.96715034795308,632,1,3,2,2.0,Other
CUST-011725,1,85.72959342793393,372,2,3,4,3.0,Other
CUST-011726,2,78.63251074657569,395,2,5,3,3.3333333333333335,Other
CUST-011727,1,28.508958727221348,586,1,3,2,2.0,Other
CUST-011728,1,55.17504496454648,443,2,3,3,2.6666666666666665,Other
CUST-011729,1,1.749698032364563,111,4,3,1,2.6666666666666665,Other
CUST-011730,1,38.43450702104375,685,1,3,2,2.0,Other
CUST-011731,1,6.445162606568546,556,1,3,1,1.6666666666666667,Other
CUST-011732,1,94.24443719266624,486,2,3,4,3.0,Other
CUST-011733,1,59.40816834443023,183,4,3,3,3.3333333333333335,Potential Loyalists
CUST-011734,1,35.21475991833335,123,4,3,2,3.0,Other
CUST-011735,1,60.93108419197681,601,1,3,3,2.3333333333333335,Other
CUST-011736,1,79.4776458903685,688,1,3,3,2.3333333333333335,Other
CUST-011737,1,4.237743206568484,311,3,3,1,2.3333333333333335,Other
CUST-011738,3,314.84109677050515,6,5,5,5,5.0,Champions
CUST-011739,3,164.33997151310854,204,4,5,5,4.666666666666667,Champions
CUST-011740,2,92.5892100063034,26,5,5,4,4.666666666666667,Champions
CUST-011741,1,51.97188497197338,623,1,3,3,2.3333333333333335,Other
CUST-011742,1,44.534698504991376,275,3,3,3,3.0,Potential Loyalists
CUST-011743,1,30.99952068210349,215,4,3,2,3.0,Other
CUST-011744,1,82.52063779402518,483,2,3,4,3.0,Other
CUST-011745,2,193.22073972782542,208,4,5,5,4.666666666666667,Champions
CUST-011746,2,20.425926793058682,229,3,5,2,3.3333333333333335,Other
CUST-011747,1,42.73138380677158,603,1,3,3,2.3333333333333335,Other
CUST-011749,2,265.4380439498098,205,4,5,5,4.666666666666667,Champions
CUST-011750,2,61.459149818865875,178,4,5,3,4.0,Potential Loyalists
CUST-011751,1,115.9327473074648,389,2,3,4,3.0,Other
CUST-011752,2,192.65582613604806,12,5,5,5,5.0,Champions
CUST-011753,1,195.47261945082695,51,5,3,5,4.333333333333333,Potential Loyalists
CUST-011754,1,78.3563085435858,307,3,3,3,3.0,Potential Loyalists
CUST-011755,3,239.12252838003798,274,3,5,5,4.333333333333333,Potential Loyalists
CUST-011756,3,392.3091395606297,52,5,5,5,5.0,Champions
CUST-011757,1,105.37145706564894,646,1,3,4,2.6666666666666665,Other
CUST-011758,4,179.59809235429512,150,4,5,5,4.666666666666667,Champions
CUST-011759,2,504.2667281580691,106,4,5,5,4.666666666666667,Champions
CUST-011760,1,66.30857429916466,358,2,3,3,2.6666666666666665,Other
CUST-011761,2,126.78013617878656,256,3,5,4,4.0,Potential Loyalists
CUST-011762,2,28.131818128701177,297,3,5,2,3.3333333333333335,Other
CUST-011763,1,6.552747722620183,388,2,3,1,2.0,Other
CUST-011764,2,71.21113004765823,5,5,5,3,4.333333333333333,Potential Loyalists
CUST-011766,1,34.26134836496465,716,1,3,2,2.0,Other
CUST-011767,1,17.513135592733146,216,4,3,1,2.6666666666666665,Other
CUST-011768,4,105.0281475575081,220,3,5,4,4.0,Potential Loyalists
CUST-011769,3,109.23384014258905,506,2,5,4,3.6666666666666665,Other
CUST-011770,3,134.7836225488849,137,4,5,4,4.333333333333333,Champions
CUST-011771,1,14.80252694357706,147,4,3,1,2.6666666666666665,Other
CUST-011772,1,36.82850572183316,516,2,3,2,2.3333333333333335,Other
CUST-011773,1,23.300752074008496,477,2,3,2,2.3333333333333335,Other
CUST-011774,1,137.28945673912582,502,2,3,4,3.0,Other
CUST-011775,2,110.25860623360943,45,5,5,4,4.666666666666667,Champions
CUST-011776,1,13.37359314711391,277,3,3,1,2.3333333333333335,Other
CUST-011777,1,2.70849224279343,656,1,3,1,1.6666666666666667,Other
CUST-011778,2,38.26642676012909,339,3,5,2,3.3333333333333335,Other
CUST-011779,1,6.700520708511494,37,5,3,1,3.0,Other
CUST-011780,3,94.08294467682573,206,4,5,4,4.333333333333333,Champions
CUST-011781,2,251.32837672939388,295,3,5,5,4.333333333333333,Potential Loyalists
CUST-011782,2,86.39634327902213,427,2,5,4,3.6666666666666665,Other
CUST-011783,1,60.959238201052635,105,5,3,3,3.6666666666666665,Potential Loyalists
CUST-011784,2,137.67236061263281,609,1,5,4,3.3333333333333335,Other
CUST-011785,1,106.77452817340873,102,5,3,4,4.0,Potential Loyalists
CUST-011786,1,47.67026616023976,346,3,3,3,3.0,Potential Loyalists
CUST-011787,1,8.477061493444696,169,4,3,1,2.6666666666666665,Other
CUST-011788,2,61.43316529980208,39,5,5,3,4.333333333333333,Potential Loyalists
CUST-011789,2,11310.889673251391,399,2,5,5,4.0,Other
CUST-011790,2,26.284701709316867,94,5,5,2,4.0,Other
CUST-011791,1,44.79671568839099,396,2,3,3,2.6666666666666665,Other
CUST-011792,2,72.34975189423938,217,4,5,3,4.0,Potential Loyalists
CUST-011793,1,29.30859585263717,415,2,3,2,2.3333333333333335,Other
CUST-011794,1,51.137152346691046,588,1,3,3,2.3333333333333335,Other
CUST-011795,3,59.398327214006066,205,4,5,3,4.0,Potential Loyalists
CUST-011796,4,201.55129960762727,270,3,5,5,4.333333333333333,Potential Loyalists
CUST-011797,1,83.18498410895243,299,3,3,4,3.3333333333333335,Potential Loyalists
CUST-011798,1,118.17983860407573,522,1,3,4,2.6666666666666665,Other
CUST-011799,2,148.50278989506182,135,4,5,4,4.333333333333333,Champions
CUST-011800,1,48.469427136386486,121,4,3,3,3.3333333333333335,Potential Loyalists
CUST-011801,1,25.327716305339266,308,3,3,2,2.6666666666666665,Other
CUST-011802,2,41.84613125838727,46,5,5,3,4.333333333333333,Potential Loyalists
CUST-011803,1,80.29171937183504,665,1,3,4,2.6666666666666665,Other
CUST-011804,3,347.86664274421395,184,4,5,5,4.666666666666667,Champions
CUST-011805,1,57.520662123791595,43,5,3,3,3.6666666666666665,Potential Loyalists
CUST-011806,2,66.31314657886402,31,5,5,3,4.333333333333333,Potential Loyalists
CUST-011807,1,4.219267924882731,687,1,3,1,1.6666666666666667,Other
CUST-011808,1,40.83957465607967,266,3,3,2,2.6666666666666665,Other
CUST-011809,1,33.364798540903166,23,5,3,2,3.3333333333333335,Other
CUST-011810,1,18.9862035145887,461,2,3,2,2.3333333333333335,Other
CUST-011811,2,54.18341372218702,0,5,5,3,4.333333333333333,Potential Loyalists
CUST-011812,2,337.2905730201457,164,4,5,5,4.666666666666667,Champions
CUST-011813,1,20.19157350198352,156,4,3,2,3.0,Other
CUST-011814,1,43.72965976974346,73,5,3,3,3.6666666666666665,Potential Loyalists
CUST-011815,2,132.0698289992436,320,3,5,4,4.0,Potential Loyalists
CUST-011816,2,42.44682600724965,164,4,5,3,4.0,Potential Loyalists
CUST-011817,1,5.265387795659813,696,1,3,1,1.6666666666666667,Other
CUST-011818,1,32.78340293346736,356,3,3,2,2.6666666666666665,Other
CUST-011819,2,387.58217223546023,28,5,5,5,5.0,Champions
CUST-011820,1,33.54379951972991,492,2,3,2,2.3333333333333335,Other
CUST-011821,1,9.025100924300103,227,3,3,1,2.3333333333333335,Other
CUST-011822,2,101.28907762310803,77,5,5,4,4.666666666666667,Champions
CUST-011823,1,8.694774112918548,595,1,3,1,1.6666666666666667,Other
CUST-011824,1,6.6835231812260805,668,1,3,1,1.6666666666666667,Other
CUST-011825,2,81.3349908397264,13,5,5,4,4.666666666666667,Champions
CUST-011826,1,57.78756625208705,350,3,3,3,3.0,Potential Loyalists
CUST-011827,4,11252.872079288954,64,5,5,5,5.0,Champions
CUST-011828,2,11.512971501410707,217,4,5,1,3.3333333333333335,Other
CUST-011829,1,254.27225612527832,219,4,3,5,4.0,Potential Loyalists
CUST-011830,2,46.81900398351784,379,2,5,3,3.3333333333333335,Other
CUST-011831,1,17.017204141333544,97,5,3,1,3.0,Other
CUST-011832,1,34.81534880872892,311,3,3,2,2.6666666666666665,Other
CUST-011833,1,14.388052499805696,232,3,3,1,2.3333333333333335,Other
CUST-011834,1,17.36869418890495,534,1,3,1,1.6666666666666667,Other
CUST-011835,4,112.21623237172436,351,3,5,4,4.0,Potential Loyalists
CUST-011836,3,153.5899657236077,139,4,5,4,4.333333333333333,Champions
CUST-011837,1,4.103039754568101,349,3,3,1,2.3333333333333335,Other
CUST-011838,2,221.6014954394236,186,4,5,5,4.666666666666667,Champions
CUST-011839,1,29.29376410935531,166,4,3,2,3.0,Other
CUST-011840,1,20.435634352268895,483,2,3,2,2.3333333333333335,Other
CUST-011841,1,63.35139484453159,50,5,3,3,3.6666666666666665,Potential Loyalists
CUST-011842,1,113.5244791918558,553,1,3,4,2.6666666666666665,Other
CUST-011843,2,253.56988989054406,271,3,5,5,4.333333333333333,Potential Loyalists
CUST-011844,1,69.16667645831033,312,3,3,3,3.0,Potential Loyalists
CUST-011845,2,87.19665570251495,102,5,5,4,4.666666666666667,Champions
CUST-011847,2,12018.683260571715,120,4,5,5,4.666666666666667,Champions
CUST-011848,1,111.52942749393448,116,4,3,4,3.6666666666666665,Potential Loyalists
CUST-011849,1,74.59043210377479,123,4,3,3,3.3333333333333335,Potential Loyalists
CUST-011850,3,86.2333801009255,276,3,5,4,4.0,Potential Loyalists
CUST-011851,1,40.62912857817885,344,3,3,2,2.6666666666666665,Other
CUST-011852,2,15.390151733179618,3,5,5,1,3.6666666666666665,Other
CUST-011853,1,120.29424299648488,675,1,3,4,2.6666666666666665,Other
CUST-011854,1,10.598549634311022,599,1,3,1,1.6666666666666667,Other
CUST-011855,1,16.714051376593293,458,2,3,1,2.0,Other
CUST-011856,2,332.75154719457254,432,2,5,5,4.0,Other
CUST-011857,1,60.72427136692973,397,2,3,3,2.6666666666666665,Other
CUST-011858,1,58.41148690805124,413,2,3,3,2.6666666666666665,Other
CUST-011859,1,263.3411173025887,489,2,3,5,3.3333333333333335,Other
CUST-011860,1,43.83440202704087,120,4,3,3,3.3333333333333335,Potential Loyalists
CUST-011861,1,4.218199724951328,554,1,3,1,1.6666666666666667,Other
CUST-011862,2,109.96829264170228,55,5,5,4,4.666666666666667,Champions
CUST-011863,2,54.91134388543182,159,4,5,3,4.0,Potential Loyalists
CUST-011864,2,52.63194299332323,625,1,5,3,3.0,Other
CUST-011865,2,37.38837773025198,570,1,5,2,2.6666666666666665,Other
CUST-011866,2,36.74795132593769,95,5,5,2,4.0,Other
CUST-011867,1,83.39750747205102,507,2,3,4,3.0,Other
CUST-011868,3,290.6522030419651,6,5,5,5,5.0,Champions
CUST-011869,1,29.09822561269649,320,3,3,2,2.6666666666666665,Other
CUST-011870,2,62.555388195553604,25,5,5,3,4.333333333333333,Potential Loyalists
CUST-011871,2,43.7189462032278,525,1,5,3,3.0,Other
CUST-011872,2,332.74750164864525,318,3,5,5,4.333333333333333,Potential Loyalists
CUST-011873,1,62.10986299459273,513,2,3,3,2.6666666666666665,Other
CUST-011874,4,87.4162582215276,150,4,5,4,4.333333333333333,Champions
CUST-011875,2,128.30972764471866,372,2,5,4,3.6666666666666665,Other
CUST-011876,1,20.177110298748744,366,2,3,2,2.3333333333333335,Other
CUST-011877,1,16.389427847028415,326,3,3,1,2.3333333333333335,Other
CUST-011878,1,50.7853065931333,258,3,3,3,3.0,Potential Loyalists
CUST-011879,1,157.82328822336274,632,1,3,4,2.6666666666666665,Other
CUST-011880,1,6.774473778871247,47,5,3,1,3.0,Other
CUST-011881,1,92.9631040325968,337,3,3,4,3.3333333333333335,Potential Loyalists
CUST-011882,1,15.985761807116203,281,3,3,1,2.3333333333333335,Other
CUST-011883,1,97.65178018705494,328,3,3,4,3.3333333333333335,Potential Loyalists
CUST-011884,2,382.1187780391406,81,5,5,5,5.0,Champions
CUST-011885,1,6.930894601371635,92,5,3,1,3.0,Other
CUST-011886,1,2.01546226539298,578,1,3,1,1.6666666666666667,Other
CUST-011887,2,53.92788280294021,317,3,5,3,3.6666666666666665,Potential Loyalists
CUST-011888,1,6.060848946257351,611,1,3,1,1.6666666666666667,Other
CUST-011889,2,136.6251575100614,470,2,5,4,3.6666666666666665,Other
CUST-011890,4,198.19487930459957,20,5,5,5,5.0,Champions
CUST-011891,1,58.46644300982525,669,1,3,3,2.3333333333333335,Other
CUST-011892,1,40.85070186391831,557,1,3,2,2.0,Other
CUST-011893,2,128.6343097973744,92,5,5,4,4.666666666666667,Champions
CUST-011894,1,25.941236402366155,248,3,3,2,2.6666666666666665,Other
CUST-011895,3,54.88958943234893,607,1,5,3,3.0,Other
CUST-011896,1,10.520459430148955,215,4,3,1,2.6666666666666665,Other
CUST-011897,1,1.7209449644924224,721,1,3,1,1.6666666666666667,Other
CUST-011898,2,492.61581705262387,115,4,5,5,4.666666666666667,Champions
CUST-011899,1,121.44386668869966,281,3,3,4,3.3333333333333335,Potential Loyalists
CUST-011900,1,31.052167438243018,465,2,3,2,2.3333333333333335,Other
CUST-011901,1,11.237229209050644,486,2,3,1,2.0,Other
CUST-011902,1,23.181212583220955,477,2,3,2,2.3333333333333335,Other
CUST-011903,1,14.379563735290276,195,4,3,1,2.6666666666666665,Other
CUST-011904,1,60.59954575723537,99,5,3,3,3.6666666666666665,Potential Loyalists
CUST-011905,1,21.766782610217483,489,2,3,2,2.3333333333333335,Other
CUST-011906,2,81.78897510552167,123,4,5,4,4.333333333333333,Champions
CUST-011907,1,77.9822726707927,506,2,3,3,2.6666666666666665,Other
CUST-011908,1,13.545255082605877,227,3,3,1,2.3333333333333335,Other
CUST-011909,1,18.022456962184037,520,1,3,1,1.6666666666666667,Other
CUST-011910,1,1.234047635197287,637,1,3,1,1.6666666666666667,Other
CUST-011911,1,25.883294987922227,4,5,3,2,3.3333333333333335,Other
CUST-011912,3,104.47388838190773,263,3,5,4,4.0,Potential Loyalists
CUST-011914,1,91.07498345863252,537,1,3,4,2.6666666666666665,Other
CUST-011915,1,61.95361693011526,695,1,3,3,2.3333333333333335,Other
CUST-011916,2,22.72834138606408,469,2,5,2,3.0,Other
CUST-011917,2,121.7134466911733,154,4,5,4,4.333333333333333,Champions
CUST-011918,1,11.438147748325624,361,2,3,1,2.0,Other
CUST-011919,4,898.1990789427514,382,2,5,5,4.0,Other
CUST-011920,1,194.0903422164544,423,2,3,5,3.3333333333333335,Other
CUST-011921,1,33.62345190411772,419,2,3,2,2.3333333333333335,Other
CUST-011922,2,103.2037266012155,23,5,5,4,4.666666666666667,Champions
CUST-011923,2,46.224667911186934,141,4,5,3,4.0,Potential Loyalists
CUST-011924,1,7.713065958237696,106,4,3,1,2.6666666666666665,Other
CUST-011925,2,53.223348284450154,159,4,5,3,4.0,Potential Loyalists
CUST-011926,2,80.57649328187105,19,5,5,4,4.666666666666667,Champions
CUST-011927,2,111.03705415809002,230,3,5,4,4.0,Potential Loyalists
CUST-011928,3,174.96270228129924,274,3,5,5,4.333333333333333,Potential Loyalists
CUST-011929,2,105.45571095052995,180,4,5,4,4.333333333333333,Champions
CUST-011930,2,189.38517807870443,141,4,5,5,4.666666666666667,Champions
CUST-011931,1,127.65112563396052,358,2,3,4,3.0,Other
CUST-011932,1,7.854680678176115,291,3,3,1,2.3333333333333335,Other
CUST-011934,1,21.273856949941862,28,5,3,2,3.3333333333333335,Other
CUST-011935,1,28.675416881737625,454,2,3,2,2.3333333333333335,Other
CUST-011936,1,50.53322079735781,100,5,3,3,3.6666666666666665,Potential Loyalists
CUST-011937,1,44.55102767258115,219,4,3,3,3.3333333333333335,Potential Loyalists
CUST-011938,1,34.87436787525074,686,1,3,2,2.0,Other
CUST-011939,2,51.21092688406533,310,3,5,3,3.6666666666666665,Potential Loyalists
CUST-011940,3,72.95129856713095,154,4,5,3,4.0,Potential Loyalists
CUST-011941,1,10.74241501865698,337,3,3,1,2.3333333333333335,Other
CUST-011942,1,16.665691520243715,130,4,3,1,2.6666666666666665,Other
CUST-011943,1,50.10988484070378,459,2,3,3,2.6666666666666665,Other
CUST-011944,1,308.1624866255182,83,5,3,5,4.333333333333333,Potential Loyalists
CUST-011945,3,260.61563882973013,272,3,5,5,4.333333333333333,Potential Loyalists
CUST-011946,1,4.315079158701998,516,2,3,1,2.0,Other
CUST-011947,1,1.1938284669611472,633,1,3,1,1.6666666666666667,Other
CUST-011948,1,10.40583629808564,532,1,3,1,1.6666666666666667,Other
CUST-011949,2,34.067522065263745,268,3,5,2,3.3333333333333335,Other
CUST-011950,3,162.45887011533537,144,4,5,5,4.666666666666667,Champions
CUST-011951,2,93.15998165641022,158,4,5,4,4.333333333333333,Champions
CUST-011952,2,214.35534855122827,52,5,5,5,5.0,Champions
CUST-011953,1,739.0729254312381,299,3,3,5,3.6666666666666665,Potential Loyalists
CUST-011954,1,3.716793323792819,549,1,3,1,1.6666666666666667,Other
CUST-011955,2,40.24550026747228,25,5,5,2,4.0,Other
CUST-011956,1,39.69120493716552,539,1,3,2,2.0,Other
CUST-011957,3,230.16683716777536,163,4,5,5,4.666666666666667,Champions
CUST-011958,1,6.977512345705537,486,2,3,1,2.0,Other
CUST-011959,1,16.71364343429962,163,4,3,1,2.6666666666666665,Other
CUST-011960,1,1.752002299659272,72,5,3,1,3.0,Other
CUST-011961,1,36.56781703424229,162,4,3,2,3.0,Other
CUST-011962,2,6.072942416394412,92,5,5,1,3.6666666666666665,Other
CUST-011963,2,12935.738539432523,124,4,5,5,4.666666666666667,Champions
CUST-011964,1,49.87750387077154,689,1,3,3,2.3333333333333335,Other
CUST-011965,2,106.33522287956251,407,2,5,4,3.6666666666666665,Other
CUST-011966,1,32.059046281947914,548,1,3,2,2.0,Other
CUST-011967,1,11.122452686833311,610,1,3,1,1.6666666666666667,Other
CUST-011968,1,11.591931451834029,360,2,3,1,2.0,Other
CUST-011969,2,258.48189868288745,581,1,5,5,3.6666666666666665,Other
CUST-011970,2,80.64015518133455,61,5,5,4,4.666666666666667,Champions
CUST-011971,2,51.30058047728478,106,4,5,3,4.0,Potential Loyalists
CUST-011972,2,783.0496458951769,104,5,5,5,5.0,Champions
CUST-011973,1,43.795458576745695,199,4,3,3,3.3333333333333335,Potential Loyalists
CUST-011974,1,6.86201354095081,634,1,3,1,1.6666666666666667,Other
CUST-011975,1,128.1912631479938,233,3,3,4,3.3333333333333335,Potential Loyalists
CUST-011976,1,7.9261786247507375,406,2,3,1,2.0,Other
CUST-011977,1,55.61428946204993,413,2,3,3,2.6666666666666665,Other
CUST-011978,1,10.234209606653772,447,2,3,1,2.0,Other
CUST-011979,1,9.618020801228932,134,4,3,1,2.6666666666666665,Other
CUST-011980,1,217.4113709862562,78,5,3,5,4.333333333333333,Potential Loyalists
CUST-011981,1,158.91495081981338,476,2,3,4,3.0,Other
CUST-011982,2,61.106222594237224,367,2,5,3,3.3333333333333335,Other
CUST-011983,1,22.39971865978179,209,4,3,2,3.0,Other
CUST-011984,2,173.86211134508324,482,2,5,5,4.0,Other
CUST-011985,2,356.3160209460829,386,2,5,5,4.0,Other
CUST-011986,3,107.27894764140083,389,2,5,4,3.6666666666666665,Other
CUST-011987,1,7.766289076152765,596,1,3,1,1.6666666666666667,Other
CUST-011988,1,21.03861576023925,587,1,3,2,2.0,Other
CUST-011989,1,3.658274612101548,516,2,3,1,2.0,Other
CUST-011990,4,102.97358373272037,180,4,5,4,4.333333333333333,Champions
CUST-011991,3,113.58994806995959,203,4,5,4,4.333333333333333,Champions
CUST-011992,1,59.146613502374606,289,3,3,3,3.0,Potential Loyalists
CUST-011993,2,39.55752230210192,114,4,5,2,3.6666666666666665,Other
CUST-011994,1,183.05279777099503,384,2,3,5,3.3333333333333335,Other
CUST-011995,2,542.8539808779188,391,2,5,5,4.0,Other
CUST-011996,1,30.30495173458607,507,2,3,2,2.3333333333333335,Other
CUST-011997,4,23008.112571910377,349,3,5,5,4.333333333333333,Potential Loyalists
CUST-011998,1,2.4465702961034292,97,5,3,1,3.0,Other
CUST-011999,1,89.36938567635013,153,4,3,4,3.6666666666666665,Potential Loyalists
CUST-012000,2,52.36983755850851,291,3,5,3,3.6666666666666665,Potential Loyalists
CUST-012001,2,171.0357092177207,489,2,5,5,4.0,Other
CUST-012002,2,178.29732340332754,173,4,5,5,4.666666666666667,Champions
CUST-012003,1,363.3597425862266,193,4,3,5,4.0,Potential Loyalists
CUST-012004,2,156.3028605932236,507,2,5,4,3.6666666666666665,Other
CUST-012005,1,21.972940552832995,358,2,3,2,2.3333333333333335,Other
CUST-012006,1,8.454060026430287,32,5,3,1,3.0,Other
CUST-012007,2,356.65156349088954,228,3,5,5,4.333333333333333,Potential Loyalists
CUST-012008,1,5.558511468525976,10,5,3,1,3.0,Other
CUST-012009,1,33.53668220070169,329,3,3,2,2.6666666666666665,Other
CUST-012010,1,44.245388809106146,248,3,3,3,3.0,Potential Loyalists
CUST-012011,1,1.5636369022537615,38,5,3,1,3.0,Other
CUST-012012,1,7.13548022704646,450,2,3,1,2.0,Other
CUST-012013,2,66.54481500559804,230,3,5,3,3.6666666666666665,Potential Loyalists
CUST-012014,2,12.182916514691275,254,3,5,1,3.0,Other
CUST-012015,2,37.55601431303401,176,4,5,2,3.6666666666666665,Other
CUST-012016,3,326.0279530057086,220,3,5,5,4.333333333333333,Potential Loyalists
CUST-012017,1,145.6112151507247,353,3,3,4,3.3333333333333335,Potential Loyalists
CUST-012018,2,23.677561404006497,187,4,5,2,3.6666666666666665,Other
CUST-012019,1,91.37932790091344,357,3,3,4,3.3333333333333335,Potential Loyalists
CUST-012020,1,18.623766250712173,513,2,3,1,2.0,Other
CUST-012021,2,77.46642406069579,159,4,5,3,4.0,Potential Loyalists
CUST-012022,2,326.28762215215437,305,3,5,5,4.333333333333333,Potential Loyalists
CUST-012023,1,12.517329026541132,23,5,3,1,3.0,Other
CUST-012024,1,21.764112587368267,190,4,3,2,3.0,Other
CUST-012025,1,121.5013578992644,46,5,3,4,4.0,Potential Loyalists
CUST-012026,1,6.2764120770343785,648,1,3,1,1.6666666666666667,Other
CUST-012027,1,234.23435745462285,623,1,3,5,3.0,Other
CUST-012028,2,49.30849003604832,174,4,5,3,4.0,Potential Loyalists
CUST-012029,2,70.10225556631332,211,4,5,3,4.0,Potential Loyalists
CUST-012030,1,8381.740382063974,98,5,3,5,4.333333333333333,Potential Loyalists
CUST-012031,1,137.79166464856337,316,3,3,4,3.3333333333333335,Potential Loyalists
CUST-012032,2,132.1681377338458,234,3,5,4,4.0,Potential Loyalists
CUST-012033,1,7.680224276831958,72,5,3,1,3.0,Other
CUST-012034,1,15.579389096281666,149,4,3,1,2.6666666666666665,Other
CUST-012035,1,42.09538950517104,291,3,3,3,3.0,Potential Loyalists
CUST-012036,1,53.15312891231659,283,3,3,3,3.0,Potential Loyalists
CUST-012037,1,48.59274048446151,496,2,3,3,2.6666666666666665,Other
CUST-012038,1,11209.942475750026,478,2,3,5,3.3333333333333335,Other
CUST-012039,1,3.0472569429116465,670,1,3,1,1.6666666666666667,Other
CUST-012040,2,228.9354250427691,391,2,5,5,4.0,Other
CUST-012041,2,52.02415646123208,0,5,5,3,4.333333333333333,Potential Loyalists
CUST-012042,1,37.956479233489475,407,2,3,2,2.3333333333333335,Other
CUST-012043,2,88.89293412209503,6,5,5,4,4.666666666666667,Champions
CUST-012044,3,494.27402984876073,146,4,5,5,4.666666666666667,Champions
CUST-012045,1,19.501989888216222,675,1,3,2,2.0,Other
CUST-012046,2,7995.7864843658035,436,2,5,5,4.0,Other
CUST-012047,4,53.49503442167578,95,5,5,3,4.333333333333333,Potential Loyalists
CUST-012048,1,1.261948235437093,164,4,3,1,2.6666666666666665,Other
CUST-012049,2,77.78469615451255,358,2,5,3,3.3333333333333335,Other
CUST-012050,1,13.52543905949587,439,2,3,1,2.0,Other
CUST-012051,2,111.64621728468404,259,3,5,4,4.0,Potential Loyalists
CUST-012052,1,71.39187953170213,26,5,3,3,3.6666666666666665,Potential Loyalists
CUST-012053,2,29.76559118708987,330,3,5,2,3.3333333333333335,Other
CUST-012054,1,5.72425564234476,399,2,3,1,2.0,Other
CUST-012055,1,39.94770478999651,167,4,3,2,3.0,Other
CUST-012056,1,82.68348601391176,305,3,3,4,3.3333333333333335,Potential Loyalists
CUST-012057,1,38.8738011261621,474,2,3,2,2.3333333333333335,Other
CUST-012058,3,459.2108792438787,7,5,5,5,5.0,Champions
CUST-012059,1,35.22131019949949,22,5,3,2,3.3333333333333335,Other
CUST-012060,1,97.03043399555736,341,3,3,4,3.3333333333333335,Potential Loyalists
CUST-012061,2,231.54667012805484,395,2,5,5,4.0,Other
CUST-012062,1,70.58834278449493,464,2,3,3,2.6666666666666665,Other
CUST-012063,1,34.85858383934266,96,5,3,2,3.3333333333333335,Other
CUST-012064,2,52.0892451715398,162,4,5,3,4.0,Potential Loyalists
CUST-012065,1,5.227835362171948,143,4,3,1,2.6666666666666665,Other
CUST-012066,2,62.07385758048335,157,4,5,3,4.0,Potential Loyalists
CUST-012067,1,83.71898836281619,363,2,3,4,3.0,Other
CUST-012068,2,265.58518749702046,188,4,5,5,4.666666666666667,Champions
CUST-012069,1,70.16359910853936,413,2,3,3,2.6666666666666665,Other
CUST-012070,2,39.351884441866105,520,1,5,2,2.6666666666666665,Other
CUST-012071,3,248.8034536257504,212,4,5,5,4.666666666666667,Champions
CUST-012072,1,147.75008192025152,212,4,3,4,3.6666666666666665,Potential Loyalists
CUST-012073,1,51.85342415684331,427,2,3,3,2.6666666666666665,Other
CUST-012074,1,41.21406632218826,399,2,3,2,2.3333333333333335,Other
CUST-012075,1,70.01014367199359,710,1,3,3,2.3333333333333335,Other
CUST-012076,2,123.72025777111796,42,5,5,4,4.666666666666667,Champions
CUST-012077,2,52.508821637240814,112,4,5,3,4.0,Potential Loyalists
CUST-012078,1,14874.29060191916,386,2,3,5,3.3333333333333335,Other
CUST-012079,1,87.31950390611237,546,1,3,4,2.6666666666666665,Other
CUST-012080,1,25.959527733539375,400,2,3,2,2.3333333333333335,Other
CUST-012081,3,352.2242135487496,76,5,5,5,5.0,Champions
CUST-012082,1,197.34966927418444,697,1,3,5,3.0,Other
CUST-012083,1,24.873924223197157,378,2,3,2,2.3333333333333335,Other
CUST-012084,1,22.65014142888991,140,4,3,2,3.0,Other
CUST-012085,1,39.84216476836495,691,1,3,2,2.0,Other
CUST-012086,1,6.7514918959068115,421,2,3,1,2.0,Other
CUST-012087,2,96.52553216593424,98,5,5,4,4.666666666666667,Champions
CUST-012088,2,226.2290014564969,92,5,5,5,5.0,Champions
CUST-012089,3,395.5861184413336,129,4,5,5,4.666666666666667,Champions
CUST-012090,2,73.59889153725425,176,4,5,3,4.0,Potential Loyalists
CUST-012091,1,32.51710530133921,62,5,3,2,3.3333333333333335,Other
CUST-012092,3,74.17793676946373,151,4,5,3,4.0,Potential Loyalists
CUST-012093,1,1.4914917174450235,356,3,3,1,2.3333333333333335,Other
CUST-012094,1,130.62800027631113,721,1,3,4,2.6666666666666665,Other
CUST-012095,1,23.23820478996947,627,1,3,2,2.0,Other
CUST-012096,1,65.4671780986928,75,5,3,3,3.6666666666666665,Potential Loyalists
CUST-012097,2,70.07353220768744,469,2,5,3,3.3333333333333335,Other
CUST-012098,1,9.577134438214657,305,3,3,1,2.3333333333333335,Other
CUST-012099,2,189.0709099845039,118,4,5,5,4.666666666666667,Champions
CUST-012100,2,37.65084323099636,550,1,5,2,2.6666666666666665,Other
CUST-012101,2,350.3595465001776,44,5,5,5,5.0,Champions
CUST-012102,1,39.572339416512776,572,1,3,2,2.0,Other
CUST-012103,1,113.2368674330363,331,3,3,4,3.3333333333333335,Potential Loyalists
CUST-012104,1,337.3454560048124,225,3,3,5,3.6666666666666665,Potential Loyalists
CUST-012105,1,184.86746152147887,379,2,3,5,3.3333333333333335,Other
CUST-012106,1,14.905088552473964,544,1,3,1,1.6666666666666667,Other
CUST-012107,1,6.080503096319997,61,5,3,1,3.0,Other
CUST-012108,1,35.11248811885874,626,1,3,2,2.0,Other
CUST-012109,1,10.38195243170474,175,4,3,1,2.6666666666666665,Other
CUST-012110,2,10858.493125541481,3,5,5,5,5.0,Champions
CUST-012111,1,24.549072470545195,540,1,3,2,2.0,Other
CUST-012112,2,189.38534922568348,145,4,5,5,4.666666666666667,Champions
CUST-012113,3,263.79770065271185,92,5,5,5,5.0,Champions
CUST-012114,1,16.16989263497361,398,2,3,1,2.0,Other
CUST-012115,1,86.71528269285069,554,1,3,4,2.6666666666666665,Other
CUST-012116,3,520.7513603913367,383,2,5,5,4.0,Other
CUST-012117,2,43.91647113493297,203,4,5,3,4.0,Potential Loyalists
CUST-012118,2,35.15093032960687,347,3,5,2,3.3333333333333335,Other
CUST-012119,1,73.71895147633893,264,3,3,3,3.0,Potential Loyalists
CUST-012120,1,9.769078411629565,676,1,3,1,1.6666666666666667,Other
CUST-012121,2,66.4674834102979,85,5,5,3,4.333333333333333,Potential Loyalists
CUST-012122,1,36.733103972887776,316,3,3,2,2.6666666666666665,Other
CUST-012123,1,30.466915534948143,625,1,3,2,2.0,Other
CUST-012125,1,7.831249320965251,295,3,3,1,2.3333333333333335,Other
CUST-012126,1,128.83859648721997,697,1,3,4,2.6666666666666665,Other
CUST-012127,1,1.1776738742417927,63,5,3,1,3.0,Other
CUST-012128,2,239.1333421457223,227,3,5,5,4.333333333333333,Potential Loyalists
CUST-012129,1,8.02247273911049,150,4,3,1,2.6666666666666665,Other
CUST-012130,1,29.678118229917622,540,1,3,2,2.0,Other
CUST-012131,2,94.67766030432375,223,3,5,4,4.0,Potential Loyalists
CUST-012132,1,8.274891991972545,224,3,3,1,2.3333333333333335,Other
CUST-012133,2,82.25747999286824,380,2,5,4,3.6666666666666665,Other
CUST-012134,1,12.244094997651098,156,4,3,1,2.6666666666666665,Other
CUST-012135,1,17.527733188990958,156,4,3,1,2.6666666666666665,Other
CUST-012136,2,69.33084421681595,26,5,5,3,4.333333333333333,Potential Loyalists
CUST-012137,1,326.5934780292895,59,5,3,5,4.333333333333333,Potential Loyalists
CUST-012138,1,139.77963650313444,640,1,3,4,2.6666666666666665,Other
CUST-012139,1,18.07426084058925,4,5,3,1,3.0,Other
CUST-012142,1,48.8161443945805,546,1,3,3,2.3333333333333335,Other
CUST-012143,2,67.20915565114888,320,3,5,3,3.6666666666666665,Potential Loyalists
CUST-012144,1,47.32184756068062,100,5,3,3,3.6666666666666665,Potential Loyalists
CUST-012145,3,151.74176868303675,445,2,5,4,3.6666666666666665,Other
CUST-012146,3,61.63426411485858,54,5,5,3,4.333333333333333,Potential Loyalists
CUST-012147,2,89.77923308581194,185,4,5,4,4.333333333333333,Champions
CUST-012148,1,8.517628865215839,428,2,3,1,2.0,Other
CUST-012149,1,6.868393746845889,564,1,3,1,1.6666666666666667,Other
CUST-012150,2,218.64442595571526,486,2,5,5,4.0,Other
CUST-012151,2,117.68783320879615,0,5,5,4,4.666666666666667,Champions
CUST-012152,2,64.72191672796765,122,4,5,3,4.0,Potential Loyalists
CUST-012153,1,14.278883448699874,574,1,3,1,1.6666666666666667,Other
CUST-012154,1,9.105481161843962,344,3,3,1,2.3333333333333335,Other
CUST-012155,1,18.603812124004616,554,1,3,1,1.6666666666666667,Other
CUST-012156,2,284.7991420793178,72,5,5,5,5.0,Champions
CUST-012157,1,24.077275454736352,219,4,3,2,3.0,Other
CUST-012158,2,77.72236697393409,174,4,5,3,4.0,Potential Loyalists
CUST-012159,2,10.798061064640923,2,5,5,1,3.6666666666666665,Other
CUST-012160,1,35.27693920356425,708,1,3,2,2.0,Other
CUST-012161,1,9.193903066033158,532,1,3,1,1.6666666666666667,Other
CUST-012162,2,92.88839916811575,331,3,5,4,4.0,Potential Loyalists
CUST-012163,1,51.68156136056874,197,4,3,3,3.3333333333333335,Potential Loyalists
CUST-012164,1,10.083540641666294,127,4,3,1,2.6666666666666665,Other
CUST-012165,1,8.032355194654768,676,1,3,1,1.6666666666666667,Other
CUST-012166,1,13.485846542260091,687,1,3,1,1.6666666666666667,Other
CUST-012167,1,23.83237531122181,460,2,3,2,2.3333333333333335,Other
CUST-012168,2,74.08082551954328,348,3,5,3,3.6666666666666665,Potential Loyalists
CUST-012169,3,128.8338929400779,255,3,5,4,4.0,Potential Loyalists
CUST-012170,1,20.73530217802853,189,4,3,2,3.0,Other
CUST-012171,2,50.31391878829856,327,3,5,3,3.6666666666666665,Potential Loyalists
CUST-012172,1,13.616660084820236,526,1,3,1,1.6666666666666667,Other
CUST-012173,2,67.92496814546367,174,4,5,3,4.0,Potential Loyalists
CUST-012174,3,44.786507340313136,145,4,5,3,4.0,Potential Loyalists
CUST-012175,2,241.57957783017048,610,1,5,5,3.6666666666666665,Other
CUST-012176,2,279.9725158060965,25,5,5,5,5.0,Champions
CUST-012177,1,20.34032327024286,497,2,3,2,2.3333333333333335,Other
CUST-012178,2,42.11364836316004,338,3,5,3,3.6666666666666665,Potential Loyalists
CUST-012179,3,141.52478050704957,320,3,5,4,4.0,Potential Loyalists
CUST-012180,1,18.413789392546803,327,3,3,1,2.3333333333333335,Other
CUST-012181,4,729.3527006248972,118,4,5,5,4.666666666666667,Champions
CUST-012182,1,40.7206647601296,91,5,3,2,3.3333333333333335,Other
CUST-012183,2,38.772775097667385,246,3,5,2,3.3333333333333335,Other
CUST-012184,2,34.01217557099798,362,2,5,2,3.0,Other
CUST-012186,2,22.972591234220225,296,3,5,2,3.3333333333333335,Other
CUST-012187,1,10.450125184163497,653,1,3,1,1.6666666666666667,Other
CUST-012188,1,9.656419512014606,640,1,3,1,1.6666666666666667,Other
CUST-012189,3,652.3922515932047,19,5,5,5,5.0,Champions
CUST-012190,1,1.8932718300280549,382,2,3,1,2.0,Other
CUST-012191,1,37.89919952802294,125,4,3,2,3.0,Other
CUST-012192,2,19.753126221406415,95,5,5,2,4.0,Other
CUST-012193,2,70.89514208257022,58,5,5,3,4.333333333333333,Potential Loyalists
CUST-012194,1,9.644248840835642,171,4,3,1,2.6666666666666665,Other
CUST-012195,1,5.052294270038445,671,1,3,1,1.6666666666666667,Other
CUST-012196,1,80.8428929196135,307,3,3,4,3.3333333333333335,Potential Loyalists
CUST-012197,1,84.18720303959428,221,3,3,4,3.3333333333333335,Potential Loyalists
CUST-012198,2,46.14519599057395,96,5,5,3,4.333333333333333,Potential Loyalists
CUST-012199,2,328.81552329802554,456,2,5,5,4.0,Other
CUST-012200,2,16.598162709833804,10,5,5,1,3.6666666666666665,Other
CUST-012201,3,105.06516294701166,27,5,5,4,4.666666666666667,Champions
CUST-012202,2,24.024215760579406,365,2,5,2,3.0,Other
CUST-012203,1,114.25176663747536,58,5,3,4,4.0,Potential Loyalists
CUST-012205,1,140.28451513354048,3,5,3,4,4.0,Potential Loyalists
CUST-012206,3,114.29207374819072,238,3,5,4,4.0,Potential Loyalists
CUST-012207,2,132.42735638346784,135,4,5,4,4.333333333333333,Champions
CUST-012208,2,7.291695769316805,77,5,5,1,3.6666666666666665,Other
CUST-012209,2,54.93206193006657,63,5,5,3,4.333333333333333,Potential Loyalists
CUST-012210,1,190.78992927135397,9,5,3,5,4.333333333333333,Potential Loyalists
CUST-012211,1,104.7102642016304,392,2,3,4,3.0,Other
CUST-012212,2,168.82426319359365,395,2,5,5,4.0,Other
CUST-012214,1,35.842459249485024,166,4,3,2,3.0,Other
CUST-012215,1,91.46467511671048,642,1,3,4,2.6666666666666665,Other
CUST-012216,2,64.98760641271593,24,5,5,3,4.333333333333333,Potential Loyalists
CUST-012217,1,89.56275395660063,569,1,3,4,2.6666666666666665,Other
CUST-012218,1,13813.693793386274,675,1,3,5,3.0,Other
CUST-012219,3,188.89417272033373,308,3,5,5,4.333333333333333,Potential Loyalists
CUST-012220,2,369.0470785063102,142,4,5,5,4.666666666666667,Champions
CUST-012221,1,4.031768559959584,34,5,3,1,3.0,Other
CUST-012222,2,10926.455350377562,188,4,5,5,4.666666666666667,Champions
CUST-012223,1,107.09918303425746,661,1,3,4,2.6666666666666665,Other
CUST-012224,1,224.77990874277555,77,5,3,5,4.333333333333333,Potential Loyalists
CUST-012225,1,29.909669796599587,146,4,3,2,3.0,Other
CUST-012226,2,270.2683386886521,446,2,5,5,4.0,Other
CUST-012227,2,113.80675694705346,15,5,5,4,4.666666666666667,Champions
CUST-012228,1,5.888804539957832,68,5,3,1,3.0,Other
CUST-012229,1,29.88429764836697,382,2,3,2,2.3333333333333335,Other
CUST-012230,2,7034.489850932251,76,5,5,5,5.0,Champions
CUST-012231,1,28.57617149660065,151,4,3,2,3.0,Other
CUST-012232,1,16.56485859760377,721,1,3,1,1.6666666666666667,Other
CUST-012233,2,101.69270034196423,522,1,5,4,3.3333333333333335,Other
CUST-012234,1,9.200130790703229,199,4,3,1,2.6666666666666665,Other
CUST-012235,3,273.5386199538382,156,4,5,5,4.666666666666667,Champions
CUST-012236,1,155.1273365548666,368,2,3,4,3.0,Other
CUST-012237,3,248.1500740664222,154,4,5,5,4.666666666666667,Champions
CUST-012238,4,285.68803673894456,96,5,5,5,5.0,Champions
CUST-012239,1,23.38170192228,713,1,3,2,2.0,Other
CUST-012240,1,178.76576272430978,130,4,3,5,4.0,Potential Loyalists
CUST-012241,1,42.89058337443064,659,1,3,3,2.3333333333333335,Other
CUST-012242,2,337.5499317087118,262,3,5,5,4.333333333333333,Potential Loyalists
CUST-012243,2,101.32001460000012,361,2,5,4,3.6666666666666665,Other
CUST-012244,1,547.7422398032156,639,1,3,5,3.0,Other
CUST-012245,2,14.016106552806836,335,3,5,1,3.0,Other
CUST-012246,1,4.255064271197563,302,3,3,1,2.3333333333333335,Other
CUST-012247,1,21.918177749248706,455,2,3,2,2.3333333333333335,Other
CUST-012248,1,448.1485881945468,680,1,3,5,3.0,Other
CUST-012249,1,8.633991951252323,306,3,3,1,2.3333333333333335,Other
CUST-012250,2,71.51764814646717,222,3,5,3,3.6666666666666665,Potential Loyalists
CUST-012251,1,12.759451553892909,251,3,3,1,2.3333333333333335,Other
CUST-012252,3,132.28034253045672,75,5,5,4,4.666666666666667,Champions
CUST-012253,1,39.29116550692123,450,2,3,2,2.3333333333333335,Other
CUST-012254,2,35.90023309373964,100,5,5,2,4.0,Other
CUST-012255,3,59.01752944706417,366,2,5,3,3.3333333333333335,Other
CUST-012256,1,24.55234310813179,297,3,3,2,2.6666666666666665,Other
CUST-012257,2,91.25972516010789,157,4,5,4,4.333333333333333,Champions
CUST-012258,2,176.64776012671976,65,5,5,5,5.0,Champions
CUST-012259,3,554.8327269326796,221,3,5,5,4.333333333333333,Potential Loyalists
CUST-012260,2,23.348115835397163,104,5,5,2,4.0,Other
CUST-012261,2,15.87760710702133,9,5,5,1,3.6666666666666665,Other
CUST-012262,2,248.9759724791215,470,2,5,5,4.0,Other
CUST-012263,1,15.960546115987984,343,3,3,1,2.3333333333333335,Other
CUST-012264,1,235.7376834708029,473,2,3,5,3.3333333333333335,Other
CUST-012265,1,58.70574974388732,214,4,3,3,3.3333333333333335,Potential Loyalists
CUST-012266,3,95.17033136809115,22,5,5,4,4.666666666666667,Champions
CUST-012267,1,9.365511645902284,129,4,3,1,2.6666666666666665,Other
CUST-012268,1,46.48395311193246,253,3,3,3,3.0,Potential Loyalists
CUST-012269,1,4.762785344467624,436,2,3,1,2.0,Other
CUST-012270,1,71.97392570401058,463,2,3,3,2.6666666666666665,Other
CUST-012271,1,202.1075746507037,47,5,3,5,4.333333333333333,Potential Loyalists
CUST-012272,1,14.066814973695005,85,5,3,1,3.0,Other
CUST-012273,1,23.693014222219457,407,2,3,2,2.3333333333333335,Other
CUST-012274,1,16.254867118273566,101,5,3,1,3.0,Other
CUST-012275,1,84.37919668374514,425,2,3,4,3.0,Other
CUST-012276,2,27.286608341645575,333,3,5,2,3.3333333333333335,Other
CUST-012277,1,2.553963075285868,99,5,3,1,3.0,Other
CUST-012278,1,15.90979010338392,532,1,3,1,1.6666666666666667,Other
CUST-012279,1,2.37243555475385,616,1,3,1,1.6666666666666667,Other
CUST-012280,1,6.247240795268166,471,2,3,1,2.0,Other
CUST-012281,1,48.59811916328826,585,1,3,3,2.3333333333333335,Other
CUST-012282,1,28.67748461636423,583,1,3,2,2.0,Other
CUST-012283,2,82.74536069980661,538,1,5,4,3.3333333333333335,Other
CUST-012284,1,10.564385832976456,51,5,3,1,3.0,Other
CUST-012286,2,219.79242517896145,205,4,5,5,4.666666666666667,Champions
CUST-012287,1,12.011753415952889,599,1,3,1,1.6666666666666667,Other
CUST-012288,2,466.520680353969,407,2,5,5,4.0,Other
CUST-012289,2,115.82555000450041,67,5,5,4,4.666666666666667,Champions
CUST-012290,3,140.71182405890775,207,4,5,4,4.333333333333333,Champions
CUST-012291,1,11.72995214520948,292,3,3,1,2.3333333333333335,Other
CUST-012292,1,6287.123472721073,562,1,3,5,3.0,Other
CUST-012293,1,11.521293841990293,473,2,3,1,2.0,Other
CUST-012294,2,5.432759052433617,546,1,5,1,2.3333333333333335,Other
CUST-012295,1,68.87828097999721,528,1,3,3,2.3333333333333335,Other
CUST-012296,1,32.620628557820574,370,2,3,2,2.3333333333333335,Other
CUST-012297,1,81.78898042195942,159,4,3,4,3.6666666666666665,Potential Loyalists
CUST-012298,3,95.29679041468756,113,4,5,4,4.333333333333333,Champions
CUST-012299,3,102.81993825298689,204,4,5,4,4.333333333333333,Champions
CUST-012300,1,6.119055736944654,169,4,3,1,2.6666666666666665,Other
CUST-012301,2,10.718672584614982,205,4,5,1,3.3333333333333335,Other
CUST-012302,1,7.876126426942003,588,1,3,1,1.6666666666666667,Other
CUST-012303,1,24.92338074487417,310,3,3,2,2.6666666666666665,Other
CUST-012304,2,48.46872499479195,226,3,5,3,3.6666666666666665,Potential Loyalists
CUST-012305,1,181.62951198804888,491,2,3,5,3.3333333333333335,Other
CUST-012306,1,27.60530856107751,309,3,3,2,2.6666666666666665,Other
CUST-012307,3,173.95156522309642,81,5,5,5,5.0,Champions
CUST-012308,2,79.20585901508612,69,5,5,3,4.333333333333333,Potential Loyalists
CUST-012309,1,150.81437541498858,643,1,3,4,2.6666666666666665,Other
CUST-012310,2,100.8152347078401,41,5,5,4,4.666666666666667,Champions
CUST-012311,2,75.81375417366391,180,4,5,3,4.0,Potential Loyalists
CUST-012312,1,146.62866133774511,139,4,3,4,3.6666666666666665,Potential Loyalists
CUST-012313,3,194.23702632696825,92,5,5,5,5.0,Champions
CUST-012314,1,76.22801191588073,284,3,3,3,3.0,Potential Loyalists
CUST-012315,1,45.51495070234525,285,3,3,3,3.0,Potential Loyalists
CUST-012316,2,945.8651908009115,165,4,5,5,4.666666666666667,Champions
CUST-012317,2,132.17398650993223,263,3,5,4,4.0,Potential Loyalists
CUST-012318,1,23.814124874286016,703,1,3,2,2.0,Other
CUST-012319,2,78.11168134237414,170,4,5,3,4.0,Potential Loyalists
CUST-012320,1,30.76153921532397,648,1,3,2,2.0,Other
CUST-012321,1,12.091793107909435,456,2,3,1,2.0,Other
CUST-012322,1,68.60529070968255,84,5,3,3,3.6666666666666665,Potential Loyalists
CUST-012323,2,23.40348271172646,10,5,5,2,4.0,Other
CUST-012324,3,39.18609910396178,182,4,5,2,3.6666666666666665,Other
CUST-012325,1,27.428888912810596,261,3,3,2,2.6666666666666665,Other
CUST-012326,1,26.311199778643577,402,2,3,2,2.3333333333333335,Other
CUST-012327,2,50.318580925124266,471,2,5,3,3.3333333333333335,Other
CUST-012328,4,120.48016574955616,173,4,5,4,4.333333333333333,Champions
CUST-012329,3,16.73508951417213,79,5,5,1,3.6666666666666665,Other
CUST-012330,2,83.22593911707185,128,4,5,4,4.333333333333333,Champions
CUST-012331,4,148.31365257457523,315,3,5,4,4.0,Potential Loyalists
CUST-012332,1,83.30730754422507,390,2,3,4,3.0,Other
CUST-012333,1,56.94265700909558,386,2,3,3,2.6666666666666665,Other
CUST-012334,2,12373.730223620265,598,1,5,5,3.6666666666666665,Other
CUST-012335,1,11.844431324202686,118,4,3,1,2.6666666666666665,Other
CUST-012336,1,8.243767352499372,361,2,3,1,2.0,Other
CUST-012337,2,148.90089305694056,144,4,5,4,4.333333333333333,Champions
CUST-012338,2,76.09720413297725,21,5,5,3,4.333333333333333,Potential Loyalists
CUST-012339,2,68.72229713212737,528,1,5,3,3.0,Other
CUST-012340,1,4.613073043567881,73,5,3,1,3.0,Other
CUST-012341,1,59.527249047230995,580,1,3,3,2.3333333333333335,Other
CUST-012342,1,6.661168286722579,319,3,3,1,2.3333333333333335,Other
CUST-012343,2,60.20562595584016,2,5,5,3,4.333333333333333,Potential Loyalists
CUST-012344,1,54.386956568587635,715,1,3,3,2.3333333333333335,Other
CUST-012345,1,11.132134866941604,237,3,3,1,2.3333333333333335,Other
CUST-012346,2,23.470602672815474,443,2,5,2,3.0,Other
CUST-012347,1,183.35453542102343,135,4,3,5,4.0,Potential Loyalists
CUST-012348,2,70.22656247077929,43,5,5,3,4.333333333333333,Potential Loyalists
CUST-012349,2,161.4391712405648,596,1,5,5,3.6666666666666665,Other
CUST-012350,1,16.58285960229037,253,3,3,1,2.3333333333333335,Other
CUST-012351,2,93.3600335569277,517,2,5,4,3.6666666666666665,Other
CUST-012352,1,6.703218895142968,170,4,3,1,2.6666666666666665,Other
CUST-012353,1,280.41806549351014,19,5,3,5,4.333333333333333,Potential Loyalists
CUST-012354,1,50.06760183834923,700,1,3,3,2.3333333333333335,Other
CUST-012355,1,4.7424149417589705,259,3,3,1,2.3333333333333335,Other
CUST-012356,2,123.26828483727495,5,5,5,4,4.666666666666667,Champions
CUST-012357,2,420.30562169943227,75,5,5,5,5.0,Champions
CUST-012358,1,117.57148947409271,604,1,3,4,2.6666666666666665,Other
CUST-012359,2,40.764513238111206,110,4,5,2,3.6666666666666665,Other
CUST-012360,1,67.0651486054265,352,3,3,3,3.0,Potential Loyalists
CUST-012361,2,104.95713618676152,144,4,5,4,4.333333333333333,Champions
CUST-012362,1,59.78404673770811,619,1,3,3,2.3333333333333335,Other
CUST-012363,2,97.9448768072509,415,2,5,4,3.6666666666666665,Other
CUST-012364,1,89.18886692430772,99,5,3,4,4.0,Potential Loyalists
CUST-012365,2,111.12898091638368,17,5,5,4,4.666666666666667,Champions
CUST-012366,1,52.69930944505989,3,5,3,3,3.6666666666666665,Potential Loyalists
CUST-012367,1,45.3297340645487,232,3,3,3,3.0,Potential Loyalists
CUST-012368,1,82.99301152900104,273,3,3,4,3.3333333333333335,Potential Loyalists
CUST-012369,1,11.319378663623691,183,4,3,1,2.6666666666666665,Other
CUST-012370,2,305.48706342083136,487,2,5,5,4.0,Other
CUST-012371,2,13351.200622507158,168,4,5,5,4.666666666666667,Champions
CUST-012372,1,67.61013078563384,372,2,3,3,2.6666666666666665,Other
CUST-012373,1,33.49073152390398,183,4,3,2,3.0,Other
CUST-012374,2,18.471865456477932,509,2,5,1,2.6666666666666665,Other
CUST-012375,2,40.43475672244165,318,3,5,2,3.3333333333333335,Other
CUST-012376,1,20.523992765486565,615,1,3,2,2.0,Other
CUST-012377,1,25.46800780247588,700,1,3,2,2.0,Other
CUST-012378,3,483.3992141196197,75,5,5,5,5.0,Champions
CUST-012379,1,65.92320944182923,441,2,3,3,2.6666666666666665,Other
CUST-012380,2,37.023733541495425,200,4,5,2,3.6666666666666665,Other
CUST-012381,2,27.32105141261856,290,3,5,2,3.3333333333333335,Other
CUST-012382,1,27.19779794970943,280,3,3,2,2.6666666666666665,Other
CUST-012383,1,31.011243568817147,664,1,3,2,2.0,Other
CUST-012384,2,9995.629216256611,32,5,5,5,5.0,Champions
CUST-012385,1,20.06828675820397,433,2,3,2,2.3333333333333335,Other
CUST-012386,2,89.46331709511101,14,5,5,4,4.666666666666667,Champions
CUST-012387,1,48.25553568021552,19,5,3,3,3.6666666666666665,Potential Loyalists
CUST-012388,1,47.94343818416131,205,4,3,3,3.3333333333333335,Potential Loyalists
CUST-012389,1,134.76736981453627,58,5,3,4,4.0,Potential Loyalists
CUST-012390,1,9.485589403441631,363,2,3,1,2.0,Other
CUST-012391,1,6.976484355094263,618,1,3,1,1.6666666666666667,Other
CUST-012392,3,70.06795415148089,184,4,5,3,4.0,Potential Loyalists
CUST-012393,2,99.36645813499733,450,2,5,4,3.6666666666666665,Other
CUST-012394,1,47.18541747820339,459,2,3,3,2.6666666666666665,Other
CUST-012395,1,143.22424840665948,607,1,3,4,2.6666666666666665,Other
CUST-012396,1,17.541455236849885,488,2,3,1,2.0,Other
CUST-012397,1,25.070079882178845,609,1,3,2,2.0,Other
CUST-012398,1,109.58732363818665,4,5,3,4,4.0,Potential Loyalists
CUST-012399,2,282.841753281386,349,3,5,5,4.333333333333333,Potential Loyalists
CUST-012400,2,94.32951186718977,258,3,5,4,4.0,Potential Loyalists
CUST-012401,1,40.82418865188792,97,5,3,2,3.3333333333333335,Other
CUST-012402,1,19.09512960755204,543,1,3,2,2.0,Other
CUST-012403,1,13.047592120207083,606,1,3,1,1.6666666666666667,Other
CUST-012404,1,15.48026945013763,10,5,3,1,3.0,Other
CUST-012405,1,84.97000977274752,467,2,3,4,3.0,Other
CUST-012406,1,45.78500120259815,95,5,3,3,3.6666666666666665,Potential Loyalists
CUST-012407,2,24.636180609755147,548,1,5,2,2.6666666666666665,Other
CUST-012408,1,89.04063741618991,12,5,3,4,4.0,Potential Loyalists
CUST-012409,1,52.2781426430347,116,4,3,3,3.3333333333333335,Potential Loyalists
CUST-012410,1,29.51679074429219,63,5,3,2,3.3333333333333335,Other
CUST-012411,1,83.53113437191082,584,1,3,4,2.6666666666666665,Other
CUST-012412,2,71.6534696578643,651,1,5,3,3.0,Other
CUST-012413,1,24.06712131844759,117,4,3,2,3.0,Other
CUST-012414,3,43.78824334935852,7,5,5,3,4.333333333333333,Potential Loyalists
CUST-012415,1,15.24808848723256,676,1,3,1,1.6666666666666667,Other
CUST-012416,2,66.34636566037298,289,3,5,3,3.6666666666666665,Potential Loyalists
CUST-012417,1,13.547034469560971,225,3,3,1,2.3333333333333335,Other
CUST-012419,2,10605.448336527908,93,5,5,5,5.0,Champions
CUST-012420,2,113.50925192089842,19,5,5,4,4.666666666666667,Champions
CUST-012421,1,160.69316965680102,704,1,3,5,3.0,Other
CUST-012422,1,36.38298562748772,423,2,3,2,2.3333333333333335,Other
CUST-012423,1,22.23954315336836,713,1,3,2,2.0,Other
CUST-012424,2,33.82243530153253,106,4,5,2,3.6666666666666665,Other
CUST-012425,3,28.186809322935794,25,5,5,2,4.0,Other
CUST-012426,1,470.7017885386781,372,2,3,5,3.3333333333333335,Other
CUST-012427,2,59.40261339642038,273,3,5,3,3.6666666666666665,Potential Loyalists
CUST-012428,2,1280.0059306006447,120,4,5,5,4.666666666666667,Champions
CUST-012429,1,1.7972511013107044,723,1,3,1,1.6666666666666667,Other
CUST-012430,1,21.917154199921224,499,2,3,2,2.3333333333333335,Other
CUST-012431,2,135.36401263247564,230,3,5,4,4.0,Potential Loyalists
CUST-012432,2,98.13814782359917,281,3,5,4,4.0,Potential Loyalists
CUST-012433,2,41.82866053939529,317,3,5,3,3.6666666666666665,Potential Loyalists
CUST-012434,1,83.67251038843233,192,4,3,4,3.6666666666666665,Potential Loyalists
CUST-012435,1,20.046911792104808,613,1,3,2,2.0,Other
CUST-012436,2,172.65048703173645,115,4,5,5,4.666666666666667,Champions
CUST-012437,3,89.17145930897928,434,2,5,4,3.6666666666666665,Other
CUST-012438,1,31.806689944915423,372,2,3,2,2.3333333333333335,Other
CUST-012439,1,22.436254859232985,617,1,3,2,2.0,Other
CUST-012440,1,77.31621759893662,400,2,3,3,2.6666666666666665,Other
CUST-012441,1,22.431686632949063,483,2,3,2,2.3333333333333335,Other
CUST-012442,1,160.95853660020893,486,2,3,5,3.3333333333333335,Other
CUST-012443,1,45.1578371446936,719,1,3,3,2.3333333333333335,Other
CUST-012444,1,44.5784159684974,141,4,3,3,3.3333333333333335,Potential Loyalists
CUST-012445,1,19.326534572162128,235,3,3,2,2.6666666666666665,Other
CUST-012446,1,980.9057005800815,342,3,3,5,3.6666666666666665,Potential Loyalists
CUST-012447,1,44.849913752713064,659,1,3,3,2.3333333333333335,Other
CUST-012448,2,55.19281779815249,458,2,5,3,3.3333333333333335,Other
CUST-012449,2,188.97651459919976,350,3,5,5,4.333333333333333,Potential Loyalists
CUST-012450,2,94.5328233138875,131,4,5,4,4.333333333333333,Champions
CUST-012451,3,416.0511745096561,259,3,5,5,4.333333333333333,Potential Loyalists
CUST-012452,2,83.64145964521963,634,1,5,4,3.3333333333333335,Other
CUST-012453,2,317.3997654558317,157,4,5,5,4.666666666666667,Champions
CUST-012454,2,10.798877325831931,20,5,5,1,3.6666666666666665,Other
CUST-012455,1,55.02570195104471,388,2,3,3,2.6666666666666665,Other
CUST-012456,1,6.112295681914085,410,2,3,1,2.0,Other
CUST-012457,1,70.42841897212058,457,2,3,3,2.6666666666666665,Other
CUST-012458,2,45.59468529218672,468,2,5,3,3.3333333333333335,Other
CUST-012459,3,142.88542696343515,424,2,5,4,3.6666666666666665,Other
CUST-012460,1,13471.74244408936,514,2,3,5,3.3333333333333335,Other
CUST-012461,1,23.95130433953814,453,2,3,2,2.3333333333333335,Other
CUST-012462,1,162.60740758552353,431,2,3,5,3.3333333333333335,Other
CUST-012463,1,55.07326016789052,448,2,3,3,2.6666666666666665,Other
CUST-012464,1,201.6651357998985,375,2,3,5,3.3333333333333335,Other
CUST-012465,2,31.721216278095994,107,4,5,2,3.6666666666666665,Other
CUST-012466,1,11.992323661499489,702,1,3,1,1.6666666666666667,Other
CUST-012467,4,808.8963592844634,34,5,5,5,5.0,Champions
CUST-012468,1,54.640569333562766,166,4,3,3,3.3333333333333335,Potential Loyalists
CUST-012469,1,37.64831937553173,133,4,3,2,3.0,Other
CUST-012470,2,99.69464862007571,606,1,5,4,3.3333333333333335,Other
CUST-012471,2,334.24027011122496,200,4,5,5,4.666666666666667,Champions
CUST-012472,1,42.99018427408663,316,3,3,3,3.0,Potential Loyalists
CUST-012473,1,1.356892604496985,601,1,3,1,1.6666666666666667,Other
CUST-012474,2,45.847556477583936,164,4,5,3,4.0,Potential Loyalists
CUST-012475,2,321.27939250862096,560,1,5,5,3.6666666666666665,Other
CUST-012476,2,112.20478507853872,24,5,5,4,4.666666666666667,Champions
CUST-012477,1,59.935004730455624,186,4,3,3,3.3333333333333335,Potential Loyalists
CUST-012478,3,56.45820977450681,273,3,5,3,3.6666666666666665,Potential Loyalists
CUST-012479,1,380.10117651680423,618,1,3,5,3.0,Other
CUST-012480,1,25.09130597321388,280,3,3,2,2.6666666666666665,Other
CUST-012481,1,29.66072972817607,99,5,3,2,3.3333333333333335,Other
CUST-012482,2,99.94041388612007,126,4,5,4,4.333333333333333,Champions
CUST-012483,1,79.03534969846118,318,3,3,3,3.0,Potential Loyalists
CUST-012484,1,211.52534130979504,97,5,3,5,4.333333333333333,Potential Loyalists
CUST-012485,1,17.429857426079455,408,2,3,1,2.0,Other
CUST-012486,3,155.90851509727622,38,5,5,4,4.666666666666667,Champions
CUST-012488,1,69.8656437167416,22,5,3,3,3.6666666666666665,Potential Loyalists
CUST-012489,2,151.6954194850376,59,5,5,4,4.666666666666667,Champions
CUST-012490,1,14.906898202774908,392,2,3,1,2.0,Other
CUST-012491,2,228.67003176189775,255,3,5,5,4.333333333333333,Potential Loyalists
CUST-012492,1,24.495917540705296,600,1,3,2,2.0,Other
CUST-012493,1,28.68439137665563,182,4,3,2,3.0,Other
CUST-012494,1,128.18347540438256,550,1,3,4,2.6666666666666665,Other
CUST-012495,1,31.836283814986153,171,4,3,2,3.0,Other
CUST-012497,1,57.33077463109794,46,5,3,3,3.6666666666666665,Potential Loyalists
CUST-012498,3,168.8806523734371,36,5,5,5,5.0,Champions
CUST-012499,1,47.27496688127015,683,1,3,3,2.3333333333333335,Other
CUST-012500,1,5.844762701338346,588,1,3,1,1.6666666666666667,Other
CUST-012501,3,376.87182875569033,274,3,5,5,4.333333333333333,Potential Loyalists
CUST-012502,1,1.6331662236336308,711,1,3,1,1.6666666666666667,Other
CUST-012503,2,38.3915336780156,329,3,5,2,3.3333333333333335,Other
CUST-012504,1,26.851830849852632,700,1,3,2,2.0,Other
CUST-012505,3,159.15203606250287,38,5,5,4,4.666666666666667,Champions
CUST-012506,1,62.19291952229332,608,1,3,3,2.3333333333333335,Other
CUST-012507,2,167.90427307495838,45,5,5,5,5.0,Champions
CUST-012508,1,45.775145933053615,511,2,3,3,2.6666666666666665,Other
CUST-012509,1,20.326215469382984,76,5,3,2,3.3333333333333335,Other
CUST-012510,1,24.211138569432865,251,3,3,2,2.6666666666666665,Other
CUST-012511,1,6143.445580032458,377,2,3,5,3.3333333333333335,Other
CUST-012512,1,25.63461095460167,110,4,3,2,3.0,Other
CUST-012513,2,341.8893555536001,74,5,5,5,5.0,Champions
CUST-012514,2,224.01485011074413,68,5,5,5,5.0,Champions
CUST-012515,1,5.876705674541296,195,4,3,1,2.6666666666666665,Other
CUST-012516,2,32.19770066340474,311,3,5,2,3.3333333333333335,Other
CUST-012517,1,37.79772273396602,491,2,3,2,2.3333333333333335,Other
CUST-012518,2,81.3059747792865,87,5,5,4,4.666666666666667,Champions
CUST-012519,1,32.15618406512296,316,3,3,2,2.6666666666666665,Other
CUST-012520,2,32.97661012883837,475,2,5,2,3.0,Other
CUST-012521,1,29.848465192465166,435,2,3,2,2.3333333333333335,Other
CUST-012522,1,61.951581481765224,479,2,3,3,2.6666666666666665,Other
CUST-012523,1,546.9748226239233,241,3,3,5,3.6666666666666665,Potential Loyalists
CUST-012524,1,10.645255027532905,580,1,3,1,1.6666666666666667,Other
CUST-012526,1,15.923793432327525,413,2,3,1,2.0,Other
CUST-012527,1,6.971289253367612,361,2,3,1,2.0,Other
CUST-012529,1,12.609084751643126,433,2,3,1,2.0,Other
CUST-012530,2,32.12194412254095,72,5,5,2,4.0,Other
CUST-012531,1,47.69085211254525,463,2,3,3,2.6666666666666665,Other
CUST-012532,1,44.180535066707854,424,2,3,3,2.6666666666666665,Other
CUST-012533,2,97.48127956832505,85,5,5,4,4.666666666666667,Champions
CUST-012534,2,106.87755146580179,156,4,5,4,4.333333333333333,Champions
CUST-012535,1,76.63257916856803,205,4,3,3,3.3333333333333335,Potential Loyalists
CUST-012536,1,7.839919536632084,309,3,3,1,2.3333333333333335,Other
CUST-012537,2,42.27090473081415,29,5,5,3,4.333333333333333,Potential Loyalists
CUST-012538,2,89.45649316988656,46,5,5,4,4.666666666666667,Champions
CUST-012539,1,63.41259142919256,162,4,3,3,3.3333333333333335,Potential Loyalists
CUST-012540,1,10.213893338696296,618,1,3,1,1.6666666666666667,Other
CUST-012541,2,478.73270102658785,72,5,5,5,5.0,Champions
CUST-012542,2,103.39955494870416,106,4,5,4,4.333333333333333,Champions
CUST-012543,2,175.2609809671464,225,3,5,5,4.333333333333333,Potential Loyalists
CUST-012544,3,133.98017572028198,309,3,5,4,4.0,Potential Loyalists
CUST-012545,1,68.4013381183126,389,2,3,3,2.6666666666666665,Other
CUST-012546,1,53.195065266227665,364,2,3,3,2.6666666666666665,Other
CUST-012547,1,36.786761034261716,328,3,3,2,2.6666666666666665,Other
CUST-012548,2,707.3793363227998,347,3,5,5,4.333333333333333,Potential Loyalists
CUST-012549,1,32.8688955105715,155,4,3,2,3.0,Other
CUST-012550,2,58.80661740507565,109,4,5,3,4.0,Potential Loyalists
CUST-012551,1,29.89204375261822,227,3,3,2,2.6666666666666665,Other
CUST-012552,1,16.058898742344187,365,2,3,1,2.0,Other
CUST-012554,1,153.16985798336543,323,3,3,4,3.3333333333333335,Potential Loyalists
CUST-012555,1,14.012201883379593,461,2,3,1,2.0,Other
CUST-012556,2,61.91435809448813,247,3,5,3,3.6666666666666665,Potential Loyalists
CUST-012557,2,31.546548152771525,173,4,5,2,3.6666666666666665,Other
CUST-012558,2,23.43566522301306,254,3,5,2,3.3333333333333335,Other
CUST-012559,1,106.95660621065642,349,3,3,4,3.3333333333333335,Potential Loyalists
CUST-012560,1,3.787133725214833,635,1,3,1,1.6666666666666667,Other
CUST-012561,1,143.31284741273197,682,1,3,4,2.6666666666666665,Other
CUST-012562,1,87.7498706497507,349,3,3,4,3.3333333333333335,Potential Loyalists
CUST-012563,1,36.48133319826677,484,2,3,2,2.3333333333333335,Other
CUST-012564,2,1239.5787489390784,113,4,5,5,4.666666666666667,Champions
CUST-012565,1,56.22495104704407,133,4,3,3,3.3333333333333335,Potential Loyalists
CUST-012566,1,226.95642925329904,557,1,3,5,3.0,Other
CUST-012567,1,46.101086348906314,675,1,3,3,2.3333333333333335,Other
CUST-012570,1,53.04235854968193,662,1,3,3,2.3333333333333335,Other
CUST-012571,1,169.56847649918078,639,1,3,5,3.0,Other
CUST-012572,1,168.3153204847667,497,2,3,5,3.3333333333333335,Other
CUST-012573,1,12.933380307658071,597,1,3,1,1.6666666666666667,Other
CUST-012574,1,70.81042567349226,671,1,3,3,2.3333333333333335,Other
CUST-012575,1,11.805551251762616,210,4,3,1,2.6666666666666665,Other
CUST-012576,1,39.944176773623816,228,3,3,2,2.6666666666666665,Other
CUST-012577,1,10.891028806105227,40,5,3,1,3.0,Other
CUST-012578,1,15.61424272314682,623,1,3,1,1.6666666666666667,Other
CUST-012579,1,4.7514352502140005,639,1,3,1,1.6666666666666667,Other
CUST-012580,1,13397.199347968404,74,5,3,5,4.333333333333333,Potential Loyalists
CUST-012581,2,164.33222654633616,156,4,5,5,4.666666666666667,Champions
CUST-012582,1,33.17524547823359,126,4,3,2,3.0,Other
CUST-012583,2,34.89241538291509,110,4,5,2,3.6666666666666665,Other
CUST-012584,1,69.67901919823866,476,2,3,3,2.6666666666666665,Other
CUST-012585,1,8.853939487726759,722,1,3,1,1.6666666666666667,Other
CUST-012586,1,108.10241659104508,532,1,3,4,2.6666666666666665,Other
CUST-012587,1,23.073488320506534,326,3,3,2,2.6666666666666665,Other
CUST-012588,1,21.398595726953637,693,1,3,2,2.0,Other
CUST-012589,2,272.7192454260345,193,4,5,5,4.666666666666667,Champions
CUST-012590,1,25.366663615111428,558,1,3,2,2.0,Other
CUST-012591,1,14.15627111980686,70,5,3,1,3.0,Other
CUST-012592,1,27.781229316547655,587,1,3,2,2.0,Other
CUST-012593,3,406.3553242315023,272,3,5,5,4.333333333333333,Potential Loyalists
CUST-012594,1,69.52027509602047,649,1,3,3,2.3333333333333335,Other
CUST-012595,2,53.545520498691936,395,2,5,3,3.3333333333333335,Other
CUST-012596,2,90.80610762048576,675,1,5,4,3.3333333333333335,Other
CUST-012597,1,18.11805820211605,519,2,3,1,2.0,Other
CUST-012598,1,93.83673635326645,435,2,3,4,3.0,Other
CUST-012599,2,9110.68017053843,19,5,5,5,5.0,Champions
CUST-012600,1,25.712714282438625,439,2,3,2,2.3333333333333335,Other
CUST-012601,2,48.91056584719711,388,2,5,3,3.3333333333333335,Other
CUST-012602,2,34.14771795102665,294,3,5,2,3.3333333333333335,Other
CUST-012603,2,51.72630454340077,14,5,5,3,4.333333333333333,Potential Loyalists
CUST-012604,1,16.44178913008622,641,1,3,1,1.6666666666666667,Other
CUST-012605,1,178.53200905381146,2,5,3,5,4.333333333333333,Potential Loyalists
CUST-012606,3,124.37925528079313,22,5,5,4,4.666666666666667,Champions
CUST-012607,1,135.81516379078786,623,1,3,4,2.6666666666666665,Other
CUST-012608,2,14897.88758055483,280,3,5,5,4.333333333333333,Potential Loyalists
CUST-012609,2,69.77504364262047,442,2,5,3,3.3333333333333335,Other
CUST-012610,1,6.388932551554517,174,4,3,1,2.6666666666666665,Other
CUST-012611,1,12.733512178460398,398,2,3,1,2.0,Other
CUST-012612,2,13.215116286833094,220,3,5,1,3.0,Other
CUST-012613,1,24.704412565750935,506,2,3,2,2.3333333333333335,Other
CUST-012614,1,143.6030625762821,78,5,3,4,4.0,Potential Loyalists
CUST-012615,1,104.56105413056116,515,2,3,4,3.0,Other
CUST-012616,1,18.733396764737968,632,1,3,1,1.6666666666666667,Other
CUST-012617,1,5.657736403363421,555,1,3,1,1.6666666666666667,Other
CUST-012618,2,75.50645507701877,388,2,5,3,3.3333333333333335,Other
CUST-012619,1,23.537504246990093,423,2,3,2,2.3333333333333335,Other
CUST-012621,1,898.8698393966647,259,3,3,5,3.6666666666666665,Potential Loyalists
CUST-012622,2,24.024112428992115,137,4,5,2,3.6666666666666665,Other
CUST-012623,1,32.873182194153074,15,5,3,2,3.3333333333333335,Other
CUST-012624,2,79.10921170848546,123,4,5,3,4.0,Potential Loyalists
CUST-012625,1,23.70369609624576,59,5,3,2,3.3333333333333335,Other
CUST-012626,4,306.79005221257904,279,3,5,5,4.333333333333333,Potential Loyalists
CUST-012627,2,246.18736783613878,196,4,5,5,4.666666666666667,Champions
CUST-012628,1,38.60751684747003,124,4,3,2,3.0,Other
CUST-012629,1,35.00243353029895,686,1,3,2,2.0,Other
CUST-012630,2,72.90125683795311,269,3,5,3,3.6666666666666665,Potential Loyalists
CUST-012631,1,14.354404227784242,46,5,3,1,3.0,Other
CUST-012632,1,2.149868631353013,700,1,3,1,1.6666666666666667,Other
CUST-012633,1,153.51314590004156,607,1,3,4,2.6666666666666665,Other
CUST-012634,1,7.07247646439942,701,1,3,1,1.6666666666666667,Other
CUST-012635,1,53.8521579998408,103,5,3,3,3.6666666666666665,Potential Loyalists
CUST-012636,1,76.19830814757992,580,1,3,3,2.3333333333333335,Other
CUST-012637,2,77.4248209124832,205,4,5,3,4.0,Potential Loyalists
CUST-012638,1,44.689944459247485,418,2,3,3,2.6666666666666665,Other
CUST-012639,2,29.70563623256943,232,3,5,2,3.3333333333333335,Other
CUST-012640,1,7.428196317695797,712,1,3,1,1.6666666666666667,Other
CUST-012641,2,242.59161982532441,650,1,5,5,3.6666666666666665,Other
CUST-012642,2,11433.188122219077,182,4,5,5,4.666666666666667,Champions
CUST-012643,1,124.16277097489012,477,2,3,4,3.0,Other
CUST-012644,2,251.6150322033437,350,3,5,5,4.333333333333333,Potential Loyalists
CUST-012646,1,6.193427990545342,372,2,3,1,2.0,Other
CUST-012647,1,12.514797999477745,139,4,3,1,2.6666666666666665,Other
CUST-012648,4,401.63288092879793,276,3,5,5,4.333333333333333,Potential Loyalists
CUST-012649,1,156.6691045725227,195,4,3,4,3.6666666666666665,Potential Loyalists
CUST-012650,2,86.35653815794629,77,5,5,4,4.666666666666667,Champions
CUST-012651,1,33.18115388099546,440,2,3,2,2.3333333333333335,Other
CUST-012652,2,229.29490638129005,395,2,5,5,4.0,Other
CUST-012653,2,37.98125779160482,387,2,5,2,3.0,Other
CUST-012654,1,23.658016313721937,11,5,3,2,3.3333333333333335,Other
CUST-012655,3,196.9445601050479,237,3,5,5,4.333333333333333,Potential Loyalists
CUST-012656,1,27.494427041070463,243,3,3,2,2.6666666666666665,Other
CUST-012657,1,13.438169169688903,307,3,3,1,2.3333333333333335,Other
CUST-012658,1,123.84132072497574,173,4,3,4,3.6666666666666665,Potential Loyalists
CUST-012659,1,17.555851205042668,87,5,3,1,3.0,Other
CUST-012660,1,24.955202451951997,204,4,3,2,3.0,Other
CUST-012661,1,52.391718174241056,5,5,3,3,3.6666666666666665,Potential Loyalists
CUST-012662,2,49.28266949142054,599,1,5,3,3.0,Other
CUST-012663,2,51.66805724956272,673,1,5,3,3.0,Other
CUST-012664,1,26.92699315068131,634,1,3,2,2.0,Other
CUST-012665,2,117.2920538144006,73,5,5,4,4.666666666666667,Champions
CUST-012666,1,202.27785563480572,258,3,3,5,3.6666666666666665,Potential Loyalists
CUST-012667,2,77.39598933293755,388,2,5,3,3.3333333333333335,Other
CUST-012668,1,58.90461100801812,566,1,3,3,2.3333333333333335,Other
CUST-012669,2,324.67274748586135,494,2,5,5,4.0,Other
CUST-012670,1,44.22605838078725,72,5,3,3,3.6666666666666665,Potential Loyalists
CUST-012671,2,20.273863130622022,224,3,5,2,3.3333333333333335,Other
CUST-012672,3,150.0202138220608,348,3,5,4,4.0,Potential Loyalists
CUST-012673,1,94.37556939098536,673,1,3,4,2.6666666666666665,Other
CUST-012674,1,16.506143440081505,290,3,3,1,2.3333333333333335,Other
CUST-012675,1,50.4464838176615,428,2,3,3,2.6666666666666665,Other
CUST-012676,1,622.883036100983,615,1,3,5,3.0,Other
CUST-012677,2,276.6255756831052,42,5,5,5,5.0,Champions
CUST-012678,4,471.59259477385785,322,3,5,5,4.333333333333333,Potential Loyalists
CUST-012679,1,39.33298641794027,453,2,3,2,2.3333333333333335,Other
CUST-012680,1,15.98917401353776,651,1,3,1,1.6666666666666667,Other
CUST-012681,1,19.754648929622498,326,3,3,2,2.6666666666666665,Other
CUST-012682,1,16.769470337213978,168,4,3,1,2.6666666666666665,Other
CUST-012683,2,100.08045003481249,1,5,5,4,4.666666666666667,Champions
CUST-012684,1,99.62846966679632,111,4,3,4,3.6666666666666665,Potential Loyalists
CUST-012685,1,157.30934729615157,276,3,3,4,3.3333333333333335,Potential Loyalists
CUST-012686,2,22.774559328115316,643,1,5,2,2.6666666666666665,Other
CUST-012687,3,64.26564467703075,198,4,5,3,4.0,Potential Loyalists
CUST-012688,1,5.6258078068068595,492,2,3,1,2.0,Other
CUST-012689,2,70.56729502170477,257,3,5,3,3.6666666666666665,Potential Loyalists
CUST-012690,1,231.17541058869065,194,4,3,5,4.0,Potential Loyalists
CUST-012691,2,666.6182864963137,306,3,5,5,4.333333333333333,Potential Loyalists
CUST-012692,2,313.1468522325029,285,3,5,5,4.333333333333333,Potential Loyalists
CUST-012693,2,66.20664012833517,187,4,5,3,4.0,Potential Loyalists
CUST-012694,4,320.4897831635568,79,5,5,5,5.0,Champions
CUST-012695,1,346.0666209466727,646,1,3,5,3.0,Other
CUST-012696,1,11.404672614459294,359,2,3,1,2.0,Other
CUST-012697,1,34.55962847768108,605,1,3,2,2.0,Other
CUST-012698,1,33.496989900518365,271,3,3,2,2.6666666666666665,Other
CUST-012699,2,81.68452566834846,118,4,5,4,4.333333333333333,Champions
CUST-012700,1,175.14108397249316,228,3,3,5,3.6666666666666665,Potential Loyalists
CUST-012701,2,55.752807377101426,144,4,5,3,4.0,Potential Loyalists
CUST-012703,1,25.88495864163697,709,1,3,2,2.0,Other
CUST-012704,1,34.01426066051436,20,5,3,2,3.3333333333333335,Other
CUST-012705,1,113.95196799227163,291,3,3,4,3.3333333333333335,Potential Loyalists
CUST-012706,1,37.8337374067082,138,4,3,2,3.0,Other
CUST-012707,2,60.01000176998235,141,4,5,3,4.0,Potential Loyalists
CUST-012708,2,72.85768552506423,74,5,5,3,4.333333333333333,Potential Loyalists
CUST-012709,2,133.55175949660457,485,2,5,4,3.6666666666666665,Other
CUST-012710,1,23.227126530402664,644,1,3,2,2.0,Other
CUST-012711,1,5.184304785589889,39,5,3,1,3.0,Other
CUST-012712,1,144.7861972521409,387,2,3,4,3.0,Other
CUST-012713,2,53.93853389929782,184,4,5,3,4.0,Potential Loyalists
CUST-012714,2,34.93501087365991,452,2,5,2,3.0,Other
CUST-012715,3,94.85581420197879,29,5,5,4,4.666666666666667,Champions
CUST-012716,1,51.144259797003585,445,2,3,3,2.6666666666666665,Other
CUST-012717,1,49.263370229684135,16,5,3,3,3.6666666666666665,Potential Loyalists
CUST-012718,1,294.2078529654591,261,3,3,5,3.6666666666666665,Potential Loyalists
CUST-012719,2,8594.73980585746,106,4,5,5,4.666666666666667,Champions
CUST-012720,1,50.24818312947296,197,4,3,3,3.3333333333333335,Potential Loyalists
CUST-012721,2,32.055333415047215,268,3,5,2,3.3333333333333335,Other
CUST-012722,3,151.35648854090093,86,5,5,4,4.666666666666667,Champions
CUST-012723,2,50.31751844660835,218,4,5,3,4.0,Potential Loyalists
CUST-012724,1,41.2554178696725,519,2,3,2,2.3333333333333335,Other
CUST-012725,1,13.598604828405907,457,2,3,1,2.0,Other
CUST-012726,2,75.69619360884235,61,5,5,3,4.333333333333333,Potential Loyalists
CUST-012727,1,12.738933353548962,681,1,3,1,1.6666666666666667,Other
CUST-012728,1,6.279704236804137,718,1,3,1,1.6666666666666667,Other
CUST-012729,2,134.21623533703988,106,4,5,4,4.333333333333333,Champions
CUST-012730,1,212.29594038532753,644,1,3,5,3.0,Other
CUST-012731,1,8.290117376446405,672,1,3,1,1.6666666666666667,Other
CUST-012732,1,13.5151653298159,186,4,3,1,2.6666666666666665,Other
CUST-012733,1,19.151002249574876,228,3,3,2,2.6666666666666665,Other
CUST-012734,1,49.38546525981762,14,5,3,3,3.6666666666666665,Potential Loyalists
CUST-012735,3,133.02682522262728,127,4,5,4,4.333333333333333,Champions
CUST-012736,1,128.07577621202665,173,4,3,4,3.6666666666666665,Potential Loyalists
CUST-012737,1,2.148143441808682,294,3,3,1,2.3333333333333335,Other
CUST-012738,2,30.417179011268743,176,4,5,2,3.6666666666666665,Other
CUST-012739,2,5930.442470941396,624,1,5,5,3.6666666666666665,Other
CUST-012740,1,30.048689898998436,673,1,3,2,2.0,Other
CUST-012741,3,479.5186659121283,220,3,5,5,4.333333333333333,Potential Loyalists
CUST-012742,1,680.4404086209955,495,2,3,5,3.3333333333333335,Other
CUST-012743,2,24.360198753497308,180,4,5,2,3.6666666666666665,Other
CUST-012744,3,83.24196778859245,306,3,5,4,4.0,Potential Loyalists
CUST-012745,2,369.3560538517862,0,5,5,5,5.0,Champions
CUST-012746,1,82.51623433721238,50,5,3,4,4.0,Potential Loyalists
CUST-012747,1,6.390748400517935,579,1,3,1,1.6666666666666667,Other
CUST-012748,2,23.717126292462453,379,2,5,2,3.0,Other
CUST-012749,2,151.56628920048075,65,5,5,4,4.666666666666667,Champions
CUST-012750,1,84.76534948847083,233,3,3,4,3.3333333333333335,Potential Loyalists
CUST-012751,2,172.94331625667218,161,4,5,5,4.666666666666667,Champions
CUST-012752,1,11.289992818200924,436,2,3,1,2.0,Other
CUST-012753,1,23.15616868348559,719,1,3,2,2.0,Other
CUST-012754,1,150.8630253793263,371,2,3,4,3.0,Other
CUST-012755,1,13.367927042099108,335,3,3,1,2.3333333333333335,Other
CUST-012756,2,143.73611363806813,2,5,5,4,4.666666666666667,Champions
CUST-012757,1,62.46900510158978,184,4,3,3,3.3333333333333335,Potential Loyalists
CUST-012758,3,154.65793970290804,105,5,5,4,4.666666666666667,Champions
CUST-012759,1,105.0409627015032,197,4,3,4,3.6666666666666665,Potential Loyalists
CUST-012760,1,89.62963498624093,517,2,3,4,3.0,Other
CUST-012761,1,18.419381544669967,98,5,3,1,3.0,Other
CUST-012762,2,106.56132712068543,333,3,5,4,4.0,Potential Loyalists
CUST-012763,1,7.930069616889281,140,4,3,1,2.6666666666666665,Other
CUST-012764,3,61.242962267664964,369,2,5,3,3.3333333333333335,Other
CUST-012765,2,324.7609679968565,455,2,5,5,4.0,Other
CUST-012766,2,339.94259971886964,567,1,5,5,3.6666666666666665,Other
CUST-012767,1,315.7215798029052,593,1,3,5,3.0,Other
CUST-012768,1,186.58292725776553,56,5,3,5,4.333333333333333,Potential Loyalists
CUST-012769,3,49.98506260079118,91,5,5,3,4.333333333333333,Potential Loyalists
CUST-012770,1,95.6803505209585,606,1,3,4,2.6666666666666665,Other
CUST-012771,2,114.99981790972694,183,4,5,4,4.333333333333333,Champions
CUST-012772,2,13260.887315719046,649,1,5,5,3.6666666666666665,Other
CUST-012773,2,138.25598544110676,174,4,5,4,4.333333333333333,Champions
CUST-012774,2,91.7398564697454,168,4,5,4,4.333333333333333,Champions
CUST-012775,1,40.51554496525901,565,1,3,2,2.0,Other
CUST-012776,3,234.48478113725326,66,5,5,5,5.0,Champions
CUST-012777,1,22.603116676912776,32,5,3,2,3.3333333333333335,Other
CUST-012778,2,93.79196783301884,243,3,5,4,4.0,Potential Loyalists
CUST-012779,1,13.214705890916258,620,1,3,1,1.6666666666666667,Other
CUST-012780,1,88.6963420781242,89,5,3,4,4.0,Potential Loyalists
CUST-012781,1,37.555494406365185,423,2,3,2,2.3333333333333335,Other
CUST-012782,3,5729.454821130829,503,2,5,5,4.0,Other
CUST-012783,4,9743.845612553507,95,5,5,5,5.0,Champions
CUST-012784,1,14.540248853560438,600,1,3,1,1.6666666666666667,Other
CUST-012785,2,184.75023700908412,77,5,5,5,5.0,Champions
CUST-012787,1,40.75781343058355,614,1,3,2,2.0,Other
CUST-012788,1,51.087432490471706,103,5,3,3,3.6666666666666665,Potential Loyalists
CUST-012789,1,16.33005823779641,205,4,3,1,2.6666666666666665,Other
CUST-012790,1,8.640842549916098,636,1,3,1,1.6666666666666667,Other
CUST-012791,3,47.31701363927836,107,4,5,3,4.0,Potential Loyalists
CUST-012792,1,206.324657518585,208,4,3,5,4.0,Potential Loyalists
CUST-012793,2,497.78136133205805,312,3,5,5,4.333333333333333,Potential Loyalists
CUST-012794,1,2.2342349545527607,98,5,3,1,3.0,Other
CUST-012795,1,14.30979951027227,6,5,3,1,3.0,Other
CUST-012796,1,18.101261949661257,392,2,3,1,2.0,Other
CUST-012797,1,11.917061685915222,666,1,3,1,1.6666666666666667,Other
CUST-012798,2,52.64121928564895,233,3,5,3,3.6666666666666665,Potential Loyalists
CUST-012799,1,12.17423189071165,332,3,3,1,2.3333333333333335,Other
CUST-012800,1,119.88331773987336,403,2,3,4,3.0,Other
CUST-012801,1,6.037045924847071,100,5,3,1,3.0,Other
CUST-012802,1,13.40929861115462,668,1,3,1,1.6666666666666667,Other
CUST-012803,1,64.982382055568,111,4,3,3,3.3333333333333335,Potential Loyalists
CUST-012804,2,67.27303364831914,74,5,5,3,4.333333333333333,Potential Loyalists
CUST-012805,1,66.96828048915626,50,5,3,3,3.6666666666666665,Potential Loyalists
CUST-012806,2,153.70961651043928,176,4,5,4,4.333333333333333,Champions
CUST-012808,1,16.67399103280163,667,1,3,1,1.6666666666666667,Other
CUST-012809,3,927.5496441627099,524,1,5,5,3.6666666666666665,Other
CUST-012810,1,23.308971858616616,358,2,3,2,2.3333333333333335,Other
CUST-012811,1,12.56351375820355,218,4,3,1,2.6666666666666665,Other
CUST-012812,1,3.856522658087064,156,4,3,1,2.6666666666666665,Other
CUST-012813,2,130.48593025437205,192,4,5,4,4.333333333333333,Champions
CUST-012814,2,101.36995970583556,240,3,5,4,4.0,Potential Loyalists
CUST-012815,1,0.7089184848620483,724,1,3,1,1.6666666666666667,Other
CUST-012816,1,97.10618005941494,391,2,3,4,3.0,Other
CUST-012817,2,45.517243879555394,79,5,5,3,4.333333333333333,Potential Loyalists
CUST-012818,1,15.837464325946014,379,2,3,1,2.0,Other
CUST-012819,1,74.0767243279843,175,4,3,3,3.3333333333333335,Potential Loyalists
CUST-012820,3,76.20502270811465,82,5,5,3,4.333333333333333,Potential Loyalists
CUST-012821,2,208.89202746955038,58,5,5,5,5.0,Champions
CUST-012822,1,39.536846744858046,707,1,3,2,2.0,Other
CUST-012823,1,214.55518643023947,688,1,3,5,3.0,Other
CUST-012824,1,8.429968386098457,566,1,3,1,1.6666666666666667,Other
CUST-012826,1,52.91873656568137,292,3,3,3,3.0,Potential Loyalists
CUST-012827,1,38.70820819081225,266,3,3,2,2.6666666666666665,Other
CUST-012828,1,5.823291415165478,273,3,3,1,2.3333333333333335,Other
CUST-012829,1,118.58819920112416,67,5,3,4,4.0,Potential Loyalists
CUST-012830,2,12.059230633955359,334,3,5,1,3.0,Other
CUST-012831,1,8.00115141801937,13,5,3,1,3.0,Other
CUST-012832,1,14.853939562067616,290,3,3,1,2.3333333333333335,Other
CUST-012833,1,118.246920148747,16,5,3,4,4.0,Potential Loyalists
CUST-012834,1,35.21845882485528,447,2,3,2,2.3333333333333335,Other
CUST-012835,2,36.3201126414405,448,2,5,2,3.0,Other
CUST-012836,2,178.25958149807775,90,5,5,5,5.0,Champions
CUST-012837,1,22.85674443364205,92,5,3,2,3.3333333333333335,Other
CUST-012838,1,12.9734354654893,706,1,3,1,1.6666666666666667,Other
CUST-012839,2,104.37300754827827,253,3,5,4,4.0,Potential Loyalists
CUST-012840,2,59.99276164791798,280,3,5,3,3.6666666666666665,Potential Loyalists
CUST-012841,1,92.5243389338573,483,2,3,4,3.0,Other
CUST-012842,1,29.362046121994116,400,2,3,2,2.3333333333333335,Other
CUST-012843,1,11.216465626942222,210,4,3,1,2.6666666666666665,Other
CUST-012844,2,87.33964731034848,278,3,5,4,4.0,Potential Loyalists
CUST-012845,1,8.378844257979496,89,5,3,1,3.0,Other
CUST-012846,2,111.40358141081192,23,5,5,4,4.666666666666667,Champions
CUST-012847,2,243.92146411804157,381,2,5,5,4.0,Other
CUST-012848,2,71.24295398844735,49,5,5,3,4.333333333333333,Potential Loyalists
CUST-012849,1,24.697698384681672,567,1,3,2,2.0,Other
CUST-012850,1,13700.835312745294,557,1,3,5,3.0,Other
CUST-012851,1,45.86688298817331,605,1,3,3,2.3333333333333335,Other
CUST-012852,3,406.41412357701637,37,5,5,5,5.0,Champions
CUST-012853,2,14.155603420369083,81,5,5,1,3.6666666666666665,Other
CUST-012854,2,30.518258591686596,171,4,5,2,3.6666666666666665,Other
CUST-012855,1,14.222451698547246,254,3,3,1,2.3333333333333335,Other
CUST-012856,2,91.73116605273468,594,1,5,4,3.3333333333333335,Other
CUST-012857,3,45.70869861952213,130,4,5,3,4.0,Potential Loyalists
CUST-012858,3,194.66053329030788,284,3,5,5,4.333333333333333,Potential Loyalists
CUST-012859,1,365.485748497674,151,4,3,5,4.0,Potential Loyalists
CUST-012860,1,99.71749384973856,373,2,3,4,3.0,Other
CUST-012861,1,24.561404978422026,574,1,3,2,2.0,Other
CUST-012862,1,68.77845536038409,149,4,3,3,3.3333333333333335,Potential Loyalists
CUST-012863,1,14.810366690860404,424,2,3,1,2.0,Other
CUST-012864,1,79.28038483006843,241,3,3,3,3.0,Potential Loyalists
CUST-012865,1,79.71175987660713,578,1,3,3,2.3333333333333335,Other
CUST-012866,1,15.641937783722144,283,3,3,1,2.3333333333333335,Other
CUST-012867,2,14751.349220192491,21,5,5,5,5.0,Champions
CUST-012868,1,25.229283320534524,97,5,3,2,3.3333333333333335,Other
CUST-012869,3,86.27907236142114,298,3,5,4,4.0,Potential Loyalists
CUST-012870,3,46.59254396865467,65,5,5,3,4.333333333333333,Potential Loyalists
CUST-012871,1,3.4224430960210817,132,4,3,1,2.6666666666666665,Other
CUST-012872,2,16.24829435548355,160,4,5,1,3.3333333333333335,Other
CUST-012873,1,109.95326058890583,481,2,3,4,3.0,Other
CUST-012874,2,18.55457720074113,148,4,5,1,3.3333333333333335,Other
CUST-012875,1,20.416848001808308,438,2,3,2,2.3333333333333335,Other
CUST-012876,4,122.04028324215506,99,5,5,4,4.666666666666667,Champions
CUST-012877,1,93.6903381406656,456,2,3,4,3.0,Other
CUST-012878,1,3.3944249935504818,517,2,3,1,2.0,Other
CUST-012879,1,13.101538070340537,616,1,3,1,1.6666666666666667,Other
CUST-012881,4,41.28817045226298,175,4,5,2,3.6666666666666665,Other
CUST-012882,1,392.6658640480379,138,4,3,5,4.0,Potential Loyalists
CUST-012883,1,33.27871904376085,481,2,3,2,2.3333333333333335,Other
CUST-012884,2,9.432488389362,455,2,5,1,2.6666666666666665,Other
CUST-012885,1,29.352375107762605,527,1,3,2,2.0,Other
CUST-012886,1,588.1759053712499,546,1,3,5,3.0,Other
CUST-012887,1,25.270709884041526,58,5,3,2,3.3333333333333335,Other
CUST-012888,1,18.793152468421507,426,2,3,1,2.0,Other
CUST-012889,1,238.6269172935599,690,1,3,5,3.0,Other
CUST-012890,1,66.54348055051489,208,4,3,3,3.3333333333333335,Potential Loyalists
CUST-012891,1,304.1101598692823,194,4,3,5,4.0,Potential Loyalists
CUST-012892,1,13888.46841156726,405,2,3,5,3.3333333333333335,Other
CUST-012893,1,16.78731719049874,607,1,3,1,1.6666666666666667,Other
CUST-012894,3,150.76550692727162,317,3,5,4,4.0,Potential Loyalists
CUST-012895,2,134.71814931781194,243,3,5,4,4.0,Potential Loyalists
CUST-012896,2,82.04248949022566,33,5,5,4,4.666666666666667,Champions
CUST-012897,1,9.393055412770927,126,4,3,1,2.6666666666666665,Other
CUST-012898,1,21.8889323223132,357,3,3,2,2.6666666666666665,Other
CUST-012899,1,31.51634199398483,273,3,3,2,2.6666666666666665,Other
CUST-012900,1,7039.260790250479,509,2,3,5,3.3333333333333335,Other
CUST-012901,1,192.91326479605564,648,1,3,5,3.0,Other
CUST-012902,2,112.73476513837903,126,4,5,4,4.333333333333333,Champions
CUST-012903,1,40.13622901207702,1,5,3,2,3.3333333333333335,Other
CUST-012904,3,6129.566135024546,413,2,5,5,4.0,Other
CUST-012905,1,14.32050677401777,102,5,3,1,3.0,Other
CUST-012906,2,47.56851845974744,38,5,5,3,4.333333333333333,Potential Loyalists
CUST-012907,2,19.561506799657863,147,4,5,2,3.6666666666666665,Other
CUST-012908,1,164.55150542886582,199,4,3,5,4.0,Potential Loyalists
CUST-012909,1,172.64669389496694,345,3,3,5,3.6666666666666665,Potential Loyalists
CUST-012910,3,115.38804166694895,9,5,5,4,4.666666666666667,Champions
CUST-012911,2,182.56872175228912,68,5,5,5,5.0,Champions
CUST-012912,1,126.53787433730756,574,1,3,4,2.6666666666666665,Other
CUST-012913,2,65.8227701891368,648,1,5,3,3.0,Other
CUST-012914,2,461.5731887558438,175,4,5,5,4.666666666666667,Champions
CUST-012915,1,7.596956408702416,195,4,3,1,2.6666666666666665,Other
CUST-012916,3,345.93745504450044,168,4,5,5,4.666666666666667,Champions
CUST-012917,3,7032.869499415452,352,3,5,5,4.333333333333333,Potential Loyalists
CUST-012918,3,173.27289150682887,63,5,5,5,5.0,Champions
CUST-012919,1,4.911122623454547,127,4,3,1,2.6666666666666665,Other
CUST-012920,1,29.778604307232353,709,1,3,2,2.0,Other
CUST-012921,2,66.74379767082918,54,5,5,3,4.333333333333333,Potential Loyalists
CUST-012922,1,30.86816948895416,694,1,3,2,2.0,Other
CUST-012923,1,12.165017562066812,282,3,3,1,2.3333333333333335,Other
CUST-012924,1,7.555513988347392,656,1,3,1,1.6666666666666667,Other
CUST-012925,2,32.8842306242129,569,1,5,2,2.6666666666666665,Other
CUST-012926,2,126.94567752239757,30,5,5,4,4.666666666666667,Champions
CUST-012927,1,76.99289059512148,0,5,3,3,3.6666666666666665,Potential Loyalists
CUST-012928,1,14.078471916779062,510,2,3,1,2.0,Other
CUST-012929,2,134.56874904684315,383,2,5,4,3.6666666666666665,Other
CUST-012930,1,13.886905744002307,342,3,3,1,2.3333333333333335,Other
CUST-012931,1,33.87114985728999,139,4,3,2,3.0,Other
CUST-012932,3,100.38055210330162,106,4,5,4,4.333333333333333,Champions
CUST-012933,1,31.72137753618927,247,3,3,2,2.6666666666666665,Other
CUST-012934,1,36.66413065538427,293,3,3,2,2.6666666666666665,Other
CUST-012935,1,68.8479375441425,271,3,3,3,3.0,Potential Loyalists
CUST-012936,2,524.4414487758384,10,5,5,5,5.0,Champions
CUST-012937,3,60.3757164073921,132,4,5,3,4.0,Potential Loyalists
CUST-012938,2,209.21004038466074,188,4,5,5,4.666666666666667,Champions
CUST-012939,2,152.88992843804283,122,4,5,4,4.333333333333333,Champions
CUST-012940,1,724.9012389995034,399,2,3,5,3.3333333333333335,Other
CUST-012941,1,73.95058267721039,142,4,3,3,3.3333333333333335,Potential Loyalists
CUST-012942,2,62.81459997839788,26,5,5,3,4.333333333333333,Potential Loyalists
CUST-012943,2,69.66550932603732,475,2,5,3,3.3333333333333335,Other
CUST-012944,2,19.421013360045183,41,5,5,2,4.0,Other
CUST-012945,2,7518.734548678722,246,3,5,5,4.333333333333333,Potential Loyalists
CUST-012946,1,56.61933688172373,604,1,3,3,2.3333333333333335,Other
CUST-012947,3,41.11893963452851,23,5,5,2,4.0,Other
CUST-012948,1,13.146983659163864,494,2,3,1,2.0,Other
CUST-012949,2,65.79484089119549,346,3,5,3,3.6666666666666665,Potential Loyalists
CUST-012950,1,34.37346867054216,57,5,3,2,3.3333333333333335,Other
CUST-012951,2,51.802905869914596,251,3,5,3,3.6666666666666665,Potential Loyalists
CUST-012952,2,363.00759289930807,201,4,5,5,4.666666666666667,Champions
CUST-012953,1,52.4588747290348,372,2,3,3,2.6666666666666665,Other
CUST-012954,1,12.4636688656329,689,1,3,1,1.6666666666666667,Other
CUST-012956,1,48.218090462224666,646,1,3,3,2.3333333333333335,Other
CUST-012957,2,154.69053643622158,389,2,5,4,3.6666666666666665,Other
CUST-012958,1,5.23590557631901,18,5,3,1,3.0,Other
CUST-012959,1,480.1830920983747,295,3,3,5,3.6666666666666665,Potential Loyalists
CUST-012960,1,22.56743797318527,342,3,3,2,2.6666666666666665,Other
CUST-012961,2,110.94411900526148,169,4,5,4,4.333333333333333,Champions
CUST-012962,3,563.2049136811323,361,2,5,5,4.0,Other
CUST-012963,2,16.5505147049626,457,2,5,1,2.6666666666666665,Other
CUST-012964,1,20.959942275228197,404,2,3,2,2.3333333333333335,Other
CUST-012965,1,8.551377586154082,374,2,3,1,2.0,Other
CUST-012966,1,34.019663771074214,49,5,3,2,3.3333333333333335,Other
CUST-012967,2,551.9209860460873,29,5,5,5,5.0,Champions
CUST-012968,1,7.906200652054709,550,1,3,1,1.6666666666666667,Other
CUST-012969,2,57.111269447397646,220,3,5,3,3.6666666666666665,Potential Loyalists
CUST-012970,1,37.964073278468405,702,1,3,2,2.0,Other
CUST-012971,1,6.946570915524282,364,2,3,1,2.0,Other
CUST-012972,2,34.97272787856084,208,4,5,2,3.6666666666666665,Other
CUST-012973,3,255.82331063147623,466,2,5,5,4.0,Other
CUST-012974,1,15.830378777180275,503,2,3,1,2.0,Other
CUST-012975,1,2.686828449228338,426,2,3,1,2.0,Other
CUST-012976,2,187.45321549949074,411,2,5,5,4.0,Other
CUST-012977,1,4.2968383748935235,558,1,3,1,1.6666666666666667,Other
CUST-012978,3,72.68869679973986,3,5,5,3,4.333333333333333,Potential Loyalists
CUST-012979,1,16.729373035659826,491,2,3,1,2.0,Other
CUST-012981,1,24.312671111564736,125,4,3,2,3.0,Other
CUST-012982,1,260.06544564421813,644,1,3,5,3.0,Other
CUST-012983,2,75.25659555433492,548,1,5,3,3.0,Other
CUST-012984,1,7.921331477540053,611,1,3,1,1.6666666666666667,Other
CUST-012985,2,189.38098397055307,515,2,5,5,4.0,Other
CUST-012986,1,8.741197015918127,595,1,4,1,2.0,Other
CUST-012987,1,196.53092312377464,114,4,4,5,4.333333333333333,Champions
CUST-012988,3,279.7913608792776,345,3,5,5,4.333333333333333,Potential Loyalists
CUST-012989,1,18.15642626601535,622,1,4,1,2.0,Other
CUST-012990,2,286.3490725124416,169,4,5,5,4.666666666666667,Champions
CUST-012991,2,56.29831031666879,291,3,5,3,3.6666666666666665,Potential Loyalists
CUST-012992,3,151.44232775634362,82,5,5,4,4.666666666666667,Champions
CUST-012993,1,13403.04861094886,94,5,4,5,4.666666666666667,Champions
CUST-012994,2,195.30319446634232,106,4,5,5,4.666666666666667,Champions
CUST-012995,2,64.59927815735213,116,4,5,3,4.0,Potential Loyalists
CUST-012996,1,27.908451806214515,258,3,4,2,3.0,Other
CUST-012997,2,24.663321004441414,213,4,5,2,3.6666666666666665,Other
CUST-012998,3,108.82366283057382,94,5,5,4,4.666666666666667,Champions
CUST-012999,1,10.605229817314042,535,1,4,1,2.0,Other
CUST-013000,2,28.458198956596654,152,4,5,2,3.6666666666666665,Other
